"acc_mean","acc_std","acc_min","acc_max","hr_mean","hr_std","hr_min","hr_max","steps_sum","t","subject_id"
"1.000002359562497","0.0420000000000","0.8740023595625","1.1680023595625","69.00000000","1.90000000","66.00000000","72.80000000","1","0","9001002"
"1.0000294232623803","0.0539582798395","0.8324239786103","1.2198486359004","74.73060513","2.25874840","71.00000000","79.24810192","2","30","9001002"
"1.0000518824759153","0.0639343748918","0.8048530204178","1.2631008403404","72.39573738","2.55803125","69.00000000","77.51179988","0","60","9001002"
"1.0001204930316503","0.0702746640580","0.7855780797962","1.2906440372828","72.71842106","2.74823992","69.00000000","78.21490091","0","90","9001002"
"1.000026428143919","0.0719281914396","0.7786427223664","1.2977152577154","74.59913146","2.79784574","70.00000000","80.19482295","0","120","9001002"
"0.9999233658943272","0.0686208710590","0.7936601627682","1.2832804738167","69.40058995","2.69862613","65.00000000","74.79784221","0","150","9001002"
"0.9999041581478436","0.0609009188999","0.8113648957098","1.2498081400473","74.83650574","2.46702757","71.00000000","79.77056087","0","180","9001002"
"1.000027061854352","0.0500479815279","0.8468252171898","1.2029016484752","72.05790008","2.14143945","69.00000000","76.34077897","0","210","9001002"
"0.9997761731294884","0.0461389760181","0.8573347339473","1.1857117358747","73.02451113","2.02416928","70.00000000","77.07284969","0","240","9001002"
"0.9994332748898392","0.0576398637106","0.8210710123370","1.2352060176359","74.44267142","2.36919591","71.00000000","79.18106324","0","270","9001002"
"0.9992696607279332","0.0665483133319","0.7988253284836","1.2736456851663","69.79939225","2.63644940","66.00000000","75.07229105","0","300","9001002"
"0.9992143154734148","0.0713876749329","0.7791349299875","1.2945609068491","74.91636069","2.78163025","71.00000000","80.47962118","0","330","9001002"
"0.9991227107610492","0.0713557838982","0.7823489422969","1.2943311076534","71.70641677","2.78067352","68.00000000","77.26776380","0","360","9001002"
"0.999114821859118","0.0664579264335","0.7954284009172","1.2730991697376","73.31264164","2.63373779","69.00000000","78.58011723","0","390","9001002"
"1.002929151640306","0.0575059633319","0.8251493384148","1.2381216594120","74.26192323","2.36517890","71.00000000","78.99228103","0","420","9001002"
"1.0006826528763195","0.0459837572656","0.8615367538537","1.1859456010271","70.19462723","2.01951272","67.00000000","74.23365266","0","450","9001002"
"0.9928325893104724","0.0501987898493","0.8362664061382","1.1963606786575","74.96981362","2.14596370","72.00000000","79.26174102","0","480","9001002"
"0.9928176017148056","0.0610223190510","0.8074077886041","1.2432476509357","71.34285596","2.47066957","68.00000000","76.28419510","0","510","9001002"
"0.9927230372651892","0.0686927399505","0.7820632906059","1.2763915770507","73.58152681","2.70078220","70.00000000","78.98309120","0","540","9001002"
"0.992790380936874","0.0719386162023","0.7719168388483","1.2905243844802","74.05769348","2.79815849","70.00000000","79.65401045","0","570","9001002"
"0.9926903587267778","0.0702219167004","0.7804400774973","1.2829853310951","70.58453113","2.74665750","66.00000000","76.07784613","0","600","9001002"
"0.9927116650936608","0.0638271987291","0.7952334428929","1.2552961929200","74.99662601","2.55481596","71.00000000","80.10625794","0","630","9001002"
"0.9926422559354025","0.0538144402161","0.8292300952357","1.2118381635386","70.96884005","2.25443321","68.00000000","75.47770646","0","660","9001002"
"0.99269226022136","0.0421566604649","0.8613923121114","1.1613711222359","73.82996672","1.90469981","71.00000000","77.63936634","0","690","9001002"
"0.9926389579118198","0.0541017933651","0.8255026842561","1.2130800624938","73.83089356","2.26305380","70.00000000","78.35700116","0","720","9001002"
"0.993094510693627","0.0640409529121","0.7990042879642","1.2566053066463","70.96736399","2.56122859","67.00000000","76.08982117","0","750","9001002"
"0.993783869828256","0.0703266403758","0.7768072704978","1.2845326447902","74.99667820","2.74979921","71.00000000","80.49627663","0","780","9001002"
"0.9939501314216408","0.0719169505461","0.7766132416711","1.2915902504547","70.58603811","2.79750852","66.00000000","76.18105515","0","810","9001002"
"0.993749838932749","0.0685482762261","0.7830481575642","1.2767923692460","74.05685269","2.69644829","70.00000000","79.44974926","0","840","9001002"
"0.9937354120198004","0.0607790033277","0.8068158664659","1.2431110931064","73.58253557","2.46337010","70.00000000","78.50927577","0","870","9001002"
"0.993689867279169","0.0498969537410","0.8416575886444","1.1959100001567","71.34141741","2.13690861","68.00000000","75.61523464","0","900","9001002"
"0.9937970609338144","0.0462940819023","0.8489448452666","1.1804047491773","74.96996996","2.02882246","72.00000000","79.02761487","2","930","9001002"
"0.993736928121697","0.0577733375960","0.8192207569232","1.2300880577044","70.19615841","2.37320013","67.00000000","74.94255867","1","960","9001002"
"0.9937356453966564","0.0666380308069","0.7885603807318","1.2685004455599","74.26117224","2.63914092","70.00000000","79.53945409","0","990","9001002"
"0.9936760824655668","0.0714187645764","0.7751060609157","1.2891573956299","73.31372782","2.78256294","69.00000000","78.87885370","0","1020","9001002"
"0.9937092468059469","0.0713230923422","0.7770349476237","1.2887759802888","71.70502216","2.77969277","68.00000000","77.26440770","0","1050","9001002"
"0.9936632041703352","0.0663668725764","0.7886459659693","1.2672529853348","74.91662047","2.63100618","71.00000000","80.17863283","0","1080","9001002"
"0.99372953239547","0.0573716401113","0.8208136712609","1.2283399728778","69.80094080","2.36114920","66.00000000","74.52323921","0","1110","9001002"
"0.9936339641420432","0.0458284298774","0.8507066609171","1.1782238269442","74.44201359","2.01485290","71.00000000","78.47171939","0","1140","9001002"
"0.993630221989658","0.0503493745928","0.8385564283353","1.1978108452249","73.02566988","2.15048124","70.00000000","77.32663235","0","1170","9001002"
"0.9934859266543812","0.0611432004704","0.8069997696204","1.2444397953596","72.05655562","2.47429601","68.00000000","77.00514765","0","1200","9001002"
"0.993577351713942","0.0687638809408","0.7814488410793","1.2775541691242","74.83686781","2.70291643","71.00000000","80.24270067","0","1230","9001002"
"0.9934946403487864","0.0719482245500","0.7772478177404","1.2912702800655","69.40214896","2.79844674","65.00000000","74.99904243","0","1260","9001002"
"0.993656317712654","0.0701683997416","0.7775525487647","1.2837193832594","74.59856972","2.74505199","70.00000000","80.08867371","0","1290","9001002"
"0.9936018612918864","0.0637194273468","0.7987239320436","1.2557193797947","72.71964721","2.55158282","69.00000000","77.82281285","0","1320","9001002"
"0.9935146031898512","0.0536702784173","0.8291093188583","1.2120858096647","72.39444908","2.25010835","69.00000000","76.89466578","0","1350","9001002"
"0.993267877026246","0.0423133166577","0.8605968591723","1.1626255825431","74.73106788","1.90939950","72.00000000","78.54986688","0","1380","9001002"
"0.9933068225677868","0.0542449768791","0.8305703294211","1.2143683890441","69.00156251","2.26734931","66.00000000","73.53626112","0","1410","9001002"
"0.9931706009569482","0.0641469298838","0.7949996693079","1.2571406304535","74.73014200","2.56440790","71.00000000","79.85895779","0","1440","9001002"
"0.992608629239126","0.0703778442367","0.7780780710739","1.2835792875980","72.39702546","2.75133533","68.00000000","77.89969611","0","1470","9001002"
"0.9925504372433058","0.0719048938284","0.7731185610951","1.2901383104995","72.71719466","2.79714681","69.00000000","78.31148829","0","1500","9001002"
"0.9925633676651114","0.0684749574316","0.7815388025559","1.2752881832019","74.59969281","2.69424872","71.00000000","79.98819026","0","1530","9001002"
"0.9925251504526976","0.0606565756590","0.8101563925631","1.2413703116416","69.39903091","2.45969727","66.00000000","74.31842545","0","1560","9001002"
"0.992508818932358","0.0497457106070","0.8374355438424","1.1940735648962","74.83614327","2.13237132","72.00000000","79.10088591","0","1590","9001002"
"0.992417761931952","0.0464490706885","0.8500113055347","1.1796970682489","72.05924433","2.03347212","69.00000000","76.12618857","0","1620","9001002"
"0.9924827276059778","0.0018000000000","0.9830593754993","1.0049848547221","55.00000000","0.63507125","54.00000000","56.27014250","0","1650","9001002"
"0.9923482849791668","0.0018000000000","0.9815049560990","1.0077906437831","59.00000000","2.76781229","55.00000000","64.53562458","0","1680","9001002"
"0.9924508834256917","0.0020178610231","0.9855994567142","1.0103386781785","57.00000000","0.66449576","56.00000000","58.32899151","0","1710","9001002"
"0.9922343382870646","0.0018000000000","0.9809182377854","1.0091975386725","57.00000000","1.83183573","54.00000000","60.66367146","0","1740","9001002"
"0.9923531143484444","0.0018000000000","0.9842453031487","1.0076448324297","56.00000000","0.65709255","55.00000000","57.31418511","0","1770","9001002"
"0.99230846079466","0.0018000000000","0.9825969056249","1.0045874266986","57.00000000","0.80465367","56.00000000","58.60930734","0","1800","9001002"
"0.992287109341946","0.0018000000000","0.9816244354835","1.0007114420384","60.00000000","1.28389342","58.00000000","62.56778684","0","1830","9001002"
"0.9921783847689716","0.0018000000000","0.9855852888086","1.0022116286529","58.00000000","0.89642003","57.00000000","59.79284005","0","1860","9001002"
"0.9922082000021676","0.0018000000000","0.9808385431185","1.0058293866228","62.00000000","2.04736660","59.00000000","66.09473319","0","1890","9001002"
"0.9921160085863328","0.0018000000000","0.9843717142415","1.0082607726163","61.00000000","1.67127766","58.00000000","64.34255532","0","1920","9001002"
"0.992190520952534","0.0018000000000","0.9822100032186","1.0093761930261","60.00000000","1.67127766","57.00000000","63.34255532","0","1950","9001002"
"0.9920812436796392","0.0018000000000","0.9816227097495","1.0086526152266","62.00000000","1.30044748","60.00000000","64.60089497","0","1980","9001002"
"0.9921402688572176","0.0280851630524","0.9063017556632","1.1116846089613","65.05534936","1.70425815","62.00000000","68.46386566","0","2010","9001002"
"0.9921036478612704","0.0233787059080","0.9159709567202","1.0894604042845","67.99771561","1.46893530","66.00000000","70.93558620","0","2040","9001002"
"0.9922130180910674","0.0182193166764","0.9355847520856","1.0652469395654","65.31354398","1.21096583","63.00000000","67.73547565","0","2070","9001002"
"0.992032886952582","0.0237809856894","0.9158608903422","1.0912861052025","67.21935969","1.48904928","65.00000000","70.19745826","0","2100","9001002"
"0.9921063337618792","0.0283844080279","0.9021212896000","1.1130614001790","67.22121339","1.71922040","65.00000000","70.65965419","0","2130","9001002"
"0.992105028998602","0.0018000000000","0.9847391411975","1.0087811204133","62.00000000","0.56403934","61.00000000","63.12807867","0","2160","9001002"
"0.9920613124828476","0.0018000000000","0.9806645824970","1.0092253196879","62.00000000","1.13518437","60.00000000","64.27036873","0","2190","9001002"
"0.9919289603292052","0.0018000000000","0.9849414153405","1.0079292658874","60.00000000","2.09028500","57.00000000","64.18057000","0","2220","9001002"
"0.9921091004188194","0.0018000000000","0.9816530888631","1.0054869801629","63.00000000","0.55000000","62.00000000","64.10000000","0","2250","9001002"
"0.9919865631673572","0.0018000000000","0.9820030191441","1.0017179819175","63.00000000","0.66449576","62.00000000","64.32899151","0","2280","9001002"
"0.9920725827497622","0.0018000000000","0.9843326040426","1.0008072287998","60.00000000","2.15713015","57.00000000","64.31426029","0","2310","9001002"
"0.9920739244993668","0.0018000000000","0.9807037986082","1.0046202549458","61.00000000","1.17899151","59.00000000","63.35798302","0","2340","9001002"
"0.992037312086234","0.0018000000000","0.9854396225724","1.0075091279924","61.00000000","0.55000000","60.00000000","62.10000000","0","2370","9001002"
"0.991845960014048","0.0018000000000","0.9811855391122","1.0088721387877","62.00000000","0.66449576","61.00000000","63.32899151","0","2400","9001002"
"0.9920636553512724","0.0018000000000","0.9823488416439","1.0090154257692","62.00000000","0.55000000","61.00000000","63.10000000","0","2430","9001002"
"0.9920084240480084","0.0018000000000","0.9839047966896","1.0072693486935","61.00000000","1.80615734","58.00000000","64.61231468","0","2460","9001002"
"0.992050633095373","0.0018000000000","0.9807337532404","1.0042845463646","62.00000000","1.79495664","59.00000000","65.58991328","0","2490","9001002"
"0.991928114496044","0.0018000000000","0.9857256251976","1.0003006032094","62.00000000","1.60521375","60.00000000","65.21042750","0","2520","9001002"
"0.9919775109790628","0.0018000000000","0.9811361555838","1.0020607966212","63.00000000","0.55000000","62.00000000","64.10000000","0","2550","9001002"
"0.9918825892800652","0.0613833939431","0.8037055790994","1.2438772963669","73.02682835","2.48150182","69.00000000","77.98983199","0","2580","9001002"
"0.9921628994873332","0.0689039714779","0.7823957740966","1.2767467758914","72.05521096","2.70711914","68.00000000","77.46944925","0","2610","9001002"
"0.99184757907608","0.0719649909745","0.7701153766626","1.2896958732988","74.83722949","2.79894973","71.00000000","80.43512895","0","2640","9001002"
"0.9919214857254738","0.0700590628786","0.7813405891494","1.2815107581992","69.40370794","2.74177189","65.00000000","74.88725171","0","2670","9001002"
"0.9919224510878268","0.0635021106948","0.7958181113953","1.2530982640987","74.59800761","2.54506332","71.00000000","79.68813425","0","2700","9001002"
"0.991913057392478","0.0533810040269","0.8280491722099","1.2092307415090","72.72087310","2.24143012","69.00000000","77.20373334","0","2730","9001002"
"0.9918180655944444","0.0426265991396","0.8605451076290","1.1625333285326","72.39316055","1.91879797","70.00000000","76.23075650","0","2760","9001002"
"0.99192579844976","0.0018000000000","0.9807942682104","1.0033025778710","62.00000000","1.13518437","60.00000000","64.27036873","0","2790","9001002"
"0.9918012723334312","0.0018000000000","0.9863981473151","1.0064536287127","59.00000000","0.91696499","58.00000000","60.83392998","0","2820","9001002"
"0.9919083042369342","0.0018000000000","0.9807786257639","1.0086009472446","60.00000000","0.56403934","59.00000000","61.12807867","0","2850","9001002"
"0.991840476690989","0.0018000000000","0.9830421633935","1.0089999214435","62.00000000","0.55000000","61.00000000","63.10000000","0","2880","9001002"
"0.9919055359877242","0.0018000000000","0.9827895679752","1.0078809213125","61.00000000","0.91696499","60.00000000","62.83392998","0","2910","9001002"
"0.9917763058745672","0.0018000000000","0.9807760520840","1.0051130383413","63.00000000","0.56403934","62.00000000","64.12807867","0","2940","9001002"
"0.9918809597743854","0.0018000000000","0.9860834879252","1.0015618247081","62.00000000","0.93590525","61.00000000","63.87181050","0","2970","9001002"
"0.9917403733222292","0.0018000000000","0.9805045929188","1.0005266000103","64.00000000","2.73567482","60.00000000","69.47134964","0","3000","9001002"
"0.99186884517747","0.0018000000000","0.9834082568024","1.0044592331618","61.00000000","2.37967006","57.00000000","65.75934012","0","3030","9001002"
"0.9917411765663576","0.0018000000000","0.9823189837537","1.0072422240054","63.00000000","1.68392998","60.00000000","66.36785996","0","3060","9001002"
"0.9918838782227816","0.0018000000000","0.9810398922526","1.0089196171534","64.00000000","0.55000000","63.00000000","65.10000000","0","3090","9001002"
"0.9917466139540309","0.0018000000000","0.9855503189723","1.0086866884772","63.00000000","0.56403934","62.00000000","64.12807867","0","3120","9001002"
"0.9918090600398102","0.0018000000000","0.9804932201250","1.0070389714311","62.00000000","1.72181050","59.00000000","65.44362099","0","3150","9001002"
"0.9916555290226464","0.0018000000000","0.9835463235763","1.0038442523841","60.00000000","1.24812675","58.00000000","62.49625349","0","3180","9001002"
"0.991771032003274","0.0018000000000","0.9820605635977","1.0000916447602","61.00000000","1.07582010","59.00000000","63.15164020","0","3210","9001002"
"0.9916676405747268","0.0018000000000","0.9810042164445","1.0018008893489","62.00000000","0.66449576","61.00000000","63.32899151","0","3240","9001002"
"0.9918505265124016","0.0018000000000","0.9852589618986","1.0055514263279","62.00000000","0.66449576","61.00000000","63.32899151","0","3270","9001002"
"0.9917806300821655","0.0018000000000","0.9804111303440","1.0079716024836","61.00000000","1.68392998","58.00000000","64.36785996","0","3300","9001002"
"0.9915157670578426","0.0073996724321","0.9669710171888","1.0311051729841","62.00000000","1.89894926","59.00000000","65.79789853","0","3330","9001002"
"0.989538698216496","0.0080934808988","0.9606787471707","1.0312470371303","83.00000000","19.13044106","54.00000000","121.26088212","0","3360","9001002"
"0.9988989512496652","0.0674996658807","0.7913405795720","1.2760284718896","89.00000000","5.51875492","81.00000000","100.03750984","0","3390","9001002"
"0.992373269534104","0.0088586271443","0.9642158712632","1.0315530778859","93.00000000","3.69964787","87.00000000","100.39929574","0","3420","9001002"
"0.9924710468990314","0.0023219602775","0.9795086456522","1.0020199603043","81.00000000","9.55972142","67.00000000","100.11944283","0","3450","9001002"
"0.9924490095389606","0.0018193634472","0.9850191274298","1.0039506327786","61.00000000","7.34476934","50.00000000","75.68953868","0","3480","9001002"
"0.9923420603582346","0.0018542861503","0.9819510898654","1.0072462801894","58.00000000","1.95475562","55.00000000","61.90951125","0","3510","9001002"
"0.992723748570848","0.0023203888637","0.9809298357115","1.0115142397653","63.00000000","0.80465367","62.00000000","64.60930734","0","3540","9001002"
"0.9921647124399604","0.0020839471061","0.9839484596458","1.0104551115739","58.00000000","0.63507125","57.00000000","59.27014250","0","3570","9001002"
"0.992082331510579","0.0020929796730","0.9798066111295","1.0092044759925","58.00000000","2.58141208","54.00000000","63.16282416","0","3600","9001002"
"0.9919934870477376","0.0029780754946","0.9814702088063","1.0100012068692","54.00000000","0.63507125","53.00000000","55.27014250","0","3630","9001002"
"0.9918390755442106","0.0018000000000","0.9813839054658","1.0014693190093","55.00000000","0.55000000","54.00000000","56.10000000","0","3660","9001002"
"0.991862397035014","0.0018000000000","0.9818778448703","1.0007001611052","56.00000000","2.39880921","52.00000000","60.79761842","0","3690","9001002"
"0.9917747356584984","0.0018000000000","0.9840361958148","1.0044090341869","58.00000000","2.24340702","55.00000000","62.48681404","0","3720","9001002"
"0.9918790835527176","0.0018000000000","0.9805088021355","1.0074091361581","57.00000000","0.66449576","56.00000000","58.32899151","0","3750","9001002"
"0.9916857048720412","0.0018000000000","0.9850864843360","1.0087307357427","60.00000000","5.10983871","52.00000000","70.21967741","0","3780","9001002"
"0.9918252454629296","0.0018000000000","0.9811655762602","1.0087533584831","58.00000000","0.63507125","57.00000000","59.27014250","0","3810","9001002"
"0.991720624610218","0.0021758213646","0.9808772612149","1.0084225892330","57.00000000","1.13518437","55.00000000","59.27036873","0","3840","9001002"
"0.9917984378225976","0.0018425340456","0.9835686033082","1.0041119714180","55.00000000","0.56403934","54.00000000","56.12807867","0","3870","9001002"
"0.991431291000803","0.0041418402439","0.9730886314322","1.0090673582181","57.00000000","0.63507125","56.00000000","58.27014250","0","3900","9001002"
"0.991407212919608","0.0018000000000","0.9852031751777","1.0015903448372","57.00000000","0.85710678","56.00000000","58.71421356","0","3930","9001002"
"0.9912598160350988","0.0018000000000","0.9804191192063","1.0050003070745","58.00000000","0.91696499","57.00000000","59.83392998","0","3960","9001002"
"0.9913697069578882","0.0018000000000","0.9819417204045","1.0075834160877","61.00000000","0.85710678","60.00000000","62.71421356","0","3990","9001002"
"0.9913129630680276","0.0319899614793","0.8922892125457","1.1292656386132","66.03591072","1.89949807","63.00000000","69.83490687","0","4020","9001002"
"0.9912120632555969","0.0310417771844","0.8922491409303","1.1246947271250","67.89172718","1.85208886","65.00000000","71.59590490","0","4050","9001002"
"0.991155864765316","0.0279318093655","0.9069551697740","1.1099772517739","64.27017793","1.69659047","62.00000000","67.66335887","0","4080","9001002"
"0.9912985990813016","0.0231755611702","0.9161744704575","1.0876976731693","67.73163008","1.45877806","66.00000000","70.64918619","0","4110","9001002"
"0.9912039237982636","0.0184385795276","0.9321660864720","1.0652715129997","66.48139916","1.22192898","65.00000000","68.92525712","0","4140","9001002"
"0.9912650146850152","0.0018447745205","0.9823388193401","1.0029155570559","60.00000000","1.17899151","58.00000000","62.35798302","0","4170","9001002"
"0.9907816304158166","0.0018000000000","0.9796496382065","1.0055032203266","60.00000000","1.68392998","57.00000000","63.36785996","0","4200","9001002"
"0.9909806152991296","0.0018000000000","0.9855759277719","1.0077055844658","60.00000000","0.63507125","59.00000000","61.27014250","0","4230","9001002"
"0.9900219649444464","0.0223742246134","0.9171700765443","1.0894683686061","66.00000000","4.48012702","59.00000000","74.96025404","0","4260","9001002"
"0.9910659183132104","0.0021247388744","0.9812921007807","1.0082897014504","77.00000000","14.22647182","56.00000000","105.45294363","0","4290","9001002"
"0.9910910668636596","0.0026865120080","0.9793167897296","1.0078910518949","68.00000000","4.26596604","62.00000000","76.53193209","0","4320","9001002"
"0.991323288180096","0.0020560623468","0.9795542867529","1.0019270932919","65.00000000","5.61155394","57.00000000","76.22310788","0","4350","9001002"
"0.9913505102223232","0.0019115548414","0.9852199329394","1.0006859863790","55.00000000","0.67223297","54.00000000","56.34446594","0","4380","9001002"
"0.9916464575128282","0.0018561210340","0.9802426772684","1.0045490025300","55.00000000","0.92459667","54.00000000","56.84919334","0","4410","9001002"
"0.9916891430033368","0.0023026808421","0.9817191682661","1.0092586969861","54.00000000","0.56403934","53.00000000","55.12807867","0","4440","9001002"
"0.991704068656952","0.0019119935644","0.9819470547181","1.0092060972548","60.00000000","4.40993648","53.00000000","68.81987296","0","4470","9001002"
"0.9916157125614184","0.0019973766030","0.9801789400614","1.0093211052085","57.00000000","0.63507125","56.00000000","58.27014250","0","4500","9001002"
"0.9916763361449412","0.0018000000000","0.9854815898777","1.0068435649614","57.00000000","0.55000000","56.00000000","58.10000000","0","4530","9001002"
"0.9915780372565132","0.0021630058248","0.9791734408555","1.0051279972158","56.00000000","2.68546276","52.00000000","61.37092553","0","4560","9001002"
"0.9917618473190298","0.0019128040847","0.9833128355556","1.0004298342412","58.00000000","2.91533159","54.00000000","63.83066319","0","4590","9001002"
"0.9916714808920092","0.0018000000000","0.9819620995428","1.0019044146041","57.00000000","1.12014250","55.00000000","59.24028500","0","4620","9001002"
"0.9916948634883546","0.0018052654828","0.9810148929948","1.0054958293262","59.00000000","0.93590525","58.00000000","60.87181050","0","4650","9001002"
"0.9916150973613016","0.0020106287259","0.9843931779970","1.0086938123225","60.00000000","1.95475562","57.00000000","63.90951125","0","4680","9001002"
"0.9917375626704832","0.0018000000000","0.9803682204827","1.0089322332278","56.00000000","0.85710678","55.00000000","57.71421356","0","4710","9001002"
"0.9915991806901532","0.0018000000000","0.9838520100484","1.0080956216032","58.00000000","2.11396101","55.00000000","62.22792202","0","4740","9001002"
"0.991737019945386","0.0018000000000","0.9817585212909","1.0059942684669","58.00000000","0.97807867","57.00000000","59.95615734","0","4770","9001002"
"0.9915721570130992","0.0018000000000","0.9811119432153","1.0024204152419","58.00000000","1.07354815","56.00000000","60.14709629","0","4800","9001002"
"0.9917498700892085","0.0018000000000","0.9847698605572","0.9993153314335","58.00000000","0.85710678","57.00000000","59.71421356","0","4830","9001002"
"0.991706718714903","0.0018174113919","0.9802580175347","1.0032949669287","59.00000000","0.55000000","58.00000000","60.10000000","0","4860","9001002"
"0.9916932391616274","0.0018150875507","0.9842747090844","1.0065094888449","61.00000000","1.45930734","59.00000000","63.91861468","0","4890","9001002"
"0.9916415348616544","0.0018553162293","0.9812484019598","1.0086035426299","61.00000000","0.66449576","60.00000000","62.32899151","0","4920","9001002"
"0.9917353732482636","0.0018531319201","0.9813423053573","1.0090920293161","60.00000000","0.55000000","59.00000000","61.10000000","0","4950","9001002"
"0.9916501168628364","0.0018171734519","0.9842356614896","1.0076180022368","62.00000000","2.15713015","59.00000000","66.31426029","0","4980","9001002"
"0.991684394005886","0.0018408913846","0.9801648875204","1.0050602506114","59.00000000","1.30044748","57.00000000","61.60089497","0","5010","9001002"
"0.9935848847738394","0.0512891775966","0.8381267935657","1.2010703982545","59.00000000","0.55000000","58.00000000","60.10000000","0","5040","9001002"
"0.9946246424247864","0.0018269939180","0.9840893324124","1.0036733215436","56.00000000","3.24838668","51.00000000","62.49677335","0","5070","9001002"
"0.9946320483606288","0.0018000000000","0.9846464883653","1.0073537222097","54.00000000","1.20559733","52.00000000","56.41119465","0","5100","9001002"
"0.994742691022085","0.0018000000000","0.9870055902003","1.0103300717030","54.00000000","1.39852855","52.00000000","56.79705709","0","5130","9001002"
"0.994392031435966","0.0018000000000","0.9830215948975","1.0114548405295","53.00000000","0.55000000","52.00000000","54.10000000","0","5160","9001002"
"0.994422496270324","0.0018000000000","0.9878217447934","1.0113258907718","52.00000000","1.97305497","49.00000000","55.94610993","0","5190","9001002"
"0.9943047095832956","0.0018000000000","0.9836457924364","1.0094402707884","57.00000000","2.54642591","53.00000000","62.09285182","0","5220","9001002"
"0.9942976321658784","0.0018000000000","0.9845806475630","1.0063499745082","58.00000000","2.02867287","55.00000000","62.05734575","0","5250","9001002"
"0.994168453354718","0.0018000000000","0.9860676161408","1.0023332605528","55.00000000","0.91696499","54.00000000","56.83392998","0","5280","9001002"
"0.9941866032230334","0.0018000000000","0.9828692058055","1.0044692560226","58.00000000","1.07582010","56.00000000","60.15164020","0","5310","9001002"
"0.9942703102089916","0.0020395285520","0.9873461384222","1.0090475617592","55.00000000","1.53266580","53.00000000","58.06533159","0","5340","9001002"
"0.9941693128103224","0.0018000000000","0.9833292749169","1.0104277573818","56.00000000","1.43337790","54.00000000","58.86675579","0","5370","9001002"
"0.9940529331236542","0.0719887168067","0.7740576382211","1.2920040392861","73.02914448","2.79966150","69.00000000","78.62846749","0","5400","9001002"
"0.994280405804753","0.0698312195515","0.7817342261456","1.2828823571945","72.05252100","2.73493659","68.00000000","77.52239418","0","5430","9001002"
"0.994183270388373","0.0630604651434","0.7991639233001","1.2534452860097","74.83795166","2.53181395","71.00000000","79.90157957","0","5460","9001002"
"0.9942386180328004","0.0527987626909","0.8354355041380","1.2090332563600","69.40682582","2.22396288","66.00000000","73.85475158","0","5490","9001002"
"0.9941442705461206","0.0432529248944","0.8587886136240","1.1675736117553","74.59688224","1.93758775","72.00000000","78.47205773","0","5520","9001002"
"0.9942204329390344","0.0550969297111","0.8252063196729","1.2189737950205","72.72332413","2.29290789","69.00000000","77.30913992","0","5550","9001002"
"0.9941870022274512","0.0647700090116","0.7964863924023","1.2608570412778","72.39058279","2.58310027","69.00000000","77.55678333","1","5580","9001002"
"0.9942110419334486","0.0706687690894","0.7764722808747","1.2864423746543","74.73245379","2.76006307","71.00000000","80.25257994","2","5610","9001002"
"0.9941288290934138","0.0018000000000","0.9887225790576","1.0112673094872","60.00000000","1.58427433","58.00000000","63.16854866","0","5640","9001002"
"0.9943590883276584","0.0019725374040","0.9827127258574","1.0109225562129","65.00000000","6.36059003","55.00000000","77.72118007","0","5670","9001002"
"0.9917058376491428","0.0154373806685","0.9419928073532","1.0594258415049","87.00000000","8.52538410","74.00000000","104.05076820","0","5700","9001002"
"0.9960846963953582","0.0257507304393","0.9151189911220","1.1013656051112","87.00000000","8.19673847","75.00000000","103.39347694","0","5730","9001002"
"1.0014272940858586","0.0020831013756","0.9895766153560","1.0115518022220","71.00000000","12.26707594","53.00000000","95.53415189","0","5760","9001002"
"1.001361133276894","0.0128405551092","0.9624451143077","1.0582884899568","64.00000000","2.91533159","60.00000000","69.83066319","0","5790","9001002"
"0.9969631960406796","0.0445794073750","0.8573899204303","1.1836965275673","75.00000000","6.43724198","65.00000000","87.87448397","0","5820","9001002"
"0.9927781033225608","0.0054244899408","0.9734413576611","1.0243473579775","89.00000000","1.80615734","86.00000000","92.61231468","0","5850","9001002"
"0.992684299164494","0.0018000000000","0.9832644257582","1.0095749373243","61.00000000","13.65381210","45.00000000","88.30762420","0","5880","9001002"
"0.9926763518592018","0.0030652835731","0.9780352020972","1.0128411633455","57.00000000","2.63423601","53.00000000","62.26847203","0","5910","9001002"
"0.9928733962381596","0.0018225570035","0.9866125277288","1.0049702399550","63.00000000","3.94240728","57.00000000","70.88481455","0","5940","9001002"
"0.9926570979503956","0.0026685756461","0.9787360534747","1.0042442180376","65.00000000","3.19255532","60.00000000","71.38511063","0","5970","9001002"
"0.992414478237124","0.0018000000000","0.9843024848487","1.0027467660615","61.00000000","1.05453403","59.00000000","63.10906807","0","6000","9001002"
"0.9927340372863204","0.0273214663868","0.9064613441254","1.1086780931099","66.87219600","1.66607332","64.00000000","70.20434264","0","6030","9001002"
"0.9926976935674616","0.0307126188910","0.8952949132915","1.1246286111965","67.50994907","1.83563094","65.00000000","71.18121096","0","6060","9001002"
"0.9928411776818932","0.0319965486081","0.8956630301790","1.1308249068345","64.79233445","1.89982743","62.00000000","68.59198931","0","6090","9001002"
"0.992699183170889","0.0309604334612","0.8938486985549","1.1257983694877","67.97945616","1.84802167","65.00000000","71.67549950","0","6120","9001002"
"0.9928434603053732","0.0277760181918","0.9071667971785","1.1109304032095","65.56573903","1.68880091","63.00000000","68.94334085","0","6150","9001002"
"0.9927333971094116","0.0018000000000","0.9827559084605","1.0034842158485","58.00000000","2.76861468","54.00000000","63.53722937","0","6180","9001002"
"0.9926240271211544","0.0018000000000","0.9821629739042","1.0002938376509","60.00000000","2.00164020","57.00000000","64.00328040","0","6210","9001002"
"0.9928635741317032","0.0044170149457","0.9780340271758","1.0149441986928","60.00000000","2.68546276","56.00000000","65.37092553","0","6240","9001002"
"0.9924373186475224","0.0018000000000","0.9810409054592","1.0072612181981","57.00000000","0.74408853","56.00000000","58.48817705","0","6270","9001002"
"0.9927299627288187","0.0018000000000","0.9853552197799","1.0095014720083","61.00000000","0.56403934","60.00000000","62.12807867","0","6300","9001002"
"0.9927590117912888","0.0018149954259","0.9824877694546","1.0099515548765","60.00000000","0.63507125","59.00000000","61.27014250","0","6330","9001002"
"0.9927258417456852","0.0018000000000","0.9824912440806","1.0085730501999","60.00000000","0.99016805","59.00000000","61.98033610","0","6360","9001002"
"0.9928194773239852","0.0019283342594","0.9850730161199","1.0064613228452","62.00000000","0.55000000","61.00000000","63.10000000","0","6390","9001002"
"0.992690164072835","0.0022834994405","0.9798427828568","1.0040512705381","57.00000000","3.04827535","52.00000000","63.09655070","0","6420","9001002"
"0.9925451947029766","0.0018000000000","0.9855531297314","1.0015886476541","56.00000000","2.59948974","52.00000000","61.19897949","0","6450","9001002"
"0.9926778802556372","0.0018000000000","0.9822243941603","1.0054863271335","60.00000000","1.55407570","58.00000000","63.10815140","0","6480","9001002"
"0.9928328359507858","0.0018000000000","0.9828462684359","1.0084766298303","59.00000000","2.00164020","56.00000000","63.00328040","0","6510","9001002"
"0.992703609440731","0.0018000000000","0.9849679477995","1.0097831209439","61.00000000","1.07354815","59.00000000","63.14709629","0","6540","9001002"
"0.9928477710618562","0.0018000000000","0.9814771798071","1.0097253886199","62.00000000","0.56403934","61.00000000","63.12807867","0","6570","9001002"
"0.992772904439035","0.0018000000000","0.9861706221026","1.0078444820914","61.00000000","0.99016805","60.00000000","62.98033610","0","6600","9001002"
"0.9929238081391848","0.0018000000000","0.9822656434047","1.0048845661279","62.00000000","0.65709255","61.00000000","63.31418511","0","6630","9001002"
"0.991560992189916","0.0208626610678","0.9246549393752","1.0758724393763","63.00000000","0.97807867","62.00000000","64.95615734","0","6660","9001002"
"0.989495957712286","0.0018000000000","0.9813965158455","0.9998777951450","61.00000000","2.00164020","58.00000000","65.00328040","0","6690","9001002"
"0.9896757026322668","0.0020089945620","0.9777310633495","1.0044087425242","58.00000000","4.85606617","51.00000000","67.71213235","0","6720","9001002"
"0.989842501302422","0.0018000000000","0.9836353668374","1.0061446932406","61.00000000","0.99016805","60.00000000","62.98033610","0","6750","9001002"
"0.9901926585108888","0.0214761368384","0.9203248694065","1.0860957637401","61.00000000","1.80615734","58.00000000","64.61231468","0","6780","9001002"
"0.989619287771832","0.0018000000000","0.9801889856337","1.0060568670852","61.00000000","0.86713717","60.00000000","62.73427433","0","6810","9001002"
"0.9895170399080576","0.0018000000000","0.9810658641902","1.0036624347139","61.00000000","1.16418511","59.00000000","63.32837021","0","6840","9001002"
"0.989719007887287","0.0018000000000","0.9784806957389","1.0004209609722","63.00000000","1.12014250","61.00000000","65.24028500","0","6870","9001002"
"0.9897183361841768","0.0018000000000","0.9839099514626","0.9974403028006","60.00000000","1.28759292","58.00000000","62.57518584","0","6900","9001002"
"0.989796142636058","0.0018000000000","0.9787998236513","1.0014555086264","64.00000000","3.42647587","59.00000000","70.85295174","0","6930","9001002"
"0.9897068270558936","0.0018409480120","0.9804594337505","1.0047282073000","71.00000000","3.19255532","66.00000000","77.38511063","0","6960","9001002"
"0.9897804900658124","0.0041669050502","0.9738904813480","1.0160346114511","74.00000000","1.60521375","72.00000000","77.21042750","0","6990","9001002"
"0.9896302082751872","0.0095634558283","0.9552069258075","1.0378104031002","72.00000000","1.17899151","70.00000000","74.35798302","0","7020","9001002"
"0.989647581019908","0.0018000000000","0.9842397684759","1.0054684438528","68.00000000","1.89894926","65.00000000","71.79789853","0","7050","9001002"
"0.9895283947800416","0.0018404705070","0.9782786976909","1.0027766509254","65.00000000","1.60521375","63.00000000","68.21042750","0","7080","9001002"
"0.9895518381584512","0.0022696477156","0.9793407195707","1.0008065987360","73.00000000","2.41778684","69.00000000","77.83557368","0","7110","9001002"
"0.9898035140759244","0.0029285517808","0.9773055721843","1.0034124741971","74.00000000","2.36036519","70.00000000","78.72073039","0","7140","9001002"
"0.9896682678022752","0.0018972952817","0.9783744475176","1.0029090535012","72.00000000","0.65709255","71.00000000","73.31418511","0","7170","9001002"
"0.9896049971952072","0.0018885612487","0.9835465189515","1.0056308976633","71.00000000","2.85713343","67.00000000","76.71426687","0","7200","9001002"
"0.9896522424314514","0.0018000000000","0.9784175529986","1.0067397011354","72.00000000","0.55000000","71.00000000","73.10000000","0","7230","9001002"
"0.989689319432066","0.0021386331821","0.9802088006264","1.0079081852116","80.00000000","2.89642625","76.00000000","85.79285250","0","7260","9001002"
"0.9896494107806116","0.0018596886541","0.9800516315242","1.0049274288526","71.00000000","0.61291005","70.00000000","72.22582010","0","7290","9001002"
"0.9896162228642028","0.0018056487421","0.9787533216129","1.0015535882831","71.00000000","0.55000000","70.00000000","72.10000000","0","7320","9001002"
"0.989647554865786","0.0018351041662","0.9833505936906","0.9977967363845","73.00000000","3.56277875","68.00000000","80.12555751","0","7350","9001002"
"0.9895708009023632","0.0019540228454","0.9777936766193","1.0006181925574","78.00000000","3.47990019","73.00000000","84.95980039","0","7380","9001002"
"0.9895219724204064","0.0032510130505","0.9770555461853","1.0092617750079","72.00000000","0.55000000","71.00000000","73.10000000","0","7410","9001002"
"0.9896369962092728","0.0018000000000","0.9799297898496","1.0059606898072","68.00000000","2.32124059","65.00000000","72.64248119","0","7440","9001002"
"0.9896428247810294","0.0018168888430","0.9789264854481","1.0069096885272","70.00000000","3.02484015","65.00000000","76.04968030","0","7470","9001002"
"0.9896189575086376","0.0038052486326","0.9770162415207","1.0140574062883","75.00000000","3.71170104","69.00000000","82.42340208","0","7500","9001002"
"0.9897864871462284","0.0018000000000","0.9784174612737","1.0038942172226","66.00000000","3.63260986","61.00000000","73.26521972","0","7530","9001002"
"0.9896849132466192","0.0031772392552","0.9778031491789","1.0058468622013","63.00000000","2.97337184","59.00000000","68.94674369","0","7560","9001002"
"0.9897865769265808","0.0018000000000","0.9798100985937","0.9975606853958","69.00000000","1.30044748","67.00000000","71.60089497","0","7590","9001002"
"0.989635429790416","0.0018000000000","0.9791735374975","1.0013414753877","65.00000000","1.97305497","62.00000000","68.94610993","0","7620","9001002"
"0.9896481076691924","0.0121802920567","0.9515302369006","1.0460603439184","65.00000000","2.57535625","61.00000000","70.15071250","0","7650","9001002"
"0.9892798397642056","0.0031924044875","0.9737062673364","1.0116506893829","70.00000000","4.59575144","63.00000000","79.19150288","0","7680","9001002"
"0.9923078923647978","0.0344008481914","0.8871291294518","1.1398311960843","88.00000000","9.80778066","73.00000000","107.61556132","0","7710","9001002"
"0.9915221079844014","0.0018000000000","0.9812967804080","1.0073163901082","61.00000000","0.63507125","60.00000000","62.27014250","0","7740","9001002"
"0.9921084219480972","0.0018000000000","0.9818728990764","1.0051525011800","62.00000000","2.76781229","58.00000000","67.53562458","0","7770","9001002"
"0.991952407481204","0.0018000000000","0.9845924257798","1.0012775788650","62.00000000","2.35293921","58.00000000","66.70587843","0","7800","9001002"
"0.9920515665804234","0.0018000000000","0.9806546335299","1.0011975679562","69.00000000","2.43164028","65.00000000","73.86328055","0","7830","9001002"
"0.992119325743159","0.0018000000000","0.9851257543264","1.0050139338928","66.00000000","4.78046180","59.00000000","75.56092360","0","7860","9001002"
"0.9921433026071756","0.0018000000000","0.9816906590175","1.0078425886550","63.00000000","0.65709255","62.00000000","64.31418511","0","7890","9001002"
"0.9921089176559348","0.0018000000000","0.9821213429325","1.0092040539334","67.00000000","1.60521375","65.00000000","70.21042750","0","7920","9001002"
"0.9922025925260706","0.0018000000000","0.9844683702237","1.0090533775276","66.00000000","0.55000000","65.00000000","67.10000000","0","7950","9001002"
"0.9921290333583752","0.0654202064561","0.7898976684240","1.2616165946680","74.97074557","2.60260619","71.00000000","80.17595795","0","7980","9001002"
"0.992104867096154","0.0560059630265","0.8228831649022","1.2207973735445","70.20381311","2.32017889","67.00000000","74.84417090","0","8010","9001002"
"0.9921411324453188","0.0442701142144","0.8540733778367","1.1699782940410","74.25741197","1.96810343","71.00000000","78.19361882","0","8040","9001002"
"0.9920627433243602","0.0518420249941","0.8322175140147","1.2027115182990","73.31915433","2.19526075","70.00000000","77.70967583","0","8070","9001002"
"0.9920546097401892","0.0623227663360","0.8023882643954","1.2481199305296","71.69804634","2.50968299","68.00000000","76.71741232","0","8100","9001002"
"0.9921479296693856","0.0694348393738","0.7779254981730","1.2790322336227","74.91791337","2.72304518","71.00000000","80.36400374","0","8130","9001002"
"0.9920300425210828","0.0719993585848","0.7752232840223","1.2900272630550","69.80868274","2.79998076","66.00000000","75.40864426","0","8160","9001002"
"0.9920828207132544","0.0018000000000","0.9812441017973","1.0084798985415","65.00000000","1.28759292","63.00000000","67.57518584","0","8190","9001002"
"0.992074526058328","0.0019703791916","0.9821319289630","1.0068259198004","65.00000000","0.55000000","64.00000000","66.10000000","0","8220","9001002"
"0.9920882491426932","0.0018000000000","0.9836384189186","1.0026921857637","65.00000000","0.91696499","64.00000000","66.83392998","0","8250","9001002"
"0.9920425815722166","0.0018000000000","0.9808039093295","0.9998688162386","64.00000000","1.12014250","62.00000000","66.24028500","0","8280","9001002"
"0.9920302776659564","0.0018000000000","0.9862203340725","1.0037828799919","63.00000000","1.44478592","61.00000000","65.88957185","0","8310","9001002"
"0.9920653130611632","0.0018000000000","0.9810695577099","1.0069896511771","67.00000000","0.63507125","66.00000000","68.27014250","0","8340","9001002"
"0.992028818211449","0.0018000000000","0.9829030440577","1.0088445185427","65.00000000","1.28759292","63.00000000","67.57518584","0","8370","9001002"
"0.9920231424322686","0.0018000000000","0.9832351383182","1.0091363223158","65.00000000","0.93590525","64.00000000","66.87181050","0","8400","9001002"
"0.992050322986716","0.0018000000000","0.9809169472002","1.0078177900386","66.00000000","1.07582010","64.00000000","68.15164020","0","8430","9001002"
"0.9919839747799816","0.0018000000000","0.9865745997284","1.0049855997605","65.00000000","1.43337790","63.00000000","67.86675579","0","8460","9001002"
"0.992008486411674","0.0018000000000","0.9808806659221","1.0012826015114","67.00000000","0.93590525","66.00000000","68.87181050","0","8490","9001002"
"0.9920203674517228","0.0018000000000","0.9832169050909","1.0012175641384","66.00000000","0.85710678","65.00000000","67.71421356","0","8520","9001002"
"0.9919975591052922","0.0018000000000","0.9828865002142","1.0049350155423","64.00000000","0.56403934","63.00000000","65.12807867","0","8550","9001002"
"0.9919511119696724","0.0018000000000","0.9809486180734","1.0076777968198","65.00000000","1.39852855","63.00000000","67.79705709","0","8580","9001002"
"0.9919533025643548","0.0018000000000","0.9861620672376","1.0090558465786","64.00000000","1.90733756","61.00000000","67.81467512","0","8610","9001002"
"0.9919325341541336","0.0019845869446","0.9801444483358","1.0095078557109","65.00000000","1.24812675","63.00000000","67.49625349","0","8640","9001002"
"0.9919137042878654","0.0018000000000","0.9834477418159","1.0068876989160","61.00000000","3.12044263","56.00000000","67.24088526","0","8670","9001002"
"0.9919515488684076","0.0018000000000","0.9825339959589","1.0037739597898","63.00000000","0.85710678","62.00000000","64.71421356","0","8700","9001002"
"0.9919194027031364","0.0018000000000","0.9810727920651","0.9998240266902","65.00000000","1.56421356","63.00000000","68.12842712","0","8730","9001002"
"0.9919484561497216","0.0018000000000","0.9857583563489","1.0024784164095","64.00000000","1.52321312","62.00000000","67.04642625","0","8760","9001002"
"0.9919187201470594","0.0018000000000","0.9806039265916","1.0059312959209","64.00000000","1.07354815","62.00000000","66.14709629","0","8790","9001002"
"0.991881463710316","0.0018000000000","0.9837666831156","1.0082474136489","63.00000000","1.13518437","61.00000000","65.27036873","0","8820","9001002"
"0.9919689121356076","0.0018000000000","0.9822627937090","1.0091689034610","64.00000000","0.85710678","63.00000000","65.71421356","0","8850","9001002"
"0.9920022080828576","0.0018000000000","0.9813357864354","1.0083786586893","65.00000000","1.07354815","63.00000000","67.14709629","0","8880","9001002"
"0.9919430647165888","0.0018000000000","0.9853576262957","1.0059749012525","64.00000000","0.91696499","63.00000000","65.83392998","0","8910","9001002"
"0.9923005860337186","0.0021979064326","0.9797379996281","1.0044470002483","65.00000000","0.55000000","64.00000000","66.10000000","0","8940","9001002"
"0.9921103512535128","0.0018000000000","0.9843588673603","0.9999886950398","66.00000000","0.91696499","65.00000000","67.83392998","0","8970","9001002"
"0.9920751058824528","0.0018000000000","0.9820996381759","1.0038741407893","65.00000000","1.53266580","63.00000000","68.06533159","0","9000","9001002"
"0.992077282044687","0.0018000000000","0.9816145510192","1.0070346796143","66.00000000","0.55000000","65.00000000","67.10000000","0","9030","9001002"
"0.9921385383758512","0.0018000000000","0.9851630514045","1.0089684451529","66.00000000","2.89933147","62.00000000","71.79866294","0","9060","9001002"
"0.9920609552742562","0.0018000000000","0.9806646509384","1.0091671337587","63.00000000","0.85710678","62.00000000","64.71421356","0","9090","9001002"
"0.9922373875969092","0.0018000000000","0.9848596940024","1.0079778059451","64.00000000","0.74408853","63.00000000","65.48817705","0","9120","9001002"
"0.9921793398379416","0.0018000000000","0.9819549410713","1.0051383523588","64.00000000","0.92459667","63.00000000","65.84919334","0","9150","9001002"
"0.992178529373388","0.0018000000000","0.9819420816230","1.0014015316288","65.00000000","0.55000000","64.00000000","66.10000000","0","9180","9001002"
"0.9921289893257504","0.0018000000000","0.9847704844818","1.0013773268606","63.00000000","1.43337790","61.00000000","65.86675579","0","9210","9001002"
"0.992151104083067","0.0018000000000","0.9807541212831","1.0051312523492","64.00000000","1.44478592","62.00000000","66.88957185","0","9240","9001002"
"0.9921847573188604","0.0018000000000","0.9851896795650","1.0079386084517","62.00000000","0.97807867","61.00000000","63.95615734","0","9270","9001002"
"0.9922780929626","0.0018000000000","0.9818262922212","1.0093877746749","64.00000000","0.66449576","63.00000000","65.32899151","0","9300","9001002"
"0.992241672140206","0.0018000000000","0.9822530905193","1.0090645718989","63.00000000","0.55000000","62.00000000","64.10000000","0","9330","9001002"
"0.9921704606030106","0.0018000000000","0.9844376777978","1.0071115023800","63.00000000","0.55000000","62.00000000","64.10000000","0","9360","9001002"
"0.9922243207456324","0.0018000000000","0.9808534212730","1.0040003621948","64.00000000","0.92459667","63.00000000","65.84919334","0","9390","9001002"
"0.9922083766317203","0.0018000000000","0.9856030328211","1.0000609006530","62.00000000","0.93590525","61.00000000","63.87181050","0","9420","9001002"
"0.9921270232614868","0.0018000000000","0.9814703644216","1.0027061779761","63.00000000","0.63507125","62.00000000","64.27014250","0","9450","9001002"
"0.9921226543926234","0.0018000000000","0.9824024156426","1.0061733647185","63.00000000","0.55000000","62.00000000","64.10000000","0","9480","9001002"
"0.9921250753644764","0.0018000000000","0.9840284247409","1.0085117788317","63.00000000","0.56403934","62.00000000","64.12807867","0","9510","9001002"
"0.992162072634312","0.0018000000000","0.9808439018828","1.0093619963941","63.00000000","0.91696499","62.00000000","64.83392998","0","9540","9001002"
"0.9921897502582612","0.0018000000000","0.9859795192891","1.0085453234044","64.00000000","1.33817705","62.00000000","66.67635410","0","9570","9001002"
"0.9919693412829428","0.0039718833044","0.9746156324958","1.0146504842952","64.00000000","0.55000000","63.00000000","65.10000000","0","9600","9001002"
"0.987457039502772","0.0233851135047","0.9132690823591","1.0843030423848","88.00000000","17.12749375","62.00000000","122.25498751","0","9630","9001002"
"0.9878598498369296","0.0018000000000","0.9794113653134","0.9957902842450","62.00000000","11.14732588","45.00000000","84.29465176","0","9660","9001002"
"0.9880360884688724","0.0018000000000","0.9767970565279","0.9998814305427","56.00000000","3.96725406","50.00000000","63.93450812","0","9690","9001002"
"0.987915565818077","0.0018000000000","0.9821040633806","1.0029058113000","60.00000000","4.98292281","53.00000000","69.96584561","0","9720","9001002"
"0.9879307345490996","0.0073772368798","0.9602038325715","1.0270835326872","66.00000000","6.72267069","56.00000000","79.44534138","0","9750","9001002"
"0.9878988024409544","0.0019741182754","0.9782494488295","1.0056941824901","52.00000000","0.55000000","51.00000000","53.10000000","0","9780","9001002"
"0.987485634511499","0.0018266688483","0.9786189135355","1.0033054466550","60.00000000","4.05512484","54.00000000","68.11024968","0","9810","9001002"
"0.9870488338444552","0.0018000000000","0.9759149976431","0.9999650768596","56.00000000","0.74408853","55.00000000","57.48817705","0","9840","9001002"
"0.9874448526575418","0.0019838543704","0.9814823519879","0.9973521043835","57.00000000","0.92459667","56.00000000","58.84919334","0","9870","9001002"
"0.987016755830263","0.0018000000000","0.9758894008077","0.9963161783559","60.00000000","1.97305497","57.00000000","63.94610993","0","9900","9001002"
"0.986970893335574","0.0018000000000","0.9781661442857","0.9999935758083","66.00000000","2.71675579","62.00000000","71.43351158","0","9930","9001002"
"0.9870228034774232","0.0018000000000","0.9779129724961","1.0028035876326","60.00000000","5.45260757","52.00000000","70.90521514","0","9960","9001002"
"0.9869389499903706","0.0018000000000","0.9759358970174","1.0040554991673","60.00000000","3.54549875","55.00000000","67.09099750","0","9990","9001002"
"0.98696911206912","0.0018000000000","0.9811794359395","1.0037776753952","61.00000000","0.74408853","60.00000000","62.48817705","0","10020","9001002"
"0.9870580616848722","0.0287910289626","0.8948510146564","1.1099300553658","67.88930676","1.73955145","65.00000000","71.36840966","0","10050","9001002"
"0.9870199750623676","0.0243413660660","0.9109285713878","1.0889149865164","66.04487032","1.51706830","64.00000000","69.07900692","0","10080","9001002"
"0.987049926414828","0.0188405687658","0.9265118278649","1.0630126077395","66.67759483","1.24202844","65.00000000","69.16165171","0","10110","9001002"
"0.9870135537493068","0.0227995598297","0.9131676083786","1.0816400500893","67.63151059","1.43997799","65.00000000","70.51146657","0","10140","9001002"
"0.9870863326267024","0.0276441212862","0.9033654178968","1.1045514758329","64.52570058","1.68220606","62.00000000","67.89011271","0","10170","9001002"
"0.9899431385697371","0.0135253220781","0.9434526413728","1.0532516333598","62.00000000","0.65709255","61.00000000","63.31418511","0","10200","9001002"
"0.992186118024138","0.0027311745694","0.9812764203942","1.0131103998018","80.00000000","10.28339599","65.00000000","100.56679198","0","10230","9001002"
"0.9919070268134365","0.0018000000000","0.9822019966118","1.0082414728303","68.00000000","10.58748899","52.00000000","89.17497799","0","10260","9001002"
"0.9916868758376112","0.0018000000000","0.9810197057037","1.0056420736315","57.00000000","3.59707890","52.00000000","64.19415780","0","10290","9001002"
"0.9918051851007532","0.0018136814727","0.9851802340112","1.0023161300929","58.00000000","0.60226702","57.00000000","59.20453403","0","10320","9001002"
"0.9920269806106496","0.0018000000000","0.9806582726726","1.0000094857218","56.00000000","0.65709255","55.00000000","57.31418511","0","10350","9001002"
"0.9918829626515372","0.0727112248249","0.7713963668521","1.2874193845150","63.00000000","3.75951125","57.00000000","70.51902249","0","10380","9001002"
"0.9885153332781422","0.0018000000000","0.9785408765082","1.0035382142353","59.00000000","12.51656048","45.00000000","84.03312097","0","10410","9001002"
"0.9887351170210686","0.0018000000000","0.9782715476063","1.0055926484975","55.00000000","2.82528370","51.00000000","60.65056739","0","10440","9001002"
"0.988685933835003","0.0018000000000","0.9817119545977","1.0057772993060","55.00000000","2.06741247","52.00000000","59.13482494","0","10470","9001002"
"0.988620556058496","0.0018000000000","0.9772243067589","1.0043061790611","54.00000000","1.28389342","52.00000000","56.56778684","0","10500","9001002"
"0.9886447674157928","0.0018000000000","0.9812655986996","1.0015180850453","58.00000000","0.85710678","57.00000000","59.71421356","0","10530","9001002"
"0.9885030328774528","0.0018000000000","0.9782795632477","0.9976236453398","56.00000000","2.64705709","52.00000000","61.29411418","0","10560","9001002"
"0.9884940822686024","0.0018000000000","0.9782567099675","0.9978445325345","57.00000000","1.60521375","55.00000000","60.21042750","0","10590","9001002"
"0.9885559406125728","0.0018000000000","0.9811989127589","1.0016209985095","56.00000000","1.76791442","53.00000000","59.53582883","0","10620","9001002"
"0.9885399788308225","0.0018000000000","0.9771429466881","1.0043474620136","59.00000000","1.20559733","57.00000000","61.41119465","0","10650","9001002"
"0.9886631696837586","0.0018000000000","0.9816665857010","1.0057863159047","62.00000000","0.56403934","61.00000000","63.12807867","0","10680","9001002"
"0.9886769449703664","0.0018000000000","0.9782259874198","1.0054709098418","61.00000000","0.66449576","60.00000000","62.32899151","0","10710","9001002"
"0.9886069676055552","0.0018000000000","0.9786173793985","1.0034814712985","60.00000000","0.63507125","59.00000000","61.27014250","0","10740","9001002"
"0.988828472370468","0.0019474868855","0.9806546685642","1.0011013493241","61.00000000","0.91696499","60.00000000","62.83392998","0","10770","9001002"
"0.9886777498864086","0.0436448163855","0.8517722477558","1.1638052875569","74.97105297","1.94934449","72.00000000","78.86974196","0","10800","9001002"
"0.988697945811247","0.0524317975215","0.8301956788217","1.2019024017376","70.20687443","2.21295393","67.00000000","74.63278228","0","10830","9001002"
"0.9886722377980708","0.0627792538382","0.7950785709257","1.2467156710969","74.25590536","2.52337762","70.00000000","79.30266059","0","10860","9001002"
"0.9887189426340474","0.0696823752337","0.7753504940529","1.2766759019802","73.32132288","2.73047126","69.00000000","78.78226539","0","10890","9001002"
"0.988719720596647","0.0719969116656","0.7700337308723","1.2867063378141","71.69525473","2.79990735","67.00000000","77.29506943","0","10920","9001002"
"0.9886155653265212","0.0693392093836","0.7746795094488","1.2750854726556","74.91842773","2.72017628","71.00000000","80.35878029","0","10950","9001002"
"0.988675113616194","0.0621498047446","0.8014139202436","1.2439909341760","69.81177914","2.50449414","66.00000000","74.82076742","0","10980","9001002"
"0.9887822677831388","0.0516204016302","0.8284836644293","1.1984706748475","74.43739846","2.18861205","71.00000000","78.81462256","0","11010","9001002"
"0.9887309335799084","0.0018000000000","0.9792971601149","0.9967654880555","61.00000000","2.06741247","58.00000000","65.13482494","0","11040","9001002"
"0.9886003267686788","0.0018000000000","0.9801531881524","1.0005379018867","61.00000000","0.85710678","60.00000000","62.71421356","0","11070","9001002"
"0.9887077327577044","0.0018000000000","0.9774683415144","1.0037630358629","62.00000000","1.20559733","60.00000000","64.41119465","0","11100","9001002"
"0.988687769594974","0.0018000000000","0.9828747083414","1.0055587185717","60.00000000","0.74408853","59.00000000","61.48817705","0","11130","9001002"
"0.988672441462884","0.0018000000000","0.9776778145171","1.0057559957235","60.00000000","0.99016805","59.00000000","61.98033610","0","11160","9001002"
"0.9887543119453","0.0018000000000","0.9796260887813","1.0044121898003","60.00000000","0.65709255","59.00000000","61.31418511","0","11190","9001002"
"0.9886847452475834","0.0018000000000","0.9798993207288","1.0015149827822","62.00000000","0.91696499","61.00000000","63.83392998","0","11220","9001002"
"0.9887023302861712","0.0018000000000","0.9775680340589","0.9977716685921","61.00000000","0.63507125","60.00000000","62.27014250","0","11250","9001002"
"0.9887036574384688","0.0018000000000","0.9832911573736","0.9981050768026","60.00000000","1.24812675","58.00000000","62.49625349","0","11280","9001002"
"0.988785223953126","0.0018000000000","0.9776583347861","1.0018924973363","62.00000000","0.65709255","61.00000000","63.31418511","0","11310","9001002"
"0.988696974137752","0.0018000000000","0.9798909386298","1.0045309216251","62.00000000","0.63507125","61.00000000","63.27014250","0","11340","9001002"
"0.988652857170072","0.0018000000000","0.9795442543501","1.0057823298345","61.00000000","1.24812675","59.00000000","63.49625349","0","11370","9001002"
"0.9885914155657708","0.0018000000000","0.9775878038961","1.0053705203586","61.00000000","0.65709255","60.00000000","62.31418511","0","11400","9001002"
"","0.0018000000000","-0.0057881169060","0.0148409202745","61.00000000","0.66449576","60.00000000","62.32899151","0","11430","9001002"
"","0.0018000000000","-0.0112335949010","0.0116361893856","62.00000000","0.55000000","61.00000000","63.10000000","0","11460","9001002"
"","0.0018000000000","-0.0084686482732","0.0076961230445","63.00000000","0.92459667","62.00000000","64.84919334","0","11490","9001002"
"","0.0018000000000","-0.0094152313229","0.0107261798360","62.00000000","0.55000000","61.00000000","63.10000000","0","11520","9001002"
"","0.0018000000000","-0.0108479207559","0.0141639889497","62.00000000","0.99016805","61.00000000","63.98033610","0","11550","9001002"
"","0.0018000000000","-0.0061870018885","0.0164474587153","62.00000000","1.17899151","60.00000000","64.35798302","0","11580","9001002"
"","0.0018000000000","-0.0113142679689","0.0171980849422","61.00000000","0.74408853","60.00000000","62.48817705","0","11610","9001002"
"0.988727790227268","0.0018000000000","0.9806102231627","1.0050192352894","62.00000000","1.28759292","60.00000000","64.57518584","0","11640","9001002"
"0.988904362041918","0.0019206831053","0.9788383710415","1.0032649166728","62.00000000","0.63507125","61.00000000","63.27014250","0","11670","9001002"
"0.9869618066780564","0.0201747731326","0.9211695690171","1.0708181937456","62.00000000","0.55000000","61.00000000","63.10000000","0","11700","9001002"
"0.9895620713526592","0.0652844537170","0.7925263353600","1.2515864673027","52.00000000","0.55000000","51.00000000","53.10000000","0","11730","9001002"
"0.9889257351989824","0.0018000000000","0.9775571868353","1.0009092336791","53.00000000","3.04827535","48.00000000","59.09655070","0","11760","9001002"
"0.9889320086065913","0.0018000000000","0.9811776500096","1.0040195196487","52.00000000","0.65709255","51.00000000","53.31418511","0","11790","9001002"
"0.9890085762329096","0.0029145127267","0.9756915925297","1.0103507298935","56.00000000","3.77727761","50.00000000","63.55455522","0","11820","9001002"
"0.988936397997922","0.0018000000000","0.9784719905372","1.0060118715272","56.00000000","3.43991328","51.00000000","62.87982657","0","11850","9001002"
"0.9886940254692176","0.0018000000000","0.9817215540727","1.0043239275333","55.00000000","2.55709735","51.00000000","60.11419470","0","11880","9001002"
"","0.0018000000000","-0.0113961938567","0.0127870039053","59.00000000","1.33817705","57.00000000","61.67635410","0","11910","9001002"
"","0.0018000000000","-0.0073806437037","0.0090180131733","58.00000000","1.16418511","56.00000000","60.32837021","0","11940","9001002"
"","0.0018000000000","-0.0102225401657","0.0094523284306","58.00000000","1.99709629","55.00000000","61.99419258","0","11970","9001002"
"","0.0018000000000","-0.0102382965237","0.0131493277802","60.00000000","1.80387246","57.00000000","63.60774492","0","12000","9001002"
"","0.0018000000000","-0.0073555507307","0.0158601763475","59.00000000","3.07770022","54.00000000","65.15540044","0","12030","9001002"
"","0.0319097396688","-0.1017263000850","0.1375744870098","67.99805405","1.89548698","65.00000000","71.78902802","0","12060","9001002"
"","0.0313895768939","-0.0957668207850","0.1351222910712","65.06539340","1.86947884","62.00000000","68.80435109","0","12090","9001002"
"","0.0286499798874","-0.0910000536794","0.1222070480407","67.36674268","1.73249899","65.00000000","70.83174067","0","12120","9001002"
"","0.0241450597408","-0.0770257737044","0.1009695673494","67.06039632","1.50725299","65.00000000","70.07490230","0","12150","9001002"
"0.9884250221610174","0.0186215446040","0.9302304850127","1.0633551610085","65.55326889","1.23107723","64.00000000","68.01542335","0","12180","9001002"
"0.9885931626940844","0.0018000000000","0.9772219566234","0.9993681603680","61.00000000","0.60226702","60.00000000","62.20453403","0","12210","9001002"
"0.9885791075923418","0.0018000000000","0.9819707026345","1.0027804776403","61.00000000","1.24812675","59.00000000","63.49625349","0","12240","9001002"
"0.9886171295794168","0.0018000000000","0.9779619780602","1.0050843364240","61.00000000","2.71069187","57.00000000","66.42138374","0","12270","9001002"
"0.988558042730824","0.0018000000000","0.9788356360141","1.0057549694158","64.00000000","0.65709255","63.00000000","65.31418511","0","12300","9001002"
"0.988583279596685","0.0018000000000","0.9804894209478","1.0048528520061","68.00000000","2.69950976","64.00000000","73.39901951","0","12330","9001002"
"0.9885372493347412","0.0018000000000","0.9772185650339","1.0023761100712","66.00000000","3.69799032","60.00000000","73.39598064","0","12360","9001002"
"0.9885854316337542","0.0018000000000","0.9823721043802","0.9988931340667","63.00000000","2.76861468","59.00000000","68.53722937","0","12390","9001002"
"0.9886161933562088","0.0018000000000","0.9777794556727","0.9967547768679","70.00000000","4.24087938","64.00000000","78.48175876","0","12420","9001002"
"0.988666397752968","0.0018000000000","0.9792314677260","1.0006956891510","68.00000000","2.69950976","64.00000000","73.39901951","0","12450","9001002"
"0.9886270770475332","0.0018000000000","0.9801812845452","1.0037465809370","71.00000000","0.85710678","70.00000000","72.71421356","0","12480","9001002"
"0.9885944363474144","0.0018000000000","0.9773546861977","1.0054914287962","71.00000000","2.15733947","68.00000000","75.31467895","0","12510","9001002"
"0.988658312556241","0.0018000000000","0.9828436925145","1.0057254360537","65.00000000","1.72181050","62.00000000","68.44362099","0","12540","9001002"
"","0.0018000000000","-0.0109940621739","0.0156016963929","71.00000000","1.90733756","68.00000000","74.81467512","0","12570","9001002"
"","0.0018000000000","-0.0091294472899","0.0127436179203","67.00000000","1.68392998","64.00000000","70.36785996","0","12600","9001002"
"0.988746595004845","0.0018000000000","0.9799624606281","0.9977132334689","64.00000000","2.17837021","61.00000000","68.35674042","0","12630","9001002"
"0.9888559596745422","0.0018000000000","0.9777212038102","0.9983591357513","69.00000000","1.17899151","67.00000000","71.35798302","0","12660","9001002"
"","0.0018000000000","-0.0054140625703","0.0131912199413","69.00000000","2.02867287","66.00000000","73.05734575","0","12690","9001002"
"","0.0018000000000","-0.0111264229232","0.0158861690477","69.00000000","2.26119465","66.00000000","73.52238930","0","12720","9001002"
"0.988783749917362","0.0018000000000","0.9799764281823","1.0059250629844","65.00000000","0.65709255","64.00000000","66.31418511","0","12750","9001002"
"0.9888130257799193","0.0018000000000","0.9797056513728","1.0055616271720","62.00000000","3.46877774","57.00000000","68.93755549","0","12780","9001002"
"0.9888956497232924","0.0066700088127","0.9632814532988","1.0231488142382","63.00000000","0.66449576","62.00000000","64.32899151","0","12810","9001002"
"0.9891550358832372","0.0018000091734","0.9833684507071","1.0006974202682","63.00000000","2.15713015","60.00000000","67.31426029","0","12840","9001002"
"0.989112394412714","0.0020697198540","0.9770700055849","0.9977830595404","67.00000000","3.33702728","62.00000000","73.67405455","0","12870","9001002"
"0.9889338507995398","0.0018000000000","0.9804638599379","0.9997575688225","64.00000000","3.19255532","59.00000000","70.38511063","0","12900","9001002"
"0.9892301803750104","0.0018000000000","0.9798161102539","1.0034687405964","66.00000000","2.99914848","62.00000000","71.99829696","0","12930","9001002"
"0.9891776177788606","0.0018000000000","0.9783290425183","1.0056643200394","65.00000000","1.53266580","63.00000000","68.06533159","0","12960","9001002"
"","0.0018000000000","-0.0061854528523","0.0171954958154","67.00000000","2.72247878","63.00000000","72.44495755","0","12990","9001002"
"","0.0018000000000","-0.0113140045740","0.0162474524328","67.00000000","1.12014250","65.00000000","69.24028500","0","13020","9001002"
"0.98921424794932","0.0018000000000","0.9810952879262","1.0030139661731","67.00000000","0.92459667","66.00000000","68.84919334","0","13050","9001002"
"0.9892090506719332","0.0018000000000","0.9795061977961","0.9994670762546","67.00000000","1.22570575","65.00000000","69.45141150","0","13080","9001002"
"","0.0018000000000","-0.0106686660353","0.0081905603466","68.00000000","2.73567482","64.00000000","73.47134964","0","13110","9001002"
"0.9891861878474342","0.0018000000000","0.9826053449158","1.0012611404704","65.00000000","0.91696499","64.00000000","66.83392998","0","13140","9001002"
"0.9891680621315146","0.0021335619258","0.9767989879696","1.0056535906097","69.00000000","1.55407570","67.00000000","72.10815140","0","13170","9001002"
"","0.0018000000000","-0.0077557957094","0.0169096177105","65.00000000","1.56925534","63.00000000","68.13851068","0","13200","9001002"
"","0.0018000000000","-0.0099724339661","0.0170585043928","63.00000000","0.65709255","62.00000000","64.31418511","0","13230","9001002"
"","0.0018000000000","-0.0104652451631","0.0155732616105","67.00000000","2.45089497","63.00000000","71.90178993","0","13260","9001002"
"","0.0018000000000","-0.0069709634491","0.0127000807630","65.00000000","1.60521375","63.00000000","68.21042750","0","13290","9001002"
"","0.0018000000000","-0.0113961380071","0.0089152155793","70.00000000","7.42606875","59.00000000","84.85213750","0","13320","9001002"
"","0.0018000000000","-0.0073821185568","0.0095539609162","85.00000000","0.65000000","84.00000000","86.30000000","0","13350","9001002"
"","0.0600988461721","-0.1851181488908","0.2464283334123","73.82161037","2.44296539","70.00000000","78.70754114","0","13380","9001002"
"","0.0681357746380","-0.2092465443323","0.2812550234315","73.83922042","2.68407324","70.00000000","79.20736690","0","13410","9001002"
"0.9922550363161248","0.0718404801099","0.7747795225113","1.2895637834591","70.95407348","2.79521440","67.00000000","76.54450228","0","13440","9001002"
"","0.0705988767053","-0.2177937597239","0.2919284657228","74.99712961","2.75796630","71.00000000","80.51306221","0","13470","9001002"
"0.991925546817084","0.0646167705612","0.7964756390179","1.2579315525822","70.59959612","2.57850312","67.00000000","75.75660235","0","13500","9001002"
"0.9918851403667264","0.0548857457478","0.8221786329821","1.2157233719406","74.04927014","2.28657237","71.00000000","78.62241489","0","13530","9001002"
"0.9917767520803448","0.0430188009245","0.8581287488611","1.1641915560864","73.59160045","1.93056403","71.00000000","77.45272850","0","13560","9001002"
"0.9917831326810088","0.0018000000000","0.9840546693162","1.0026554722355","56.00000000","2.06982142","53.00000000","60.13964284","0","13590","9001002"
"0.9915146121921358","0.0018000000000","0.9801432534298","1.0057901706481","58.00000000","1.83033610","55.00000000","61.66067220","0","13620","9001002"
"0.991611904013638","0.0018000000000","0.9850019686051","1.0081178484451","62.00000000","1.13518437","60.00000000","64.27036873","0","13650","9001002"
"","0.0018000000000","-0.0106543973243","0.0171937923722","63.00000000","3.10057322","58.00000000","69.20114645","0","13680","9001002"
"","0.0018000000000","-0.0097234902604","0.0162250857355","61.00000000","1.13518437","59.00000000","63.27036873","0","13710","9001002"
"","0.0018000000000","-0.0080924623874","0.0137603957392","64.00000000","1.20559733","62.00000000","66.41119465","0","13740","9001002"
"","0.0018000000000","-0.0113189404733","0.0102082653412","58.00000000","2.27132034","55.00000000","62.54264069","0","13770","9001002"
"0.9909253799797488","0.0018000000000","0.9847105046667","0.9991678901490","68.00000000","4.15356984","62.00000000","76.30713967","0","13800","9001002"
"0.9909592749393322","0.0018000000000","0.9801231984041","1.0030797558490","62.00000000","0.55000000","61.00000000","63.10000000","0","13830","9001002"
"0.9907012162889866","0.0018000000000","0.9812651299737","1.0058840571208","67.00000000","2.96278593","63.00000000","72.92557187","0","13860","9001002"
"0.9908699827732116","0.0022840887581","0.9809732703172","1.0097283159999","63.00000000","2.63423601","59.00000000","68.26847203","0","13890","9001002"
"0.9909385461884505","0.0018000000000","0.9796984375285","1.0079881626389","64.00000000","1.99709629","61.00000000","67.99419258","0","13920","9001002"
"0.9909784853258738","0.0018000000000","0.9851623065242","1.0065230838183","59.00000000","1.24812675","57.00000000","61.49625349","0","13950","9001002"
"0.9909503075826293","0.0018000000000","0.9799568105600","1.0036067012031","63.00000000","1.28759292","61.00000000","65.57518584","0","13980","9001002"
"0.9909237584635544","0.0018000000000","0.9817930873007","0.9997875043848","64.00000000","1.57457424","62.00000000","67.14914848","0","14010","9001002"
"0.990838920280437","0.0018000000000","0.9820560762753","1.0004436018445","66.00000000","1.12014250","64.00000000","68.24028500","0","14040","9001002"
"0.99074269117223","0.0265043181866","0.9054945214999","1.1028344769092","67.82347674","1.62521591","65.00000000","71.07390856","0","14070","9001002"
"0.9907265281914932","0.0302324203960","0.9000136419288","1.1203936529154","64.01041672","1.81162102","61.00000000","67.63365876","0","14100","9001002"
"0.99073204266366","0.0319328967306","0.8892073961810","1.1284156986792","67.81730419","1.89664484","65.00000000","71.61059387","0","14130","9001002"
"0.9907864275509324","0.0313238790316","0.8934061827252","1.1255990001282","66.27240515","1.86619395","63.00000000","70.00479306","0","14160","9001002"
"0.9906491428376196","0.0285063170705","0.9014240458833","1.1121789233127","66.47076383","1.72531585","64.00000000","69.92139554","0","14190","9001002"
"0.9907064996389792","0.0018000000000","0.9797017717161","1.0021545319828","63.00000000","5.22937004","55.00000000","73.45874008","0","14220","9001002"
"0.9908553334552476","0.0018000000000","0.9850703350754","0.9983427390991","59.00000000","2.57535625","55.00000000","64.15071250","0","14250","9001002"
"0.9908042564596782","0.0018000000000","0.9795713932247","1.0017251174024","73.00000000","5.58409714","65.00000000","84.16819429","0","14280","9001002"
"0.9907194470259344","0.0018000000000","0.9822481137839","1.0050318107685","57.00000000","6.58428318","47.00000000","70.16856635","0","14310","9001002"
"0.9906737424059578","0.0018000000000","0.9812608337589","1.0071986752388","63.00000000","3.06042750","58.00000000","69.12085500","0","14340","9001002"
"0.9908899318235388","0.0018363062760","0.9799317835997","1.0082269733296","65.00000000","0.74408853","64.00000000","66.48817705","0","14370","9001002"
"0.990696888744632","0.0018000000000","0.9845129849819","1.0068993616720","66.00000000","0.97807867","65.00000000","67.95615734","0","14400","9001002"
"0.9906423278011494","0.0018000000000","0.9793285870231","1.0043632221562","67.00000000","1.56421356","65.00000000","70.12842712","0","14430","9001002"
"0.9906538445573162","0.0018000000000","0.9825334917601","1.0008122676227","63.00000000","1.16418511","61.00000000","65.32837021","0","14460","9001002"
"","0.0018000000000","-0.0097017637752","0.0082944315631","66.00000000","1.76687529","63.00000000","69.53375059","0","14490","9001002"
"0.990533182591675","0.0018000000000","0.9798637691416","1.0026990576084","68.00000000","3.23697453","63.00000000","74.47394907","0","14520","9001002"
"0.9906185293205662","0.0018000000000","0.9840392183790","1.0058327125201","64.00000000","1.67127766","61.00000000","67.34255532","0","14550","9001002"
"0.9905648467725416","0.0018000000000","0.9791966187720","1.0074989203362","63.00000000","0.63507125","62.00000000","64.27014250","0","14580","9001002"
"0.9906009290598762","0.0018000000000","0.9828436963978","1.0076413889725","64.00000000","0.92459667","63.00000000","65.84919334","0","14610","9001002"
"0.9905150589576392","0.0018000000000","0.9805436368587","1.0060307667778","59.00000000","2.22019668","56.00000000","63.44039336","0","14640","9001002"
"0.9903323066456744","0.0105921665152","0.9534897245779","1.0381135303908","60.00000000","0.55000000","59.00000000","61.10000000","0","14670","9001002"
"0.9902049714730586","0.0018000000000","0.9832355160780","0.9990172023665","67.00000000","6.48384931","57.00000000","79.96769862","0","14700","9001002"
"","0.0018000000000","-0.0113960817510","0.0096553366371","62.00000000","4.82516233","55.00000000","71.65032467","0","14730","9001002"
"0.9901876749738489","0.0018000000000","0.9828040816983","1.0035035865810","63.00000000","3.04827535","58.00000000","69.09655070","0","14760","9001002"
"0.9902292852331772","0.0018000000000","0.9800086049766","1.0061920083669","67.00000000","0.65709255","66.00000000","68.31418511","0","14790","9001002"
"","0.0018000000000","-0.0102401439845","0.0171570400940","65.00000000","3.08558292","60.00000000","71.17116583","0","14820","9001002"
"","0.0018000000000","-0.0073525960869","0.0167008944738","63.00000000","7.59695527","52.00000000","78.19391055","0","14850","9001002"
"","0.0018000000000","-0.0113971777307","0.0146698962207","58.00000000","1.56421356","56.00000000","61.12842712","0","14880","9001002"
"","0.0018000000000","-0.0070011020194","0.0114007002627","68.00000000","4.69066593","61.00000000","77.38133185","0","14910","9001002"
"","0.0018000000000","-0.0104484259228","0.0074352031420","62.00000000","1.65489398","60.00000000","65.30978795","0","14940","9001002"
"","0.0018000000000","-0.0099926060980","0.0109692808644","57.00000000","1.65489398","55.00000000","60.30978795","0","14970","9001002"
"","0.0018000000000","-0.0077270232354","0.0143489750777","56.00000000","0.92459667","55.00000000","57.84919334","0","15000","9001002"
"","0.0018000000000","-0.0113715110490","0.0165436669466","66.00000000","3.36380949","61.00000000","72.72761898","0","15030","9001002"
"","0.0018000000000","-0.0066114657772","0.0171895679588","64.00000000","0.93590525","63.00000000","65.87181050","0","15060","9001002"
"","0.0018000000000","-0.0106536427730","0.0161796146252","67.00000000","1.12014250","65.00000000","69.24028500","0","15090","9001002"
"","0.0018000000000","-0.0097245735109","0.0136812151485","64.00000000","0.85710678","63.00000000","65.71421356","0","15120","9001002"
"","0.0018000000000","-0.0080910659434","0.0101085001145","67.00000000","1.72181050","64.00000000","70.44362099","0","15150","9001002"
"","0.0018000000000","-0.0113191962445","0.0083463231121","67.00000000","0.60226702","66.00000000","68.20453403","0","15180","9001002"
"0.9999444426817308","0.0018000000000","0.9937280193645","1.0121555763879","79.00000000","8.32423891","67.00000000","95.64847783","0","15210","9001002"
"1.0003116312108775","0.0020278429854","0.9887926872364","1.0164683101760","58.00000000","3.10683228","53.00000000","64.21366456","0","15240","9001002"
"1.0001500526983764","0.0021518092908","0.9896573824962","1.0185031933497","62.00000000","0.63507125","61.00000000","63.27014250","0","15270","9001002"
"1.000120928598501","0.0018000000000","0.9916778289437","1.0171519636275","61.00000000","1.56421356","59.00000000","64.12842712","0","15300","9001002"
"1.0002271994306535","0.0018000000000","0.9889867326565","1.0157137898123","61.00000000","0.85710678","60.00000000","62.71421356","0","15330","9001002"
"1.0006508217991708","0.1110032924139","0.6672232070240","1.4500325656040","63.00000000","6.93400525","53.00000000","76.86801051","0","15360","9001002"
"0.992420466046656","0.0023829666395","0.9796786346360","1.0035130045054","63.00000000","0.88854895","62.00000000","64.77709789","0","15390","9001002"
"0.9925927130985558","0.0019651256111","0.9829654414824","1.0029591402970","64.00000000","2.58193045","60.00000000","69.16386090","0","15420","9001002"
"0.9921963039326532","0.0018827031169","0.9831666411777","1.0058842598455","60.00000000","0.99016805","59.00000000","61.98033610","0","15450","9001002"
"0.99202409962701","0.0018000000000","0.9808884256553","1.0080118637983","57.00000000","1.80387246","54.00000000","60.60774492","0","15480","9001002"
"0.9921558373914936","0.0150786287327","0.9469027636152","1.0624320918923","57.00000000","0.65709255","56.00000000","58.31418511","0","15510","9001002"
"0.9926561943919968","0.0337854596692","0.8855743261141","1.1372825064793","66.00000000","6.68834842","56.00000000","79.37669683","0","15540","9001002"
"0.9917080436094158","0.0575925863773","0.8155203909817","1.2295134656653","80.00000000","6.23511063","71.00000000","92.47022127","0","15570","9001002"
"0.9895356604217754","0.0170387529842","0.9347144846419","1.0618439259888","75.00000000","7.86743633","63.00000000","90.73487266","0","15600","9001002"
"0.9884336090178538","0.0978204830876","0.6893668742758","1.3798985355944","79.00000000","11.89233167","61.00000000","102.78466333","0","15630","9001002"
"0.9847970620838996","0.0018000000000","0.9790136230063","0.9958146600832","65.00000000","1.42920430","63.00000000","67.85840860","0","15660","9001002"
"0.9847026906868532","0.0018000000000","0.9734701938782","0.9990880821497","67.00000000","2.80114531","63.00000000","72.60229061","0","15690","9001002"
"0.984729275505118","0.0018385730492","0.9761408809435","1.0014457139640","68.00000000","2.69950976","64.00000000","73.39901951","0","15720","9001002"
"0.9888527564209476","0.0820451111017","0.7387056762151","1.3270202479312","73.00000000","1.60521375","71.00000000","76.21042750","0","15750","9001002"
"0.987683700489644","0.0398723064795","0.8626168978896","1.1561294378599","75.00000000","2.15713015","72.00000000","79.31426029","0","15780","9001002"
"0.9874821096182886","0.0020893857843","0.9804315976454","1.0022810119571","66.00000000","2.55709735","62.00000000","71.11419470","0","15810","9001002"
"0.9875663817344416","0.0044151795192","0.9684073665959","1.0080855976610","65.00000000","0.85710678","64.00000000","66.71421356","0","15840","9001002"
"0.9875899250161112","0.0020409259443","0.9787454017964","0.9969518121945","64.00000000","2.63423601","60.00000000","69.26847203","0","15870","9001002"
"0.9877099793736582","0.0022809310169","0.9765665119402","1.0018899591849","58.00000000","1.09868330","56.00000000","60.19736660","0","15900","9001002"
"0.98759045918375","0.0019983437091","0.9763252675491","1.0036600454749","62.00000000","0.56403934","61.00000000","63.12807867","0","15930","9001002"
"0.9878093535328866","0.0019790797794","0.9806943353230","1.0054831402964","60.00000000","1.44478592","58.00000000","62.88957185","0","15960","9001002"
"0.9878165833417472","0.0020778733960","0.9756148959420","1.0059494189824","59.00000000","0.66449576","58.00000000","60.32899151","0","15990","9001002"
"0.9881489425954904","0.0024079778171","0.9785663396893","1.0060381008348","58.00000000","0.55000000","57.00000000","59.10000000","0","16020","9001002"
"0.9880109135764072","0.0019059458704","0.9777226660433","1.0009591412735","58.00000000","0.65709255","57.00000000","59.31418511","0","16050","9001002"
"0.9881674299264116","0.0201126984885","0.9227624149235","1.0701272942294","67.37794636","1.30563492","65.00000000","69.98921621","0","16080","9001002"
"0.9880547666387156","0.0215790223493","0.9217497523562","1.0769273005711","65.04529816","1.37895112","63.00000000","67.80320039","0","16110","9001002"
"0.9881917354646248","0.0266774903322","0.9021632393798","1.1010999041738","67.99735006","1.63387452","66.00000000","71.26509909","0","16140","9001002"
"0.9880072892934356","0.0303375917977","0.8950094460406","1.1181702220540","65.32337857","1.81687959","63.00000000","68.95713775","0","16170","9001002"
"0.9884148818462284","0.0718985021784","0.7678996254996","1.2859750579524","73.81974981","2.79695507","70.00000000","79.41365994","0","16200","9001002"
"0.9883010017317084","0.0704033811283","0.7722497911243","1.2793823199542","73.84106722","2.75210143","70.00000000","79.34527009","0","16230","9001002"
"0.9884963799466344","0.0642001623639","0.7939447742886","1.2526970835235","70.95111857","2.56600487","67.00000000","76.08312831","0","16260","9001002"
"0.988312231501346","0.0543170812194","0.8193637623965","1.2096862501188","74.99722545","2.26951244","72.00000000","79.53625032","0","16290","9001002"
"0.9884036949430148","0.0423923409614","0.8596240642442","1.1581038391091","70.60260781","1.91177023","68.00000000","74.42614827","0","16320","9001002"
"0.9883974568162612","0.0535974330887","0.8225575761880","1.2066530002008","74.04758136","2.24792299","71.00000000","78.54342735","0","16350","9001002"
"0.9884820569952242","0.0636648357152","0.7928939384108","1.2503630117610","73.59361144","2.54994507","70.00000000","78.69350158","0","16380","9001002"
"0.9883317274336249","0.0701411108259","0.7755828120079","1.2782765410124","71.32558295","2.74423332","67.00000000","76.81404960","0","16410","9001002"
"0.9885690167852912","0.0024181853731","0.9753427977352","1.0082260121831","59.00000000","0.97807867","58.00000000","60.95615734","0","16440","9001002"
"0.9885422737522372","0.0018192779957","0.9818714437015","1.0047525497734","57.00000000","0.63507125","56.00000000","58.27014250","0","16470","9001002"
"0.9886440416445051","0.0020752383471","0.9771654387376","1.0033463226342","57.00000000","0.55000000","56.00000000","58.10000000","0","16500","9001002"
"0.9886625588287145","0.0019469676486","0.9784959994150","0.9992588470581","58.00000000","1.07354815","56.00000000","60.14709629","0","16530","9001002"
"0.988681685922689","0.0018666689655","0.9803920097093","0.9973983728013","60.00000000","0.85710678","59.00000000","61.71421356","0","16560","9001002"
"0.9886030775212644","0.0019529114307","0.9768248916150","1.0015159631433","61.00000000","1.07354815","59.00000000","63.14709629","0","16590","9001002"
"0.9886383222582492","0.0018255404532","0.9823437296325","1.0040473797220","60.00000000","0.80465367","59.00000000","61.60930734","0","16620","9001002"
"0.9886140507487076","0.0019268627142","0.9773987094735","1.0060902673260","64.00000000","1.93085052","61.00000000","67.86170104","0","16650","9001002"
"0.9886444568395946","0.0019244642165","0.9788326661194","1.0061536949657","61.00000000","0.65709255","60.00000000","62.31418511","0","16680","9001002"
"0.9887723944180566","0.0019412067475","0.9799070212540","1.0047648997962","62.00000000","3.19255532","57.00000000","68.38511063","0","16710","9001002"
"0.988788309204272","0.0021910273631","0.9763744026227","1.0028325877426","59.00000000","0.55000000","58.00000000","60.10000000","0","16740","9001002"
"0.9887379754615038","0.0018962359635","0.9826299713340","0.9977803469611","59.00000000","0.66449576","58.00000000","60.32899151","0","16770","9001002"
"0.988772465343126","0.0019065698643","0.9774603901682","0.9990056394033","61.00000000","1.16418511","59.00000000","63.32837021","0","16800","9001002"
"0.988818277017638","0.0018947878127","0.9794007954298","1.0026365305609","60.00000000","1.56421356","58.00000000","63.12842712","0","16830","9001002"
"0.9888794300123218","0.0018376773999","0.9799861352389","1.0050672662645","60.00000000","1.83183573","57.00000000","63.66367146","0","16860","9001002"
"0.9888276544229306","0.0019125113080","0.9773539880570","1.0064480230969","60.00000000","3.20344550","55.00000000","66.40689100","0","16890","9001002"
"0.988945831434066","0.0018914637224","0.9832526901867","1.0059625421484","62.00000000","2.00504083","59.00000000","66.01008165","0","16920","9001002"
"0.9887452618517464","0.0019216876086","0.9772551771645","1.0037968421849","62.00000000","0.85710678","61.00000000","63.71421356","0","16950","9001002"
"0.9888042817727584","0.0019149808249","0.9796481602684","1.0005222269611","62.00000000","0.55000000","61.00000000","63.10000000","0","16980","9001002"
"0.9887035468507912","0.0018882608212","0.9793350767267","0.9963351529840","62.00000000","0.55000000","61.00000000","63.10000000","0","17010","9001002"
"0.9888655831004644","0.0019137067223","0.9775186202778","1.0004343286303","63.00000000","0.63507125","62.00000000","64.27014250","0","17040","9001002"
"0.9888168109973458","0.0019210110987","0.9826718979519","1.0037584908088","62.00000000","0.55000000","61.00000000","63.10000000","0","17070","9001002"
"0.989041814293474","0.0023849366451","0.9760548743714","1.0079798993633","64.00000000","1.12014250","62.00000000","66.24028500","0","17100","9001002"
"0.9888158744467864","0.0018410361592","0.9802187485917","1.0061612075236","61.00000000","1.39852855","59.00000000","63.79705709","0","17130","9001002"
"0.988951797937227","0.0019025895661","0.9792334443564","1.0054717292221","61.00000000","1.07582010","59.00000000","63.15164020","0","17160","9001002"
"0.9888061941183032","0.0018827949115","0.9777072728261","1.0026984952035","61.00000000","1.95475562","58.00000000","64.90951125","0","17190","9001002"
"0.9911290201712766","0.0367789026119","0.8800115069113","1.1410028914548","60.00000000","1.44478592","58.00000000","62.88957185","0","17220","9001002"
"0.9928662533638072","0.0457145209667","0.8498094784807","1.1770261417751","62.00000000","0.55000000","61.00000000","63.10000000","0","17250","9001002"
"1.008057705272274","0.1395431491647","0.5867051199864","1.5713763868766","68.00000000","0.55000000","67.00000000","69.10000000","0","17280","9001002"
"1.0026553718519449","0.0080563474016","0.9741867449483","1.0430181202334","84.00000000","12.82872233","65.00000000","109.65744467","0","17310","9001002"
"1.002539988300938","0.0018000000000","0.9918690810935","1.0195197857057","62.00000000","3.10057322","57.00000000","68.20114645","0","17340","9001002"
"1.0025573350261263","0.0018000000000","0.9959810883045","1.0195584879369","62.00000000","1.20559733","60.00000000","64.41119465","0","17370","9001002"
"1.0023055117913633","0.0018000000000","0.9909376057730","1.0177033972307","63.00000000","1.07354815","61.00000000","65.14709629","0","17400","9001002"
"1.0023062736392456","0.0018000000000","0.9945461675516","1.0147420236074","62.00000000","0.65709255","61.00000000","63.31418511","0","17430","9001002"
"1.0023526844004345","0.0018000000000","0.9923832869657","1.0109584295989","62.00000000","0.55000000","61.00000000","63.10000000","0","17460","9001002"
"1.002393892897154","0.0018000000000","0.9919261366881","1.0122511664792","59.00000000","1.99709629","56.00000000","62.99419258","0","17490","9001002"
"1.002302638093265","0.0074348303982","0.9784317079307","1.0383217867526","61.00000000","1.12014250","59.00000000","63.24028500","0","17520","9001002"
"1.001700937809104","0.0018000000000","0.9903049697904","1.0177623845598","55.00000000","1.16418511","53.00000000","57.32837021","0","17550","9001002"
"1.0019241508583354","0.0018000000000","0.9945376085490","1.0190983584625","56.00000000","1.57457424","54.00000000","59.14914848","0","17580","9001002"
"1.0018214561924257","0.0018000000000","0.9916026371528","1.0184551164115","57.00000000","2.32124059","54.00000000","61.64248119","0","17610","9001002"
"1.0019660527005951","0.0018000000000","0.9917240625682","1.0164954575410","57.00000000","1.39852855","55.00000000","59.79705709","0","17640","9001002"
"1.001914322184034","0.0018000000000","0.9945646812706","1.0131245615609","60.00000000","1.57457424","58.00000000","63.14914848","0","17670","9001002"
"1.0020112316662195","0.0018000000000","0.9906139589104","1.0092375748999","58.00000000","2.15733947","55.00000000","62.31467895","0","17700","9001002"
"1.001920922209964","0.0018000000000","0.9949168087089","1.0130828417306","59.00000000","1.16418511","57.00000000","61.32837021","0","17730","9001002"
"1.0020505474715813","0.0018000000000","0.9916038110125","1.0165440084866","60.00000000","1.24812675","58.00000000","62.49625349","0","17760","9001002"
"1.0019277117750625","0.0018000000000","0.9919330953069","1.0185437621890","59.00000000","0.55000000","58.00000000","60.10000000","0","17790","9001002"
"1.0020754596253076","0.0034003652020","0.9895502215162","1.0256547712249","59.00000000","0.56403934","58.00000000","60.12807867","0","17820","9001002"
"1.0021760835082216","0.0018000000000","0.9908042691008","1.0182618225502","59.00000000","0.55000000","58.00000000","60.10000000","0","17850","9001002"
"1.0020556682048627","0.0018000000000","0.9954411419369","1.0155764100162","59.00000000","1.24812675","57.00000000","61.49625349","0","17880","9001002"
"1.0021620235981832","0.0018000000000","0.9915098909965","1.0120700524179","58.00000000","0.85710678","57.00000000","59.71421356","0","17910","9001002"
"1.0022941646689283","0.0018000000000","0.9925674255371","1.0108477272415","60.00000000","1.99709629","57.00000000","63.99419258","0","17940","9001002"
"1.002211238869014","0.0018000000000","0.9941229663611","1.0146020285294","59.00000000","0.80465367","58.00000000","60.60930734","0","17970","9001002"
"1.0022597276553995","0.0018000000000","0.9909400210729","1.0176273276516","60.00000000","0.63507125","59.00000000","61.27014250","0","18000","9001002"
"1.0021231998907256","0.0018000000000","0.9959036807312","1.0191137622883","58.00000000","1.68392998","55.00000000","61.36785996","0","18030","9001002"
"1.0021600038469192","0.0018000000000","0.9913259129684","1.0191506611344","60.00000000","0.66449576","59.00000000","61.32899151","0","18060","9001002"
"1.0021431002717804","0.0294350165123","0.9097984971973","1.1280510352583","66.69303569","1.77175083","64.00000000","70.23653734","0","18090","9001002"
"1.002180443759072","0.0252676633028","0.9233370478688","1.1084422850438","66.02693732","1.56338317","64.00000000","69.15370365","0","18120","9001002"
"1.0021246623933202","0.0198956341842","0.9365965780265","1.0830612235473","67.89412121","1.29478171","66.00000000","70.48368463","0","18150","9001002"
"1.0022479332446752","0.0217906121373","0.9364552419208","1.0921179618920","64.28056994","1.38953061","62.00000000","67.05963116","0","18180","9001002"
"1.0021420597320418","0.0268485328289","0.9160046619524","1.1158565716397","67.72786620","1.64242664","65.00000000","71.01271948","0","18210","9001002"
"1.0022833044717416","0.0018000000000","0.9931489632084","1.0183688296719","61.00000000","0.56403934","60.00000000","62.12807867","0","18240","9001002"
"1.0022736230443063","0.0018000000000","0.9934946515300","1.0194514428176","61.00000000","1.60521375","59.00000000","64.21042750","0","18270","9001002"
"1.002221836434054","0.0018000000000","0.9910852459110","1.0188380437948","61.00000000","1.39852855","59.00000000","63.79705709","0","18300","9001002"
"1.0022312716565491","0.0018000000000","0.9968109590753","1.0167250515682","61.00000000","1.68392998","58.00000000","64.36785996","0","18330","9001002"
"1.002274368139778","0.0018000000000","0.9911498140753","1.0134367156471","62.00000000","0.55000000","61.00000000","63.10000000","0","18360","9001002"
"1.0022663084331198","0.0018000000000","0.9934538441012","1.0094921855324","61.00000000","0.92459667","60.00000000","62.84919334","0","18390","9001002"
"1.0023156761897625","0.0018000000000","0.9932132179475","1.0135254885502","60.00000000","0.55000000","59.00000000","61.10000000","0","18420","9001002"
"1.0021958849820516","0.0018000000000","0.9911894855301","1.0167249727055","59.00000000","0.63507125","58.00000000","60.27014250","0","18450","9001002"
"1.0021495341143003","0.0018000000000","0.9963692137192","1.0187830396807","59.00000000","1.28759292","57.00000000","61.57518584","0","18480","9001002"
"1.0021204929356304","0.0018000000000","0.9908887301664","1.0192947339864","61.00000000","1.56421356","59.00000000","64.12842712","0","18510","9001002"
"1.0022670573421923","0.0018000000000","0.9937916982094","1.0183287200947","62.00000000","0.55000000","61.00000000","63.10000000","0","18540","9001002"
"1.0022185697951125","0.0018000000000","0.9928091472027","1.0156987596145","62.00000000","0.65709255","61.00000000","63.31418511","0","18570","9001002"
"1.002280484984321","0.0018000000000","0.9914292954003","1.0121382079411","61.00000000","0.93590525","60.00000000","62.87181050","0","18600","9001002"
"1.002219174553301","0.0018000000000","0.9960399183778","1.0108244582429","60.00000000","0.65709255","59.00000000","61.31418511","0","18630","9001002"
"1.0022090818483618","0.0018000000000","0.9908961348645","1.0146444346725","61.00000000","0.74408853","60.00000000","62.48817705","0","18660","9001002"
"1.0022098332472975","0.0018000000000","0.9940853032350","1.0176074517373","60.00000000","1.53266580","58.00000000","63.06533159","0","18690","9001002"
"1.0022945216515973","0.0018000000000","0.9925960269285","1.0192955820569","62.00000000","1.07354815","60.00000000","64.14709629","0","18720","9001002"
"1.0022146728831312","0.0018000000000","0.9915430193331","1.0191945675598","62.00000000","0.55000000","61.00000000","63.10000000","0","18750","9001002"
"1.002334642021972","0.0664128891018","0.8019212602245","1.2761238281299","70.17471449","2.63238667","66.00000000","75.43948784","0","18780","9001002"
"1.0022063106349297","0.0574394538508","0.8239202046624","1.2371106106549","74.96774442","2.36318362","71.00000000","79.69411165","0","18810","9001002"
"1.002251438800272","0.0459068001371","0.8621694958286","1.1871809060609","71.36154256","2.01720400","68.00000000","75.39595057","0","18840","9001002"
"1.0022742866066807","0.0502734383382","0.8468855869544","1.2061258527389","73.56838464","2.14820315","70.00000000","77.86479094","0","18870","9001002"
"1.002669549879203","0.0610822852896","0.8143541014734","1.2533594528006","74.06859254","2.47246856","70.00000000","79.01352965","0","18900","9001002"
"1.0027433032327653","0.0687280840338","0.7949941205365","1.2865650007124","70.56493059","2.70184252","67.00000000","75.96861564","0","18930","9001002"
"1.0028411578397922","0.0719434795532","0.7810148086378","1.3005962359035","74.99591054","2.79830439","71.00000000","80.59251932","0","18960","9001002"
"1.0151228719752063","0.0448876388001","0.8784719389509","1.2040719249014","63.00000000","0.55000000","62.00000000","64.10000000","0","18990","9001002"
"1.015112347988184","0.0020397052778","1.0041753442138","1.0305291251836","60.00000000","2.27132034","57.00000000","64.54264069","0","19020","9001002"
"1.0151666010429157","0.0018000000000","1.0049236883292","1.0262809486289","54.00000000","2.93652218","50.00000000","59.87304437","0","19050","9001002"
"1.0083985479490865","0.0154212291192","0.9601866974631","1.0701615611525","68.00000000","10.73856209","52.00000000","89.47712417","0","19080","9001002"
"1.0029086526981683","0.0022259126885","0.9902335949745","1.0158698993062","63.00000000","14.47813507","45.00000000","91.95627014","0","19110","9001002"
"1.0054800136308917","0.0313103704166","0.9099432833024","1.1380860098676","60.00000000","1.33817705","58.00000000","62.67635410","0","19140","9001002"
"1.005235583218302","0.0018000000000","0.9947896920045","1.0218862866890","56.00000000","3.20344550","51.00000000","62.40689100","0","19170","9001002"
"1.005268985812707","0.0018000000000","0.9952733646269","1.0224393451288","55.00000000","1.24812675","53.00000000","57.49625349","0","19200","9001002"
"1.0052277111380696","0.0018000000000","0.9975050092374","1.0212650559468","58.00000000","2.56424345","54.00000000","63.12848690","0","19230","9001002"
"1.0090161534379818","0.0296866748224","0.9139841634916","1.1340023192966","59.00000000","4.50552388","52.00000000","68.01104775","0","19260","9001002"
"1.0119745337188064","0.0038663802375","0.9991593366166","1.0300473992872","65.00000000","0.56403934","64.00000000","66.12807867","0","19290","9001002"
"1.0118820195010385","0.0018000000000","1.0012306425193","1.0205389859861","59.00000000","2.89933147","55.00000000","64.79866294","0","19320","9001002"
"1.0119887689448297","0.0018000000000","1.0022609474426","1.0244685421666","63.00000000","0.97807867","62.00000000","64.95615734","0","19350","9001002"
"1.011895377800773","0.0019111608677","1.0034750196811","1.0277674347093","63.00000000","1.00356396","61.00000000","65.00712791","0","19380","9001002"
"1.0119476239989558","0.0018000000000","1.0006276628497","1.0289589151406","63.00000000","0.66449576","62.00000000","64.32899151","0","19410","9001002"
"1.011867958036364","0.0018000000000","1.0056468910390","1.0288368234081","63.00000000","0.55000000","62.00000000","64.10000000","0","19440","9001002"
"1.0119721200592986","0.0026512341442","0.9985849893710","1.0306842251897","63.00000000","1.13518437","61.00000000","65.27036873","0","19470","9001002"
"1.0118917770449416","0.0019040105847","1.0021390365601","1.0246094602015","60.00000000","0.55000000","59.00000000","61.10000000","0","19500","9001002"
"1.0119194257227804","0.0018000000000","1.0034803668868","1.0203698992179","59.00000000","1.60521375","57.00000000","62.21042750","0","19530","9001002"
"1.011905800327875","0.0018000000000","1.0006642615877","1.0219137705840","60.00000000","1.87353945","57.00000000","63.74707890","0","19560","9001002"
"1.0118873137340776","0.0018000000000","1.0060649001757","1.0254882832128","61.00000000","1.56421356","59.00000000","64.12842712","0","19590","9001002"
"1.0117690893216378","0.0018000000000","1.0007778566971","1.0279020438557","61.00000000","1.28389342","59.00000000","63.56778684","0","19620","9001002"
"1.011836097011","0.0018000000000","1.0027005328872","1.0290203247572","61.00000000","1.20559733","59.00000000","63.41119465","0","19650","9001002"
"1.011745277345902","0.0018639514037","1.0027757429093","1.0285816147582","63.00000000","1.13518437","61.00000000","65.27036873","0","19680","9001002"
"1.0118243637387037","0.0018000000000","1.0006873155234","1.0262462980737","65.00000000","2.97842712","61.00000000","70.95685425","0","19710","9001002"
"1.011808671621169","0.0028042585390","1.0033740209232","1.0268919466992","66.00000000","0.56403934","65.00000000","67.12807867","0","19740","9001002"
"1.0118532068266648","0.0018000000000","1.0007291209475","1.0191835210509","67.00000000","1.24812675","65.00000000","69.49625349","0","19770","9001002"
"1.0116755711820935","0.0018000000000","1.0028618217793","1.0229808398810","63.00000000","1.20559733","61.00000000","65.41119465","0","19800","9001002"
"1.0118845274514223","0.0040330762904","0.9960840700072","1.0354165732026","69.00000000","3.61410162","64.00000000","76.22820323","0","19830","9001002"
"1.0121862043507976","0.0019225937523","1.0008114672260","1.0293442230178","67.00000000","4.21201920","61.00000000","75.42403840","0","19860","9001002"
"1.012185456682284","0.0018000000000","1.0064066956671","1.0293516623756","62.00000000","1.07582010","60.00000000","64.15164020","0","19890","9001002"
"1.0121380382296303","0.0018000000000","1.0009066430733","1.0281508241035","63.00000000","2.15733947","60.00000000","67.31467895","0","19920","9001002"
"1.0121593049946025","0.0018000000000","1.0036826043152","1.0255578781652","69.00000000","2.24340702","66.00000000","73.48681404","0","19950","9001002"
"1.0122116197007365","0.0018000000000","1.0028033596705","1.0219685148799","66.00000000","4.76054692","59.00000000","75.52109383","0","19980","9001002"
"1.0122368507238182","0.0027312631373","0.9985912190710","1.0246705128227","65.00000000","3.38582883","60.00000000","71.77165767","0","20010","9001002"
"1.0121888663583878","0.0018000000000","1.0060111594844","1.0247129160003","65.00000000","3.15978795","60.00000000","71.31957591","0","20040","9001002"
"1.012084749123552","0.0018000000000","1.0007720675398","1.0275417331506","62.00000000","4.95624594","55.00000000","71.91249187","0","20070","9001002"
"1.0120126339585236","0.0317497560589","0.9140374437338","1.1488329125219","65.81728137","1.88748780","63.00000000","69.59225697","0","20100","9001002"
"1.0121396409557093","0.0316605975427","0.9128604438716","1.1485396008000","66.86493630","1.88302988","64.00000000","70.63099606","0","20130","9001002"
"1.0120064653949146","0.0293070808582","0.9188128232853","1.1373112751551","67.51493302","1.76535404","65.00000000","71.04564111","0","20160","9001002"
"1.0119569375346105","0.0250793210579","0.9355457921781","1.1173308796649","64.78212146","1.55396605","62.00000000","67.89005356","0","20190","9001002"
"1.0119606207059086","0.0196781046491","0.9469587243413","1.0918716854801","67.97838828","1.28390523","66.00000000","70.54619874","0","20220","9001002"
"1.0121186766645265","0.0018000000000","1.0043556977915","1.0221767278252","66.00000000","2.54642591","62.00000000","71.09285182","0","20250","9001002"
"1.012112930331058","0.0018000000000","1.0021455588001","1.0257539329731","65.00000000","0.92459667","64.00000000","66.84919334","0","20280","9001002"
"1.01232216080669","0.0018000000000","1.0018527322853","1.0284784649318","68.00000000","4.17492236","62.00000000","76.34984472","0","20310","9001002"
"1.0123520321638797","0.0031511449048","1.0013351753336","1.0349436351583","66.00000000","3.38375059","61.00000000","72.76750117","0","20340","9001002"
"1.0122425275655058","0.0018000000000","1.0008466749057","1.0288048376310","66.00000000","0.65709255","65.00000000","67.31418511","0","20370","9001002"
"1.012403244687049","0.0018000000000","1.0050137538829","1.0267889603334","63.00000000","3.31692465","58.00000000","69.63384931","0","20400","9001002"
"1.012470949776566","0.0018000000000","1.0022539932610","1.0234889786032","65.00000000","3.17926899","60.00000000","71.35853797","0","20430","9001002"
"1.012420328666071","0.0019170140007","1.0018254516973","1.0202709128371","68.00000000","2.67050415","64.00000000","73.34100830","0","20460","9001002"
"1.012412720710718","0.0018000000000","1.0050660354996","1.0237655503050","66.00000000","2.15733947","63.00000000","70.31467895","0","20490","9001002"
"1.0124301900354955","0.0018000000000","1.0010328238815","1.0270649548564","68.00000000","3.15978795","63.00000000","74.31957591","0","20520","9001002"
"1.0124274500949342","0.0018000000000","1.0054203255473","1.0291117757606","71.00000000","0.55000000","70.00000000","72.10000000","0","20550","9001002"
"1.0123981382041145","0.0018512915960","1.0017992177900","1.0297650848838","67.00000000","3.90734575","61.00000000","74.81469149","0","20580","9001002"
"1.0125201691489063","0.0022703563502","1.0011124745066","1.0303895811671","67.00000000","3.81839786","61.00000000","74.63679572","0","20610","9001002"
"1.0125744527767249","0.0018000000000","1.0048531916362","1.0259319635161","64.00000000","6.70295174","54.00000000","77.40590347","0","20640","9001002"
"1.0125488625374803","0.0018000000000","1.0011767463916","1.0222552385515","75.00000000","2.10301964","72.00000000","79.20603928","0","20670","9001002"
"1.012208574886445","0.0018000000000","1.0055909884572","1.0209687863612","65.00000000","4.32133072","59.00000000","73.64266145","0","20700","9001002"
"1.012433402535308","0.0024883414777","0.9997177570965","1.0277549493234","66.00000000","2.34625349","62.00000000","70.69250699","0","20730","9001002"
"1.012554737644732","0.0031621379245","0.9987394202921","1.0334896187940","70.00000000","1.30044748","68.00000000","72.60089497","0","20760","9001002"
"1.0125113414953792","0.0018000000000","1.0044258631522","1.0295422911873","67.00000000","0.66449576","66.00000000","68.32899151","0","20790","9001002"
"1.0125398212250296","0.0018000000000","1.0012196059104","1.0294858291147","67.00000000","1.35712172","65.00000000","69.71424345","0","20820","9001002"
"1.0125769260501294","0.0018000000000","1.0063543112706","1.0278225099082","74.00000000","7.52757219","63.00000000","89.05514438","0","20850","9001002"
"1.0125301975966878","0.0018000000000","1.0016974323320","1.0247417346829","62.00000000","1.39852855","60.00000000","64.79705709","0","20880","9001002"
"1.0125768452428556","0.0021447610728","1.0021006983750","1.0223026757080","62.00000000","0.56403934","61.00000000","63.12807867","0","20910","9001002"
"1.0125820145811923","0.0018000000000","1.0041443030972","1.0226900687083","64.00000000","1.69919334","61.00000000","67.39838668","0","20940","9001002"
"1.0126197233531058","0.0018000000000","1.0013778280832","1.0263005835148","65.00000000","2.85620203","61.00000000","70.71240405","0","20970","9001002"
"1.0127368423232406","0.0018000000000","1.0069128701471","1.0289162518043","63.00000000","1.35712172","61.00000000","65.71424345","0","21000","9001002"
"1.0130581558795833","0.0049330040783","0.9926684780677","1.0427797188543","63.00000000","1.67127766","60.00000000","66.34255532","0","21030","9001002"
"1.0128802998530673","0.0022617013636","1.0023584090313","1.0312709383342","60.00000000","3.43991328","55.00000000","66.87982657","0","21060","9001002"
"1.012719598268709","0.0018000000000","1.0039432095609","1.0270688992745","66.00000000","0.92459667","65.00000000","67.84919334","0","21090","9001002"
"1.012753327014673","0.0018000000000","1.0016158214963","1.0237230396300","68.00000000","2.08095091","65.00000000","72.16190183","0","21120","9001002"
"1.012594187337122","0.0018000000000","1.0071707497582","1.0200289244719","70.00000000","2.32124059","67.00000000","74.64248119","0","21150","9001002"
"1.0125984214134318","0.0018000000000","1.0014748041078","1.0239986986571","68.00000000","1.96659021","65.00000000","71.93318042","0","21180","9001002"
"1.0126819033436445","0.0030723733129","1.0000497491627","1.0324409829042","68.00000000","0.65709255","67.00000000","69.31418511","0","21210","9001002"
"1.012662842502458","0.0018000000000","1.0035628438495","1.0293635915420","68.00000000","3.40395687","63.00000000","74.80791373","0","21240","9001002"
"1.0127788596361362","0.0018995966960","1.0014725576445","1.0303343296643","68.00000000","2.55709735","64.00000000","73.11419470","0","21270","9001002"
"1.012763423051643","0.0018000000000","1.0069862214421","1.0287263707678","76.00000000","1.45930734","74.00000000","78.91861468","0","21300","9001002"
"1.012809372971308","0.0018000000000","1.0015783458234","1.0261256533665","63.00000000","1.12014250","61.00000000","65.24028500","0","21330","9001002"
"1.0128800108027636","0.0018000000000","1.0044019687854","1.0225357993038","65.00000000","2.69950976","61.00000000","70.39901951","0","21360","9001002"
"1.012775148004683","0.0018000000000","1.0033680508084","1.0215869188584","66.00000000","0.91696499","65.00000000","67.83392998","0","21390","9001002"
"1.0127555468737748","0.0029478599904","0.9984594723750","1.0299591525592","66.00000000","1.24812675","64.00000000","68.49625349","0","21420","9001002"
"1.0094325090763698","0.0121081988425","0.9723317550291","1.0661807533570","65.00000000","0.80465367","64.00000000","66.60930734","0","21450","9001002"
"1.0092886485669297","0.0018000000000","0.9979762327843","1.0263290255366","60.00000000","7.00357050","49.00000000","74.00714100","0","21480","9001002"
"1.009322381702083","0.0039004084703","0.9948938423925","1.0346581959192","56.00000000","1.83033610","53.00000000","59.66067220","0","21510","9001002"
"1.0086740610920624","0.0024374178744","0.9970654935716","1.0264381945783","63.00000000","5.31777344","55.00000000","73.63554688","0","21540","9001002"
"1.0086524379443915","0.0018000000000","0.9979792927819","1.0208187175555","63.00000000","1.07354815","61.00000000","65.14709629","0","21570","9001002"
"1.008534547222595","0.0452846846934","0.8715088433487","1.1907681808939","70.17164979","1.99854054","67.00000000","74.16873088","0","21600","9001002"
"1.00860238185752","0.0508739333759","0.8500131617199","1.2150560931532","74.96742001","2.16621800","72.00000000","79.29985601","0","21630","9001002"
"1.008569158615897","0.0615616228521","0.8215198750341","1.2613361909750","71.36441503","2.48684869","68.00000000","76.33811240","0","21660","9001002"
"1.008542643028442","0.0690068099156","0.7969558551674","1.2935721526625","73.56635811","2.71020430","70.00000000","78.98676671","0","21690","9001002"
"1.0084485650588653","0.0719753926107","0.7874521230648","1.3063419330386","74.07026416","2.79926178","70.00000000","79.66878772","0","21720","9001002"
"1.0085371556509424","0.0699753035552","0.7970493314546","1.2977634710569","70.56191353","2.73925911","66.00000000","76.04043174","0","21750","9001002"
"1.0084130426709952","0.0633380742195","0.8124030256420","1.2688780309555","74.99579437","2.54014223","71.00000000","80.07607882","0","21780","9001002"
"1.008382598650294","0.0531638808158","0.8468999913536","1.2247594155188","70.99096485","2.23491642","68.00000000","75.46079770","0","21810","9001002"
"1.0084010224949498","0.0018000000000","0.9981849977314","1.0158879621950","66.00000000","0.91696499","65.00000000","67.83392998","0","21840","9001002"
"1.0083410583159234","0.0039775935682","0.9915635207202","1.0284990429416","64.00000000","1.55407570","62.00000000","67.10815140","0","21870","9001002"
"1.0083913688453516","0.0018000000000","1.0010461616835","1.0230955729491","61.00000000","1.28759292","59.00000000","63.57518584","0","21900","9001002"
"1.0083391164537894","0.0020644128960","0.9961484655226","1.0261136813694","63.00000000","2.93652218","59.00000000","68.87304437","0","21930","9001002"
"1.0082919978563325","0.0018000000000","1.0012833679489","1.0254441125230","71.00000000","3.60134245","66.00000000","78.20268490","0","21960","9001002"
"1.0082856257112487","0.0018000000000","0.9978414260146","1.0242232955635","64.00000000","3.97330316","58.00000000","71.94660632","0","21990","9001002"
"1.0082520849095835","0.0087457989890","0.9774170582566","1.0493101641276","64.00000000","2.32607310","61.00000000","68.65214619","0","22020","9001002"
"1.0081589840483218","0.0018000000000","1.0004391638253","1.0177641180679","70.00000000","1.43337790","68.00000000","72.86675579","0","22050","9001002"
"1.0082706381640427","0.0027795625100","0.9939596842266","1.0210521744840","69.00000000","0.91696499","68.00000000","70.83392998","0","22080","9001002"
"1.008255943602252","0.0256384041765","0.9301216146866","1.1162655632916","64.81274426","1.58192021","62.00000000","67.97658468","0","22110","9001002"
"1.0082175181282078","0.0296820782546","0.9139214186911","1.1352901727568","67.49990978","1.78410391","65.00000000","71.06811761","0","22140","9001002"
"1.008141505345716","0.0317893502655","0.9084434691867","1.1451484423118","66.88665691","1.88946751","64.00000000","70.66559193","0","22170","9001002"
"1.008249830555608","0.0316109222687","0.9107329827620","1.1444156069652","65.78938733","1.88054611","63.00000000","69.55047955","0","22200","9001002"
"1.0081680502235757","0.0291763701952","0.9147184705595","1.1328566525724","67.94697939","1.75881851","65.00000000","71.46461641","0","22230","9001002"
"1.0082141982841624","0.0018000000000","1.0019900357783","1.0203350849916","62.00000000","2.40571170","58.00000000","66.81142341","0","22260","9001002"
"1.008117134174137","0.0023348233990","0.9956805620721","1.0184994015342","66.00000000","0.80465367","65.00000000","67.60930734","0","22290","9001002"
"1.008099346148841","0.0018000000000","0.9986563278545","1.0183071669427","63.00000000","3.54549875","58.00000000","70.09099750","0","22320","9001002"
"1.0081151211777122","0.0018000000000","0.9996787572516","1.0218751651046","59.00000000","1.20559733","57.00000000","61.41119465","0","22350","9001002"
"1.008162315693903","0.0033093673397","0.9923919622713","1.0304246700269","60.00000000","0.85710678","59.00000000","61.71421356","0","22380","9001002"
"1.0081114772196933","0.0058637846739","0.9900945924328","1.0415603918548","62.00000000","2.37967006","58.00000000","66.75934012","0","22410","9001002"
"1.0080174709786989","0.0018000000000","0.9970273728284","1.0245235860300","59.00000000","4.15356984","53.00000000","67.30713967","0","22440","9001002"
"1.008014620001884","0.0018000000000","0.9988766109172","1.0222905078486","66.00000000","0.80465367","65.00000000","67.60930734","0","22470","9001002"
"1.0079873724803468","0.0018000000000","0.9992122755193","1.0188601455973","65.00000000","2.54642591","61.00000000","70.09285182","0","22500","9001002"
"1.0079177653931697","0.0018000000000","0.9967798029608","1.0154568998339","65.00000000","0.91696499","64.00000000","66.83392998","0","22530","9001002"
"1.0080478352284514","0.0018000000000","1.0026228351530","1.0195426628599","64.00000000","1.07354815","62.00000000","66.14709629","0","22560","9001002"
"1.0080814264610023","0.0018000000000","0.9969582781170","1.0228200437228","67.00000000","3.10057322","62.00000000","73.20114645","0","22590","9001002"
"1.008067479105356","0.0020185256683","0.9985955832505","1.0256743998792","71.00000000","0.66449576","70.00000000","72.32899151","0","22620","9001002"
"1.0080327795742658","0.0057514114781","0.9870797766582","1.0409853001851","71.00000000","0.55000000","70.00000000","72.10000000","0","22650","9001002"
"1.0079967787428394","0.0018000000000","0.9969887111838","1.0239089324583","71.00000000","0.74408853","70.00000000","72.48817705","0","22680","9001002"
"1.0078711722829827","0.0018000000000","1.0020955301047","1.0211044927524","73.00000000","1.60521375","71.00000000","76.21042750","0","22710","9001002"
"1.0078814819435475","0.0020337406206","0.9959496013376","1.0183708583771","72.00000000","0.63507125","71.00000000","73.27014250","0","22740","9001002"
"1.0079290918781827","0.0018000000000","0.9994497087316","1.0168438482276","69.00000000","1.56421356","67.00000000","72.12842712","0","22770","9001002"
"1.0078885211531698","0.0018000000000","0.9984825870626","1.0205882126124","69.00000000","0.97807867","68.00000000","70.95615734","0","22800","9001002"
"1.0079537529312037","0.0018000000000","0.9971006064862","1.0235267596944","69.00000000","0.97807867","68.00000000","70.95615734","0","22830","9001002"
"1.0079670432735637","0.0018000000000","1.0017924351609","1.0250254695186","72.00000000","1.53873015","70.00000000","75.07746030","0","22860","9001002"
"1.0080195345690397","0.0018000000000","0.9967073849884","1.0249292637849","67.00000000","2.45089497","63.00000000","71.90178993","0","22890","9001002"
"1.0079904332970044","0.0018000000000","0.9998617277325","1.0231419967475","65.00000000","0.80465367","64.00000000","66.60930734","0","22920","9001002"
"1.0080553192240755","0.0021651561091","0.9972646278494","1.0215913032734","67.00000000","0.60226702","66.00000000","68.20453403","0","22950","9001002"
"1.008170342933502","0.0018000000000","0.9974964525012","1.0163613671225","70.00000000","1.43337790","68.00000000","72.86675579","0","22980","9001002"
"1.008171117861407","0.0027961010497","0.9986126973870","1.0224131038337","66.00000000","1.68392998","63.00000000","69.36785996","0","23010","9001002"
"1.0081276350641115","0.0018000000000","0.9967603778666","1.0219270030773","66.00000000","0.91696499","65.00000000","67.83392998","0","23040","9001002"
"1.008060060168309","0.0021799352839","0.9991544032992","1.0258270551747","65.00000000","0.63507125","64.00000000","66.27014250","0","23070","9001002"
"1.0080297839855028","0.0018000000000","0.9980644395973","1.0252252658010","60.00000000","2.36036519","56.00000000","64.72073039","0","23100","9001002"
"1.008074277251484","0.0020497331847","0.9968539782387","1.0255600851337","66.00000000","1.55407570","64.00000000","69.10815140","0","23130","9001002"
"1.0080925160795535","0.0022340565043","0.9998299417270","1.0240676334268","66.00000000","0.63507125","65.00000000","67.27014250","0","23160","9001002"
"1.0079716905792675","0.0023532863430","0.9949160958757","1.0210089884247","61.00000000","1.07582010","59.00000000","63.15164020","0","23190","9001002"
"1.0080160321238176","0.0018000000000","1.0006235933645","1.0156073520570","62.00000000","0.55000000","61.00000000","63.10000000","0","23220","9001002"
"1.0079979886631136","0.0062938160273","0.9843014478964","1.0375151805640","64.00000000","1.53266580","62.00000000","67.06533159","0","23250","9001002"
"1.0080332611187677","0.0018000000000","0.9977875826317","1.0228060859634","65.00000000","0.97807867","64.00000000","66.95615734","0","23280","9001002"
"1.0080486142265068","0.0018044605636","1.0006915035551","1.0248149193942","62.00000000","0.61291005","61.00000000","63.22582010","0","23310","9001002"
"1.0080926539196284","0.0018000000000","0.9966951959943","1.0252340174025","61.00000000","1.87353945","58.00000000","64.74707890","0","23340","9001002"
"1.0080590575729358","0.0018000000000","1.0010489224147","1.0239454575743","62.00000000","2.73957185","58.00000000","67.47914369","0","23370","9001002"
"1.0080896840473257","0.0018000000000","0.9976463306224","1.0212812771975","62.00000000","0.55000000","61.00000000","63.10000000","0","23400","9001002"
"1.007954726997306","0.0018000000000","0.9979560935287","1.0174583566757","63.00000000","2.48263295","59.00000000","67.96526590","0","23430","9001002"
"1.008179138682465","0.0022959828218","0.9989728110688","1.0191292496277","61.00000000","0.85710678","60.00000000","62.71421356","0","23460","9001002"
"1.0082002233262422","0.0018000000000","0.9968278070620","1.0209434532869","61.00000000","0.66449576","60.00000000","62.32899151","0","23490","9001002"
"1.0082670104585685","0.0025014376786","0.9995420511625","1.0266742047601","61.00000000","0.63507125","60.00000000","62.27014250","0","23520","9001002"
"1.0075908620890577","0.0203258914465","0.9413640797645","1.0987614756253","63.00000000","0.91696499","62.00000000","64.83392998","0","23550","9001002"
"1.0051098136444514","0.0018000000000","0.9953787467923","1.0220069199606","62.00000000","1.20559733","60.00000000","64.41119465","0","23580","9001002"
"1.0051417696446634","0.0018000000000","0.9970590861948","1.0202615581414","63.00000000","0.91696499","62.00000000","64.83392998","0","23610","9001002"
"1.0051254290169245","0.0018000000000","0.9938047065762","1.0171551285861","62.00000000","0.55000000","61.00000000","63.10000000","0","23640","9001002"
"1.005093836315327","0.0018000000000","0.9988681261390","1.0132328839043","63.00000000","1.97305497","60.00000000","66.94610993","0","23670","9001002"
"1.004872323628497","0.0018000000000","0.9940408854514","1.0151795830028","68.00000000","0.55000000","67.00000000","69.10000000","0","23700","9001002"
"1.0048257297459229","0.0018000000000","0.9953815570809","1.0186642418830","65.00000000","2.15733947","62.00000000","69.31467895","0","23730","9001002"
"1.0048494415421958","0.0018000000000","0.9964144253800","1.0211188175947","64.00000000","0.74408853","63.00000000","65.48817705","0","23760","9001002"
"1.004811476046034","0.0018000000000","0.9935688689052","1.0220083911645","64.00000000","0.55000000","63.00000000","65.10000000","0","23790","9001002"
"1.0047703734298663","0.0018000000000","0.9989432841044","1.0212377554154","67.00000000","6.21041017","58.00000000","79.42082034","0","23820","9001002"
"1.0047925001007372","0.0021587113325","0.9927268357589","1.0204290482960","68.00000000","0.65709255","67.00000000","69.31418511","0","23850","9001002"
"1.004833132131285","0.0018000000000","0.9956939009464","1.0156085651319","68.00000000","0.55000000","67.00000000","69.10000000","0","23880","9001002"
"1.0048234236558982","0.0018000000000","0.9960496186705","1.0124669184105","68.00000000","2.95815140","64.00000000","73.91630280","0","23910","9001002"
"1.004754252598581","0.0018000000000","0.9936158336414","1.0163431621476","66.00000000","1.58427433","64.00000000","69.16854866","0","23940","9001002"
"1.0047725956330238","0.0018000000000","0.9993460330628","1.0195794215522","60.00000000","1.79495664","57.00000000","63.58991328","0","23970","9001002"
"1.0048482320166767","0.0706915420292","0.7870509269350","1.2971782474764","74.72267899","2.76074626","71.00000000","80.24417152","0","24000","9001002"
"1.0048818223879772","0.0718067435097","0.7860439886330","1.3020443775965","72.41760323","2.79420231","68.00000000","78.00600784","0","24030","9001002"
"1.0049479880681835","0.0679812282370","0.7973067652973","1.2855333104284","72.69753806","2.67943685","69.00000000","78.05641175","0","24060","9001002"
"1.00485036648253","0.0598491073273","0.8196944216665","1.2501964982341","74.60862283","2.43547322","71.00000000","79.47956927","0","24090","9001002"
"1.004769622028281","0.0487583477601","0.8581204960264","1.2020557956554","69.37408272","2.10275043","66.00000000","73.57958359","0","24120","9001002"
"1.0048003772061385","0.0474526644100","0.8566120940314","1.1964285896495","74.83028994","2.06357993","72.00000000","78.95744981","0","24150","9001002"
"1.00479556274672","0.0587598519006","0.8254352829779","1.2454215876494","72.08072407","2.40279556","68.00000000","76.88631518","1","24180","9001002"
"1.0050934181812183","0.0672889539207","0.7992217857058","1.2826788851711","73.00477071","2.65866862","69.00000000","78.32210795","2","24210","9001002"
"1.0051058596996396","0.0716262005553","0.7847734600413","1.3014860621060","74.45379799","2.78878602","70.00000000","80.03137003","0","24240","9001002"
"1.0051367674937322","0.0710526569397","0.7912057380214","1.2990316142324","69.77305865","2.77157971","66.00000000","75.31621807","0","24270","9001002"
"1.0050913747373438","0.0656633927198","0.8021893136004","1.2756327431897","74.91188298","2.60990178","71.00000000","80.13168654","0","24300","9001002"
"1.0052339089071731","0.0563517234639","0.8334486414703","1.2354247105840","71.73009705","2.33055170","68.00000000","76.39120045","0","24330","9001002"
"1.005282366518068","0.0446611361443","0.8670048261791","1.1848139564766","73.29413191","1.97983408","70.00000000","77.25380007","0","24360","9001002"
"1.0050655793011098","0.0514705567233","0.8453792737866","1.2141046584355","74.27463534","2.18411670","71.00000000","78.64286875","0","24390","9001002"
"1.0024846012659965","0.0620324256935","0.8152187394076","1.2572917792714","70.16858478","2.50097277","66.00000000","75.17053032","0","24420","9001002"
"1.002440035314236","0.0692737527468","0.7886516830932","1.2886262972172","74.96709398","2.71821258","71.00000000","80.40351915","0","24450","9001002"
"1.0045024534955111","0.0719942274274","0.7861524843643","1.3024774390142","71.36728685","2.79982682","67.00000000","76.96694049","0","24480","9001002"
"0.9954458064991132","0.0697429083291","0.7816527511596","1.2836650759251","73.56433035","2.73228725","69.00000000","79.02890485","0","24510","9001002"
"0.9956073522535946","0.0628929704008","0.8018565066400","1.2541435573237","74.07193441","2.52678911","70.00000000","79.12551264","0","24540","9001002"
"0.9955276018726992","0.0525798480810","0.8362291615868","1.2093736102239","70.55889604","2.21739544","67.00000000","74.99368693","0","24570","9001002"
"0.9955543083401532","0.0434869724461","0.8590977144300","1.1699978556065","74.99567657","1.94460917","72.00000000","78.88489492","0","24600","9001002"
"0.9955088446864429","0.0553073148675","0.8275929875495","1.2211738757791","70.99391253","2.29921945","68.00000000","75.59235143","0","24630","9001002"
"0.9954810184488386","0.0649218586755","0.7959012821427","1.2628090727095","73.81416028","2.58765576","70.00000000","78.98947180","0","24660","9001002"
"0.9955290795505386","0.0707369129104","0.7784717410649","1.2880557021624","73.84659975","2.76210739","70.00000000","79.37081453","0","24690","9001002"
"0.9954392164712056","0.0717885837517","0.7781312145484","1.2925230793953","70.94225067","2.79365751","67.00000000","76.52956569","0","24720","9001002"
"0.9955003866462514","0.0679025479714","0.7857952395312","1.2757447611889","74.99750320","2.67707644","71.00000000","80.35165608","0","24750","9001002"
"0.9954794177060132","0.0597229484654","0.8146989320100","1.2402788610562","70.61164030","2.43168845","67.00000000","75.47501721","0","24780","9001002"
"0.995390888376554","0.0486056221873","0.8445315150035","1.1920152511882","74.04250681","2.09816867","71.00000000","78.23884414","0","24810","9001002"
"0.9954043586902462","0.0476066411541","0.8479847982886","1.1876998036915","73.59963694","2.06819923","70.00000000","77.73603541","0","24840","9001002"
"0.9953732250329644","0.0588895568844","0.8163876164637","1.2365613048652","71.31693792","2.40668671","68.00000000","76.13031133","0","24870","9001002"
"0.995316016253642","0.0673728874594","0.7872247881594","1.2732651952446","74.97256572","2.66118662","71.00000000","80.29493896","0","24900","9001002"
"0.9954086672277296","0.0716504499637","0.7792351412849","1.2918939504039","70.22217605","2.78951350","66.00000000","75.80120305","0","24930","9001002"
"0.9952968748797368","0.0710132026758","0.7770089159114","1.2890207531414","74.24835094","2.77039608","70.00000000","79.78914310","0","24960","9001002"
"0.9953552337855288","0.0655667746574","0.7943227617653","1.2654779239675","73.33214805","2.60700324","69.00000000","78.54615453","0","24990","9001002"
"0.9953502950409016","0.0562139568540","0.8240271387485","1.2249441080751","71.68128573","2.32641871","68.00000000","76.33412314","0","25020","9001002"
"0.996130077726895","0.0445050569535","0.8566939314647","1.1749853245256","74.92097540","1.97515171","72.00000000","78.87127882","0","25050","9001002"
"0.9960899825481646","0.0516190770652","0.8404054935619","1.2057726498306","69.82725779","2.18857231","67.00000000","74.20440241","0","25080","9001002"
"0.9981883289560622","0.0621487686990","0.8063112487781","1.2534996599852","74.43077408","2.50446306","71.00000000","79.43970020","2","25110","9001002"
"0.998515645042586","0.0693386335908","0.7864544175087","1.2849830572695","73.04532676","2.72015901","69.00000000","78.48564478","1","25140","9001002"
"0.9984512200199216","0.0719968915680","0.7794268771235","1.2964377501478","72.03366819","2.79990675","68.00000000","77.63348169","0","25170","9001002"
