acc_mean,acc_std,acc_min,acc_max,hr_mean,hr_std,hr_min,hr_max,steps_sum,t
1.0006405751641534,0.0880299771126699,0.5026353010340997,1.6490801663986958,73.0,1.8973665961010275,71.0,76.0,0,240
1.0058275852208265,0.1164209578595795,0.4492467288311179,1.9796186321780795,82.6,3.049590136395381,78.0,85.0,0,270
1.003879914294917,0.1190002995919026,0.4021409368824567,1.6069949817474944,75.83333333333333,2.9268868558020253,73.0,80.0,0,300
0.9990268572073476,0.0565026486214762,0.6920425698806758,1.5437596523985655,76.16666666666667,5.192943930629973,73.0,86.0,0,330
0.9956938596451196,0.0020268353755166,0.988023508321634,1.0043448894371894,73.8,0.8366600265340756,73.0,75.0,0,360
0.995719138434872,0.0020071631073914,0.9884617347477443,1.0035598939501766,73.6,0.8944271909999159,73.0,75.0,0,390
0.9980420683443304,0.0444614667450051,0.6195333566237576,1.6200981066830829,74.0,1.4142135623730951,73.0,77.0,0,420
1.0040830415878934,0.1058426870176263,0.418834788262914,3.495963114965617,71.2,1.9235384061671343,68.0,73.0,0,450
0.9979871890610086,0.0210312561142762,0.8657334538376404,1.219388016543569,71.0,2.3664319132398464,68.0,73.0,0,480
0.9988566512968046,0.0699333775888728,0.4649903822109549,1.9068389070506035,76.4,3.7815340802378072,73.0,82.0,0,510
0.9982321475543896,0.0086277214466569,0.926508638337242,1.072181141648164,68.33333333333333,0.816496580927726,68.0,70.0,0,540
0.9975830247095332,0.001823802732689,0.9914421448642426,1.0048660396461262,70.33333333333333,1.2110601416389968,69.0,72.0,0,570
0.997507665367393,0.0074796007218755,0.9192436119170314,1.0900593646293764,70.33333333333333,1.7511900715418265,68.0,73.0,0,600
0.9976191846951266,0.0019020300241607,0.9910178169299784,1.0049627364965033,69.4,0.8944271909999159,68.0,70.0,0,630
0.9975998173054113,0.0068682983361929,0.9567153571717034,1.0448342316422543,71.83333333333333,0.752772652709081,71.0,73.0,0,660
0.9976003931864376,0.0086697996162531,0.9235384879605452,1.1131760972462623,70.5,2.949576240750525,68.0,74.0,0,690
0.9972237550101972,0.0018283660894787,0.9914728586401343,1.0041909325841674,69.66666666666667,0.5163977794943223,69.0,70.0,0,720
0.9976229714614816,0.0023171238618943,0.986894385009627,1.0097277112696967,70.4,0.5477225575051661,70.0,71.0,0,750
0.9975457875287744,0.018983991855212,0.8439676090644119,1.2172432358079877,74.16666666666667,4.167333280008532,71.0,80.0,0,780
0.9971284021870128,0.0021511775172463,0.981066268911866,1.0148681764606229,74.0,1.5491933384829668,73.0,76.0,0,810
0.9970643639667895,0.001664132407346,0.9915832739329058,1.0031474113285943,72.2,0.4472135954999579,72.0,73.0,0,840
0.9971943659306248,0.0020574333259784,0.9838926031782584,1.014963124182258,71.83333333333333,0.7527726527090811,71.0,73.0,0,870
0.9970191852517618,0.0016505560283852,0.9911178855687196,1.003028355224562,71.83333333333333,0.408248290463863,71.0,72.0,0,900
0.9972099009783753,0.0073384535535324,0.9285289541462236,1.0580765759471853,72.5,0.8366600265340756,72.0,74.0,0,930
0.9972393018188692,0.0018465457096376,0.9908599706080268,1.0037250425713709,70.6,0.8944271909999159,70.0,72.0,0,960
0.9973231634259504,0.0019868155765129,0.9904604638263812,1.0084076801624082,70.83333333333333,0.408248290463863,70.0,71.0,0,990
0.9985074293439088,0.0360970657415752,0.5975795842272223,1.378242645991833,71.5,0.8366600265340756,70.0,72.0,0,1020
0.9975680353625226,0.0028715616348135,0.9588546577884264,1.0180745997859342,72.16666666666667,2.228601953392904,70.0,75.0,0,1050
0.997569190878858,0.0017057931547921,0.9910359806196092,1.0030733386644368,70.16666666666667,0.752772652709081,69.0,71.0,0,1080
0.9975675532562496,0.0016616816977613,0.990018666695088,1.004188175053605,70.8,0.4472135954999579,70.0,71.0,0,1110
0.9975128249807066,0.0017677031140944,0.9827233940016592,1.0100234305808702,69.8,1.3038404810405295,68.0,71.0,0,1140
0.997642082634864,0.0025757993819317,0.9662981006105156,1.0397444614549864,69.16666666666667,0.7527726527090811,68.0,70.0,0,1170
0.9974092773145358,0.0028549009724659,0.9584575395653632,1.023662688995965,72.42857142857143,3.5523298860110977,69.0,77.0,0,1200
0.9974040228206816,0.0016286491904395,0.991848550821858,1.003081437101465,69.16666666666667,1.1690451944500122,68.0,71.0,0,1230
0.9972768724150162,0.001644950739505,0.990779519492778,1.0043168147246266,68.4,0.8944271909999159,68.0,70.0,0,1260
0.9974412088509635,0.0016289834871585,0.9911121598482686,1.0024998849032554,68.5,0.8366600265340756,68.0,70.0,0,1290
0.9973099388553872,0.0062664405075124,0.947978263804366,1.0313773474962984,68.6,0.5477225575051661,68.0,69.0,0,1320
0.9975763963679272,0.0044866712738309,0.9638820464878054,1.0573473366787944,75.0,2.0,72.0,77.0,0,1350
0.9977638358592936,0.0017813198999611,0.984354475144117,1.0107631990284816,69.6,1.51657508881031,68.0,72.0,0,1380
0.9979339850546036,0.001773433652535,0.9873683121000998,1.0119407014655997,68.66666666666667,0.816496580927726,68.0,70.0,0,1410
0.997696381044019,0.0016103752323569,0.9918906739335844,1.0021921980732489,70.0,1.4142135623730951,68.0,71.0,0,1440
0.9978736559479546,0.0015934088966043,0.9910578973766264,1.0029149882220376,70.14285714285714,0.6900655593423543,69.0,71.0,0,1470
0.9976770314159904,0.0020522635934954,0.9868147712515454,1.0092481951970684,71.33333333333333,2.422120283277993,68.0,74.0,0,1500
0.9978298886311896,0.0016794815103524,0.9909360762864878,1.0054181371642497,68.2,0.4472135954999579,68.0,69.0,0,1530
0.9976044157985192,0.0022966067626337,0.9813025512747076,1.0174823471413987,68.5,0.8366600265340756,68.0,70.0,0,1560
0.9977175442791292,0.0016107809570123,0.9913980937633126,1.010249721182941,68.33333333333333,0.5163977794943223,68.0,69.0,0,1590
0.9977970149924122,0.0017220571918199,0.9887095564178088,1.0052834126501888,67.33333333333333,0.5163977794943223,67.0,68.0,0,1620
0.9978721721645092,0.0020451953608565,0.9887426653635868,1.008789499203025,66.5,1.6431676725154984,64.0,68.0,0,1650
0.9983991392455838,0.001627431690381,0.9930158479011904,1.0049047188774516,68.0,0.0,68.0,68.0,0,1680
0.9984384263342496,0.0016447858807332,0.9927647597343744,1.0037113328850331,67.5,0.5477225575051661,67.0,68.0,0,1710
0.9983345349427764,0.0016457794431451,0.9925624512424848,1.0036459706747445,68.66666666666667,0.5163977794943222,68.0,69.0,0,1740
0.9983572346555624,0.0017616797614302,0.9903541165535588,1.005609422476888,67.5,1.0488088481701516,66.0,69.0,0,1770
0.99824026395916,0.0016556563715974,0.9913687990726056,1.003886571480065,68.33333333333333,1.632993161855452,66.0,70.0,0,1800
0.9983048094756796,0.0016627333337366,0.9930074071114272,1.0030835561946174,67.5,0.5477225575051661,67.0,68.0,0,1830
0.9981980678543082,0.0016202375202505,0.9925410230350834,1.0029524723254688,68.0,1.0,67.0,69.0,0,1860
0.9983391450447836,0.0016808015890649,0.9925247348987984,1.0035786945442149,68.16666666666667,0.408248290463863,68.0,69.0,0,1890
0.9982391003492224,0.0016588349081526,0.9921959220530692,1.003886571480065,67.2,0.4472135954999579,67.0,68.0,0,1920
0.998323905123872,0.0019697122131622,0.9879398891656112,1.0146441570512148,67.2,0.4472135954999579,67.0,68.0,0,1950
0.9982157981748117,0.0017040349294893,0.9922850059719486,1.003273265933594,68.85714285714286,2.4784787961282104,67.0,74.0,0,1980
0.99827089645781,0.0017155229280777,0.9881542904744532,1.0106445971546771,68.0,2.6076809620810595,66.0,73.0,0,2010
0.998141061718916,0.0016517115394324,0.9920976884135152,1.0028735758080976,67.4,0.5477225575051661,67.0,68.0,0,2040
0.998272781091072,0.0016460625004087,0.9924634000909354,1.0037726983328543,67.16666666666667,0.7527726527090811,66.0,68.0,0,2070
0.9981497283311476,0.0016315651920108,0.9917128749579184,1.003131377029973,66.83333333333333,1.1690451944500122,65.0,68.0,0,2100
0.9981923536120052,0.0016517506548892,0.9913152934239692,1.003292748567052,67.16666666666667,0.983192080250175,66.0,68.0,0,2130
0.9980690385700812,0.001665559446891,0.9920795803731574,1.002930411086138,67.66666666666667,0.5163977794943223,67.0,68.0,0,2160
0.9982610682283176,0.0015989824546536,0.9915869155576732,1.0031095680675866,67.2,0.8366600265340756,66.0,68.0,0,2190
0.9981699548797388,0.0016430853267467,0.992068451728826,1.0034372766244537,67.16666666666667,0.408248290463863,67.0,68.0,0,2220
0.9982332934922789,0.0016544743620613,0.992729432008556,1.0030577396793268,67.0,0.0,67.0,67.0,0,2250
0.9981252070855576,0.0017401638434004,0.9867367265864436,1.0101316530169373,67.2,0.4472135954999579,67.0,68.0,0,2280
0.9981965346018696,0.0016394745334077,0.9921895225981628,1.0046256850914523,66.5,1.0488088481701516,65.0,68.0,0,2310
0.9981497040403956,0.0016662616496226,0.9926123716135922,1.0033192413914027,66.8,0.8366600265340756,66.0,68.0,0,2340
0.9982672990528284,0.001721489213587,0.9915869155576732,1.0042106322396014,66.16666666666667,0.408248290463863,66.0,67.0,0,2370
0.998075068163326,0.0027001740277748,0.966713223189018,1.0130627924654128,69.83333333333333,2.136976056643281,68.0,73.0,0,2400
0.9981877502686918,0.0017212392822016,0.9923913603665996,1.004674923339868,71.2,0.4472135954999579,71.0,72.0,0,2430
0.9982035797490924,0.0021037557760453,0.9792081187303188,1.024510335650007,72.66666666666667,3.07679486912382,69.0,76.0,0,2460
0.998327352180082,0.0016360173358049,0.9923728376346512,1.003244322997075,68.85714285714286,1.2149857925879115,67.0,70.0,0,2490
0.9980559914693292,0.0017277654915389,0.989866961629092,1.0051678525704002,69.2,1.3038404810405295,68.0,71.0,0,2520
0.9983154523194152,0.0018576679715053,0.985690316858566,1.002527341459828,69.0,1.4142135623730951,67.0,71.0,0,2550
0.9975211307959572,0.0018532490903601,0.9915863560773516,1.0086987701606611,67.66666666666667,0.5163977794943223,67.0,68.0,0,2580
0.997343079709645,0.00172332869553,0.9907782675245556,1.0090169519812986,66.5,1.760681686165901,64.0,68.0,0,2610
0.9972107625803176,0.0015463985791049,0.9908558773378396,1.0031499060777456,64.66666666666667,1.2110601416389968,64.0,67.0,0,2640
0.9972801736583318,0.0023174624059159,0.9828990234780224,1.0130604725632424,66.8,2.949576240750525,64.0,71.0,0,2670
0.9971167958025378,0.0015240348751954,0.9919897818822984,1.0023811564962553,69.5,3.331666249791536,66.0,75.0,0,2700
0.9972351224140236,0.0016189851102999,0.9912978138402352,1.001817554963068,66.0,0.0,66.0,66.0,0,2730
0.9977730275395676,0.0289268564538739,0.8112805770888023,1.3918689046889616,66.5,0.5477225575051661,66.0,67.0,0,2760
0.9972092450867724,0.0014651842958161,0.9924924075885568,1.0016670409308126,74.5,7.582875444051551,66.0,82.0,0,2790
0.9972474060149382,0.0236352650385571,0.747281332250552,1.2537406379138032,67.16666666666667,1.3291601358251257,65.0,69.0,0,2820
0.9974550693992624,0.0014513646304746,0.9926849623848948,1.0025768806628943,66.66666666666667,1.0327955589886446,66.0,68.0,0,2850
0.9973445337730756,0.0015098186529983,0.9914727426352123,1.002368349583889,66.8,0.8366600265340756,66.0,68.0,0,2880
0.9972503989305156,0.001431520542412,0.991430380115906,1.0019037484698818,65.83333333333333,0.7527726527090811,65.0,67.0,0,2910
0.9973552834747345,0.0014092930084915,0.9918455233974393,1.0030213637866046,65.33333333333333,0.5163977794943223,65.0,66.0,0,2940
0.9990352886270464,0.0234200559841484,0.9323913134631564,1.4799701545326682,66.0,1.095445115010332,65.0,67.0,0,2970
0.997254409351464,0.0015585905385898,0.9920338236938244,1.0026022803168613,68.6,1.140175425099138,67.0,70.0,0,3000
0.9974752885926192,0.0015882302854319,0.9916527976105396,1.0030302331074272,68.33333333333333,0.816496580927726,68.0,70.0,0,3030
0.9972778123578184,0.0014653778026644,0.9915569857166052,1.003041126286714,65.5,1.51657508881031,64.0,68.0,0,3060
0.9974374273876676,0.0014759431508819,0.9921242585462972,1.002893365966148,65.66666666666667,0.816496580927726,65.0,67.0,0,3090
1.0014330946935095,0.0863789024403984,0.3681303565581219,2.6297588178805067,64.0,0.7071067811865476,63.0,65.0,0,3120
0.997484318517862,0.0230320499124144,0.8158771894629118,1.2248753280455402,73.83333333333333,4.833908011812665,66.0,79.0,0,3150
0.9969657679772655,0.0023572897404069,0.9896217579623288,1.0066707286785137,65.66666666666667,1.505545305418162,64.0,67.0,0,3180
0.9969638056953852,0.0024622098457271,0.9894205703055348,1.0080613356903785,65.83333333333333,1.3291601358251257,64.0,67.0,0,3210
0.9985698645105068,0.039364963590578,0.789430106619674,1.421233148292644,66.66666666666667,1.505545305418162,65.0,68.0,0,3240
0.9974862824089852,0.0016592005181326,0.9920397169606922,1.003535736714234,69.16666666666667,3.0605010483034745,67.0,74.0,0,3270
0.9974625085520532,0.0016157195018756,0.9924542502457078,1.004157692853279,66.8,0.4472135954999579,66.0,67.0,0,3300
0.9974821536985584,0.0019618848936928,0.9802776912838168,1.0066648929325936,65.66666666666667,1.505545305418162,64.0,68.0,0,3330
0.997334299027998,0.0016141861171083,0.988606198795577,1.0038186859664648,67.16666666666667,1.7224014243685084,65.0,69.0,0,3360
0.9975208573784358,0.0016381877435168,0.9911962772413594,1.003500931789373,67.8,0.8366600265340756,67.0,69.0,0,3390
0.997451253685514,0.0016261103145519,0.9921650750153324,1.004265165382739,67.0,0.6324555320336759,66.0,68.0,0,3420
0.9975879998084708,0.0017016686212904,0.9889377240353864,1.0043234343756895,67.16666666666667,1.3291601358251257,65.0,68.0,0,3450
0.997469276702721,0.0020473874965558,0.9872609932594774,1.0096954885608482,66.4,0.8944271909999159,65.0,67.0,0,3480
0.9974790746636454,0.0016146380643752,0.9908930824161556,1.0035636156988257,65.8,1.3038404810405295,64.0,67.0,0,3510
0.9972599600105004,0.0016336493278973,0.9919896219759408,1.0038628646835233,66.33333333333333,1.2110601416389968,65.0,68.0,0,3540
0.9976086818085272,0.0015533426000957,0.9925745334721316,1.003558314143837,65.6,0.5477225575051661,65.0,66.0,0,3570
0.9975522645010292,0.0016417759845256,0.9900152472983637,1.0078630090174112,63.42857142857143,0.7867957924694432,62.0,64.0,0,3600
0.9975578384115584,0.0015689474729938,0.9929279180875972,1.0034063409459848,63.16666666666666,1.4719601443879744,62.0,65.0,0,3630
0.9975532262130744,0.0015768483387456,0.9915698824556038,1.003171948583482,64.4,0.5477225575051661,64.0,65.0,0,3660
0.997622159128044,0.0016993275051764,0.98772526952922,1.0039074064466156,65.33333333333333,2.1602468994692865,64.0,69.0,10,3690
0.9976171919374636,0.0016101345231504,0.9915322737426452,1.0033852320808794,66.16666666666667,2.48327740429189,63.0,69.0,0,3720
0.997647913028604,0.0016147759706964,0.991587386071162,1.00369220843401,66.5,0.8366600265340756,65.0,67.0,0,3750
0.9976602841238584,0.0015260468207887,0.992476915526326,1.0039544563452816,63.0,1.8973665961010275,61.0,66.0,0,3780
0.9976875011268252,0.0015562390115791,0.9922207960679366,1.003783140301639,63.4,1.51657508881031,62.0,65.0,0,3810
0.9975319980043622,0.0303649419582164,0.7539969672663545,1.2272386754941274,70.0,5.138093031466052,65.0,75.0,0,3840
0.99698375717748,0.0017362747033939,0.9913111241067608,1.0030186750167218,67.5,1.760681686165901,66.0,70.0,0,3870
0.9967180197907708,0.0119961942131067,0.840772313366431,1.1820299349128176,67.0,1.6733200530681511,65.0,69.0,0,3900
0.996979593827821,0.0018258037174275,0.9851838090196876,1.0031248640657553,65.5,1.760681686165901,64.0,68.0,0,3930
0.9967461354133136,0.0017613013029681,0.988073849145604,1.0040444151685173,64.83333333333333,1.1690451944500122,64.0,67.0,0,3960
0.9970407840390452,0.001767258691898,0.9912276462140066,1.0038934171197955,65.0,0.7071067811865476,64.0,66.0,0,3990
0.9968980755709616,0.0017697265086998,0.9899914093137678,1.0040399625952197,66.16666666666667,1.7224014243685084,64.0,68.0,0,4020
0.9969563416415248,0.001791353989669,0.9910117864919972,1.0043400257289212,64.83333333333333,0.408248290463863,64.0,65.0,0,4050
0.9968546750778638,0.0018036175389726,0.99029900056645,1.0042477836777934,65.2,1.095445115010332,64.0,67.0,0,4080
0.9969831752571932,0.002178727635389,0.9795171849898142,1.023507005633816,65.0,2.0816659994661326,62.0,67.0,0,4110
0.9967772271832552,0.0018145626234874,0.9899476096805426,1.004024602281428,64.83333333333333,0.9831920802501752,64.0,66.0,0,4140
0.9967871569949124,0.0033089019095155,0.955799680403462,1.0206363258023838,67.66666666666667,1.2110601416389968,66.0,69.0,0,4170
0.9967181496818884,0.0017972449459259,0.9910945489891466,1.0046726816816212,66.2,0.4472135954999579,66.0,67.0,0,4200
0.9968033953779416,0.0018199979405925,0.990800446067976,1.003883086430148,66.16666666666667,0.7527726527090811,65.0,67.0,0,4230
0.9967364399041636,0.0017895666780238,0.990867130808652,1.0030208929016284,66.0,0.0,66.0,66.0,0,4260
0.996811798842823,0.0017842828990116,0.9911287615752707,1.004163201042938,66.25,0.5,66.0,67.0,0,4290
0.9964392204530832,0.0029480690267561,0.9674037280251973,1.0125548730477771,70.16666666666667,3.311595788538611,66.0,73.0,0,4320
0.9967940398246424,0.0018546717078559,0.9893581903183194,1.004666988566689,70.83333333333333,4.070217029430576,66.0,76.0,0,4350
0.9967901831558826,0.0023471894763716,0.9835600814115272,1.0177299673101703,67.0,1.5275252316519468,65.0,69.0,0,4380
0.9967600281237312,0.0135796827773134,0.8785572807066481,1.15178002513559,74.83333333333333,6.431692364119001,68.0,81.0,0,4410
0.9965187352087262,0.0015208062593566,0.9912486963944668,1.0016637540741204,67.0,1.7320508075688772,64.0,68.0,0,4440
0.996499533602552,0.0015088408352221,0.9909791133896466,1.0022584650218775,66.33333333333333,1.2110601416389968,65.0,68.0,0,4470
0.996488088786066,0.0015546704554105,0.990573967014377,1.0014650155208469,66.83333333333333,0.408248290463863,66.0,67.0,0,4500
1.0033744985055717,0.0888412985853121,0.4143973179726191,1.470984522775563,68.5,0.5477225575051661,68.0,69.0,0,4530
0.9985239508930618,0.0497118710375141,0.6526506410974711,1.679377202709582,75.33333333333333,7.737355275975549,68.0,90.0,0,4560
0.996855488689692,0.001923606587016,0.9889861907270192,1.0040737183749455,68.6,0.8944271909999159,68.0,70.0,0,4590
0.9967668760714572,0.0018650258099339,0.9889890866703888,1.004264469704644,68.66666666666667,1.7511900715418265,66.0,71.0,0,4620
0.9967934882118136,0.0018369170674729,0.9895617309718682,1.004590736575144,68.25,0.5,68.0,69.0,0,4650
0.9966936841196538,0.0018370312632913,0.9900192337137194,1.003984515368768,67.71428571428571,0.7559289460184545,67.0,69.0,0,4680
0.9966341950586772,0.0021816082602392,0.9818694535057548,1.0172439509737328,68.0,0.7071067811865476,67.0,69.0,0,4710
0.9964967503544324,0.0019096294876097,0.9902717322535972,1.0044750799032298,68.16666666666667,1.1690451944500122,67.0,70.0,0,4740
0.996655777086604,0.0020233619275489,0.979339641875371,1.0172796991047988,66.0,1.6733200530681511,64.0,68.0,0,4770
0.9969512155669376,0.0160818918101274,0.8658823439349886,1.1752655196028938,71.0,2.345207879911715,68.0,73.0,0,4800
0.997044535631142,0.001814058925342,0.989950305560759,1.003701727273875,67.83333333333333,4.020779360604939,63.0,73.0,0,4830
0.9991266808774324,0.0734900396296062,0.4159411085638566,2.363954446684508,71.0,6.870225614927067,68.0,85.0,0,4860
0.996821075843444,0.0042616095267469,0.955663284044888,1.0396778431797131,75.33333333333333,7.146094504459529,70.0,85.0,0,4890
0.9968146229639678,0.0023697965126195,0.9885954599955128,1.0052992090156294,70.5,0.8366600265340756,70.0,72.0,0,4920
0.9967330528209174,0.0024224532155263,0.9841290160228434,1.0078415772971565,68.66666666666667,0.816496580927726,68.0,70.0,0,4950
0.9965958001051048,0.002364789403915,0.9886334003817896,1.0046372076490548,68.5,1.6431676725154984,67.0,71.0,0,4980
0.9981119328493298,0.0308824825988899,0.6868935790867825,1.2526916057514754,69.0,0.8944271909999159,68.0,70.0,0,5010
0.9969654464869034,0.0024577241932498,0.9839025536487696,1.0081293523327053,68.0,1.224744871391589,67.0,70.0,0,5040
0.9970168212127766,0.0291261748948354,0.7396856730628897,1.2256211508305208,68.8,1.095445115010332,68.0,70.0,0,5070
0.9974681496902782,0.0132301948944906,0.8848601897371697,1.1564231009121402,69.14285714285714,3.625307868699863,64.0,74.0,0,5100
0.9973593001078154,0.0021525111796594,0.9905856101091416,1.0050403258270737,67.5,0.8366600265340756,66.0,68.0,0,5130
0.9972339987050024,0.0021994808517453,0.9897195096078992,1.0056902362022662,66.2,0.4472135954999579,66.0,67.0,0,5160
0.9973053189867072,0.0021352861334505,0.9892223489239312,1.0055823857884991,66.57142857142857,1.3972762620115438,64.0,68.0,0,5190
0.9971915064459193,0.0023402608871719,0.9801014419749978,1.009339886314739,65.5,1.760681686165901,63.0,68.0,0,5220
0.997431461071959,0.0021476620496346,0.9897377998220944,1.004738987264837,65.16666666666667,0.408248290463863,65.0,66.0,0,5250
0.9972830454949012,0.0035278858456233,0.966487011270286,1.0364086270191164,68.6,1.6733200530681511,66.0,70.0,0,5280
0.9972288211930668,0.002170152644943,0.9900009750450754,1.0051993466539908,66.16666666666667,2.3166067138525404,63.0,69.0,0,5310
0.9971080875654816,0.0021289241094194,0.991083916642284,1.0055787286883011,64.2,1.095445115010332,63.0,66.0,0,5340
0.99725953711344,0.002154994476093,0.98929212569086,1.0056043645448045,66.66666666666667,1.3662601021279464,65.0,69.0,0,5370
0.997120272748428,0.0021935017553374,0.9901189175092102,1.0060461313901865,66.33333333333333,1.96638416050035,64.0,69.0,0,5400
0.9972452760706316,0.0021340366262985,0.989280749610994,1.0050557732416694,66.83333333333333,0.408248290463863,66.0,67.0,0,5430
0.997083204720032,0.0021755312543099,0.9906376400661392,1.0056104685488811,66.0,0.0,66.0,66.0,0,5460
0.9969159412056648,0.0021919907718016,0.9874270467885564,1.004708787359387,66.83333333333333,0.408248290463863,66.0,67.0,0,5490
0.9970019182316356,0.0021591059309481,0.9896530319510722,1.0050065838257627,66.28571428571429,1.1126972805283737,65.0,68.0,0,5520
0.9971285930267116,0.0021990054894351,0.9901479474413156,1.0056760384369612,68.83333333333333,1.7224014243685084,67.0,71.0,0,5550
0.9970092749503192,0.0021565757791756,0.9891489237498012,1.0047229845001957,67.2,0.4472135954999579,67.0,68.0,0,5580
0.9971267056188556,0.0021491983638514,0.9902299938700856,1.004449699653447,67.16666666666667,0.408248290463863,67.0,68.0,0,5610
0.9969243488870786,0.0021015869147513,0.989577110661332,1.0048172325157894,67.0,0.6324555320336759,66.0,68.0,0,5640
0.9971187065310104,0.002323272012471,0.9860287110625988,1.0089192664804705,66.6,0.5477225575051661,66.0,67.0,0,5670
0.9969205109309026,0.0021563897202066,0.9889823905682144,1.005664331871112,67.85714285714286,0.3779644730092272,67.0,68.0,0,5700
0.9971398519249186,0.002214653064328,0.98907373043441,1.0053372549181545,67.0,1.0,66.0,68.0,0,5730
0.9969761164399806,0.0021568642459418,0.9901731269899724,1.0050339824156098,68.57142857142857,1.1338934190276817,67.0,70.0,0,5760
0.9972016309620028,0.0021540242587577,0.9905706777487712,1.0055639807462575,67.5,1.224744871391589,66.0,69.0,0,5790
0.9969801533023044,0.0028201391657044,0.9754141972747988,1.014463097433879,70.2,3.5637059362410923,67.0,75.0,0,5820
0.9970980598903147,0.0021193409889337,0.9899773908008708,1.0050512809811547,67.83333333333333,2.7141603981096374,66.0,73.0,0,5850
0.9969477790979112,0.0021010370086415,0.9891499197834116,1.0053164034765174,66.4,0.8944271909999159,66.0,68.0,0,5880
0.997066138303086,0.0036820763716035,0.9302458128639602,1.0357419181614889,67.57142857142857,1.511857892036909,65.0,69.0,0,5910
0.9970162610537456,0.0021173768348683,0.9897278447473424,1.0052983336707866,66.8,0.4472135954999579,66.0,67.0,0,5940
0.9971140683161236,0.0021250195901193,0.9901700618409396,1.0053889573561716,67.66666666666667,0.5163977794943223,67.0,68.0,0,5970
0.9969700200539028,0.0021749292224551,0.989422747809944,1.0055986347077746,68.5,1.378404875209022,66.0,70.0,0,6000
0.9970181816453983,0.0021392069860077,0.989261545124837,1.0053200885756786,66.2,0.4472135954999579,66.0,67.0,0,6030
0.9969300562921984,0.0020828923701701,0.98828917018611,1.0043535523412908,68.66666666666667,1.632993161855452,67.0,71.0,0,6060
0.9970076506451724,0.0020819475086331,0.9893176084680844,1.0044779898742282,67.66666666666667,0.5163977794943223,67.0,68.0,0,6090
0.9967719631499518,0.0020793674089758,0.9898060972855794,1.0057067277066212,67.66666666666667,0.5163977794943223,67.0,68.0,0,6120
0.9971043327887652,0.0020973744926392,0.9899662845430344,1.005029457154978,67.66666666666667,1.0327955589886446,66.0,69.0,0,6150
0.9970385450076764,0.0025143385451736,0.9846319109372548,1.0106810809401945,66.6,1.140175425099138,65.0,68.0,0,6180
0.9970574445851198,0.0020957878556323,0.9901522564494916,1.0052897091381818,68.16666666666667,0.9831920802501752,67.0,69.0,0,6210
0.9969637930321924,0.0021007477574003,0.9903963002461086,1.0042251826342536,68.16666666666667,1.602081978759722,67.0,71.0,0,6240
0.9970279076475688,0.0020994157895586,0.987767243696697,1.0047998494556665,67.33333333333333,1.505545305418162,66.0,70.0,0,6270
0.9969211081321356,0.0021112136077367,0.9903068361531744,1.005990594119975,67.0,1.4142135623730951,65.0,69.0,0,6300
0.9971083775738384,0.0020772719523316,0.9902291047650438,1.0046661361804676,66.33333333333333,0.816496580927726,65.0,67.0,0,6330
0.9969599584007142,0.0023850954592918,0.9800240385247088,1.0170422734246842,67.66666666666667,1.2110601416389968,66.0,69.0,0,6360
0.9971016800640916,0.002162510257263,0.9899284744174904,1.0041224259557398,68.16666666666667,0.408248290463863,68.0,69.0,0,6390
0.9970549572311584,0.0021764141315775,0.9892367964816968,1.0077448907316624,67.2,0.4472135954999579,67.0,68.0,0,6420
0.9970116731700198,0.0021970980643414,0.9902280476207388,1.0054195843254994,68.66666666666667,0.5163977794943222,68.0,69.0,0,6450
0.9969813767583188,0.0021865503457404,0.989664743576096,1.0046746582872936,69.0,2.345207879911715,67.0,73.0,0,6480
0.9971436920686664,0.0021722821800955,0.989512739687706,1.0074591510717146,71.28571428571429,0.951189731211342,70.0,73.0,0,6510
0.9967965808522784,0.0021580228814261,0.9899744094407794,1.0048326223807524,71.75,1.5,70.0,73.0,0,6540
0.9969982666119264,0.0021696937277155,0.9897268187807888,1.006835722852343,69.5,0.8366600265340756,69.0,71.0,0,6570
0.9967764606262914,0.0023105051865358,0.9801518822907856,1.0091728139914888,69.57142857142857,0.9759000729485332,69.0,71.0,0,6600
0.9970806375266958,0.0022290791427369,0.9884959450527504,1.007022528867701,71.2,0.4472135954999579,71.0,72.0,0,6630
0.9969379988361292,0.0022551309375009,0.9895377467623456,1.0060056588213309,71.8,1.095445115010332,71.0,73.0,0,6660
0.9970522094415746,0.0022193604090388,0.9890113925083118,1.006577911764191,71.85714285714286,1.4638501094227998,70.0,73.0,0,6690
0.9968784751688676,0.0021592389687502,0.9887740451773044,1.004914215727875,71.8,1.3038404810405295,70.0,73.0,0,6720
0.9968034693133514,0.0021086639205754,0.9901365675817956,1.0058336249435589,69.66666666666667,1.0327955589886446,69.0,71.0,0,6750
0.9968793233509348,0.0022395753825645,0.9894778237844344,1.0068414161324215,70.0,0.0,70.0,70.0,0,6780
0.9970498650696248,0.0021740606863569,0.9897959518229804,1.0046991749120928,68.71428571428571,0.951189731211342,68.0,70.0,0,6810
0.9968571086248016,0.0022063258935538,0.9899747565806616,1.0058462719844072,68.6,0.5477225575051661,68.0,69.0,0,6840
0.997004324419093,0.002203393938077,0.9879037029804524,1.004743431230013,72.16666666666667,0.7527726527090811,71.0,73.0,0,6870
0.9966677573156166,0.0021216401752746,0.9894022620806464,1.0046719474754184,70.16666666666667,1.1690451944500122,69.0,72.0,0,6900
0.9969209648867544,0.0022098006346421,0.9864561779852412,1.004997610837946,70.0,1.8973665961010275,68.0,72.0,0,6930
0.9966517174532706,0.0022599164549838,0.9882512962856512,1.0057579068901672,70.6,1.51657508881031,68.0,72.0,0,6960
0.9969409679096848,0.0021616385108408,0.9908983172455336,1.0059047940693642,70.57142857142857,2.070196678027062,69.0,75.0,0,6990
0.9968341171061118,0.0021550171989515,0.989639829275818,1.0055800835817357,68.6,1.3416407864998738,68.0,71.0,0,7020
0.9968706720506364,0.0049162821644601,0.963695082311511,1.0320140749163451,74.66666666666667,1.632993161855452,74.0,78.0,0,7050
0.9968285925353012,0.0059805623423867,0.951148280877987,1.0497184125645649,79.4,3.507135583350036,76.0,83.0,0,7080
0.9969415433960316,0.0020046276121651,0.9911458573007962,1.005240146150068,74.57142857142857,6.477065767180457,67.0,82.0,0,7110
0.99683589922205,0.0020840897743183,0.9894280812279636,1.0043707102655572,69.83333333333333,0.9831920802501752,69.0,71.0,0,7140
0.9974375739499404,0.0265891914754412,0.6171614641928399,1.2868952021577904,70.4,2.3021728866442674,68.0,74.0,0,7170
1.0127326683640616,0.1684738166285263,0.1181126082597874,2.251781900341192,82.66666666666667,8.406346808612328,77.0,94.0,0,7200
0.9969657112422854,0.0018064875957301,0.9909825736494512,1.0039694326004054,67.83333333333333,1.8348478592697173,66.0,71.0,0,7230
0.9965731293354296,0.0018149295688846,0.9915932932642596,1.0038701426589849,67.8,0.8366600265340756,67.0,69.0,0,7260
0.9968877423198746,0.0019310858694664,0.99100857675671,1.004032779267161,69.83333333333333,2.48327740429189,68.0,73.0,0,7290
0.9967797621284272,0.0019414833438658,0.9908959970793806,1.0053878831407956,67.5,0.8366600265340756,67.0,69.0,0,7320
0.9967705041987824,0.0019428270756191,0.9896691294660755,1.0042536961961952,69.0,1.6733200530681511,68.0,72.0,0,7350
0.9966913916475296,0.0019053267588853,0.9914356930512084,1.0048781997803564,69.2,0.4472135954999579,69.0,70.0,0,7380
0.9967644138742192,0.0019201674216515,0.9906139715841936,1.004220831298475,67.83333333333333,0.752772652709081,67.0,69.0,0,7410
0.9965673083630812,0.0019470348116388,0.990064701115003,1.004983180948383,68.2,0.4472135954999579,68.0,69.0,0,7440
0.9967489585466168,0.0031091474395922,0.9712406968203814,1.022142957182086,70.33333333333333,4.457203906785808,67.0,77.0,0,7470
0.9966313606262338,0.0081956824799883,0.8684995770447387,1.1171999466129507,67.33333333333333,1.505545305418162,66.0,70.0,0,7500
0.9976407549551252,0.0018080295696745,0.9919770391263398,1.0040883346222582,66.33333333333333,2.581988897471611,64.0,70.0,0,7530
0.9975553502832264,0.0018442988277419,0.9920041009939728,1.0051489846900608,67.4,0.5477225575051661,67.0,68.0,0,7560
0.997708895186782,0.0019182375611202,0.9896606374555572,1.0054000070256517,66.5,2.073644135332772,64.0,70.0,0,7590
0.9974756836392994,0.0017817240212582,0.991792056461323,1.0050290293907485,65.4,2.073644135332772,63.0,68.0,0,7620
0.9975835949892928,0.0018905231665878,0.9914061653892314,1.0049416969248863,66.0,1.0,64.0,67.0,0,7650
0.9974911258875848,0.0018763455853166,0.9908589421193564,1.0044866956242129,66.83333333333333,0.408248290463863,66.0,67.0,0,7680
0.9976047861492884,0.0018299011411219,0.9909551270761154,1.0052545544992124,66.16666666666667,0.7527726527090811,65.0,67.0,0,7710
0.997470261809249,0.001818767511985,0.9919037709469352,1.0046378601085717,66.2,1.3038404810405295,65.0,68.0,0,7740
0.9974129026811172,0.0032917313266542,0.96838977124584,1.0525487308254902,67.5,1.0488088481701516,66.0,69.0,0,7770
0.9976223123352352,0.0018731646608022,0.9909489849764668,1.0049879953194765,66.6,1.3416407864998738,66.0,69.0,0,7800
0.9975208003565776,0.0022722778306752,0.984997422158845,1.009576242644586,69.5,5.049752469181039,64.0,76.0,0,7830
0.9974365209538022,0.0017899766971656,0.9916317264906916,1.0036563423495564,67.16666666666667,0.7527726527090811,66.0,68.0,0,7860
0.9976787212682212,0.0017244296195317,0.9920195052837872,1.0042222380966626,65.16666666666667,0.408248290463863,65.0,66.0,0,7890
0.9973644045117204,0.0017592936830925,0.9920720464384076,1.0036768441595585,67.0,1.7888543819998317,64.0,69.0,0,7920
0.9976009375523156,0.0017597589094249,0.99151656356538,1.0040348295656132,66.0,0.0,66.0,66.0,0,7950
0.9975936903671646,0.0021510622039022,0.9892175254941504,1.006025173951512,66.0,0.6324555320336759,65.0,67.0,0,7980
0.9975845714059054,0.0089459905317954,0.8438875464026472,1.189942977078469,67.5,1.224744871391589,66.0,69.0,0,8010
0.9975385652619844,0.0016796900602427,0.991402251958326,1.0041994758100057,65.0,3.741657386773941,61.0,71.0,0,8040
0.99768028288333,0.0016816841103788,0.9925428010839532,1.0040805892748847,63.833333333333336,1.7224014243685084,62.0,66.0,0,8070
0.997614401416241,0.00174346172857,0.992111711222834,1.0041009277822672,65.4,0.5477225575051661,65.0,66.0,0,8100
0.9977543129436351,0.0017657096584082,0.9917034092888156,1.004570882805733,66.66666666666667,1.505545305418162,65.0,69.0,0,8130
0.9974448017884384,0.0017644782723535,0.9918970713928992,1.0048856532483037,66.16666666666667,1.1690451944500122,65.0,68.0,0,8160
0.9976136505874356,0.0017345050413932,0.9919843581978648,1.0048266955425946,66.2,1.3038404810405295,65.0,68.0,0,8190
0.9975270670673978,0.0017758930787465,0.9915981397873738,1.00476541802997,68.0,2.0,66.0,71.0,0,8220
0.9975681105171434,0.0017770810961303,0.9920070054318368,1.004152571861428,66.66666666666667,1.505545305418162,64.0,68.0,0,8250
0.9975459792204204,0.0016982607235217,0.9915716051433148,1.0042915288243996,66.2,1.6431676725154982,65.0,68.0,0,8280
0.997674745955354,0.001777603977506,0.991746273349822,1.0050915673558003,65.16666666666667,0.9831920802501752,64.0,67.0,0,8310
0.9975744900518884,0.0017231433522514,0.9922686253670474,1.0042348747581464,64.33333333333333,0.5163977794943223,64.0,65.0,0,8340
0.9976598903423932,0.0017300979529643,0.992103009704834,1.0039131997658413,64.8,0.4472135954999579,64.0,65.0,0,8370
0.99757156661048,0.0017273853213743,0.9918878858105082,1.0033205336776927,66.83333333333333,2.136976056643281,64.0,69.0,0,8400
0.997602977660678,0.0016919894125909,0.9921384130030648,1.0039029716892565,64.83333333333333,0.408248290463863,64.0,65.0,0,8430
0.997560374473399,0.0017236219710146,0.991813565588982,1.0034938463670018,64.83333333333333,0.408248290463863,64.0,65.0,0,8460
0.9976925068483408,0.0017427823733814,0.9919903462907188,1.0046466337809727,64.5,0.5477225575051661,64.0,65.0,0,8490
0.9974745268985128,0.0017108255184151,0.9915459562423972,1.0038564546706965,65.0,0.0,65.0,65.0,0,8520
0.9977163696826696,0.0017414115311541,0.9919844777658368,1.004392745841755,65.16666666666667,0.752772652709081,64.0,66.0,0,8550
0.997591403866218,0.0017304414214205,0.9922110958298994,1.0042138241814738,65.66666666666667,0.816496580927726,64.0,66.0,0,8580
0.9976955883096144,0.0017501964905812,0.9917895766214978,1.0045107637033517,65.5,0.5477225575051661,65.0,66.0,0,8610
0.9975908573378705,0.0017860841520983,0.9915041686706568,1.0042749019232982,65.4,0.5477225575051661,65.0,66.0,0,8640
0.9976760345330302,0.0017330299118662,0.9917300991003852,1.004422685385361,64.83333333333333,0.7527726527090811,64.0,66.0,0,8670
0.9975890365940662,0.001716046482274,0.9918706347627244,1.0046816078111611,64.83333333333333,0.408248290463863,64.0,65.0,0,8700
0.9977186424536582,0.0017673623262355,0.9920582307727304,1.0042450665755744,65.0,0.0,65.0,65.0,0,8730
0.9975260352432104,0.00179831350298,0.991446400475598,1.0055256902674243,66.4,1.3416407864998738,65.0,68.0,0,8760
0.9976809891950346,0.0017067246483639,0.9912282628206178,1.004880372935714,66.0,0.8944271909999159,65.0,67.0,0,8790
0.997510970596398,0.0016175941988895,0.9923417091368628,1.0052918772091666,64.33333333333333,1.505545305418162,63.0,66.0,0,8820
0.9976884666378724,0.0016998735250078,0.9922737433386868,1.0048300316781935,64.6,0.5477225575051661,64.0,65.0,0,8850
0.997702794332236,0.002166352957256,0.9881775820793042,1.0103535978488718,64.0,0.816496580927726,63.0,65.0,0,8880
0.9977743432669072,0.0017096864969389,0.9923974914245854,1.0034357105535812,64.0,0.0,64.0,64.0,0,8910
0.9976335212384532,0.0017978513903719,0.990919203588234,1.0046883176066348,66.66666666666667,2.804757862395017,64.0,71.0,0,8940
0.9978146257006932,0.0016947218672291,0.9892614079112608,1.0042623611412755,65.33333333333333,1.7511900715418265,64.0,68.0,0,8970
0.997677640734386,0.0016976746105914,0.992294937227884,1.003846400142801,64.66666666666667,0.816496580927726,64.0,66.0,0,9000
0.9977996194972032,0.0016718778465478,0.9913696340239648,1.0050176352577949,65.0,0.7071067811865476,64.0,66.0,0,9030
0.997587451017972,0.0016703700226968,0.99203114044359,1.0032373245260366,64.16666666666667,1.3291601358251257,63.0,66.0,0,9060
0.9977702765192028,0.0017141965396338,0.9920954180397922,1.0042381045932334,65.2,0.8366600265340756,64.0,66.0,0,9090
0.9976049607778426,0.0016852615244932,0.9920215524374256,1.0037636578264175,64.0,0.8944271909999159,63.0,65.0,0,9120
0.9977535891030168,0.0017183656068783,0.9921233426991878,1.004902708652594,64.16666666666667,0.752772652709081,63.0,65.0,0,9150
0.9976530395877652,0.0017042901370069,0.9911717239319432,1.0043636452514348,64.0,1.0,63.0,65.0,0,9180
0.9977720724223492,0.001735661239247,0.9926587766687908,1.0048404651812195,63.42857142857143,0.5345224838248488,63.0,64.0,0,9210
0.9976154744333044,0.0017286590804979,0.9919172981640254,1.0038640687381684,63.2,0.4472135954999579,63.0,64.0,0,9240
0.9977504529997164,0.0016901118793293,0.990809187939464,1.0037043563556651,63.333333333333336,0.5163977794943222,63.0,64.0,0,9270
0.9976079150107598,0.0016831705373688,0.9919246957931988,1.003846400142801,63.2,1.3038404810405295,61.0,64.0,0,9300
0.9978114857337768,0.0016718208249768,0.9924089985660952,1.0046326067700022,63.5,0.5477225575051661,63.0,64.0,0,9330
0.9976397766028088,0.0016305490367138,0.991448407649788,1.0033737422220197,63.833333333333336,0.752772652709081,63.0,65.0,0,9360
0.9977850735526408,0.0017395430412551,0.9907115653357742,1.0047739560901945,63.16666666666666,0.408248290463863,63.0,64.0,0,9390
0.997619016379409,0.0017022183038116,0.9921647956913257,1.003377588907531,63.0,0.0,63.0,63.0,0,9420
0.9978007872360568,0.0016748824438237,0.992385937144864,1.0036164469824416,63.333333333333336,0.5163977794943223,63.0,64.0,0,9450
0.9976220675648784,0.0016973528636187,0.9915256879247506,1.0043517502730257,63.2,0.4472135954999579,63.0,64.0,0,9480
0.997589329132138,0.0017727493797055,0.9850800865086808,1.0107463894163116,62.57142857142857,0.9759000729485332,61.0,64.0,0,9510
0.9976876119834291,0.0016828766535168,0.992599310477818,1.0037955418239364,62.8,0.8366600265340756,62.0,64.0,0,9540
0.9977429689191516,0.0017202473582814,0.9915979170358518,1.0051254832018837,64.66666666666667,2.1602468994692865,62.0,67.0,0,9570
0.9976609124518714,0.0016954631019737,0.9920112323721844,1.0039034625407464,63.66666666666666,0.5163977794943223,63.0,64.0,0,9600
0.9977684020766204,0.0016483877474591,0.9924998970468158,1.0039499603551016,63.2,0.4472135954999579,63.0,64.0,0,9630
0.997654255240425,0.0016851010975656,0.992003233938534,1.005149263361711,63.0,0.7071067811865476,62.0,64.0,0,9660
0.997785375986138,0.0016258892935516,0.9924022650346078,1.004096084308723,62.0,0.6324555320336759,61.0,63.0,0,9690
0.9975394001106884,0.0016428582311544,0.9923961054507116,1.0043045135681807,61.8,0.4472135954999579,61.0,62.0,0,9720
0.9978233726272314,0.0016517611143723,0.9914456505707712,1.003936139030033,61.833333333333336,0.983192080250175,60.0,63.0,0,9750
0.9975993086492152,0.0019196723596515,0.9898926893977396,1.0056256937633357,62.4,1.5165750888103102,61.0,65.0,0,9780
0.9977355412301236,0.0035273978125169,0.9774850702192592,1.0230094267343874,77.0,3.847076812334269,71.0,82.0,0,9810
0.9976775152215516,0.0017153786335757,0.9768821195288048,1.0067365328999789,63.66666666666666,4.08248290463863,61.0,71.0,0,9840
0.9994944237784936,0.0482108511733313,0.57452099323392,1.465265132286345,72.66666666666667,9.223159256278008,66.0,86.0,0,9870
0.9975522259101351,0.0020756519946375,0.9891004982099898,1.0054912704141992,69.33333333333333,13.109792777411345,58.0,86.0,0,9900
0.9978274852152988,0.0026404834328818,0.9821144980956192,1.008834439523835,65.83333333333333,4.167333280008531,60.0,71.0,0,9930
0.9978643055315242,0.0021090404528141,0.9909259321768504,1.005188528058364,62.0,1.7320508075688772,59.0,63.0,0,9960
0.9978621232039676,0.0022717543459056,0.991270379084869,1.0047557877185778,61.0,1.4142135623730951,60.0,63.0,0,9990
0.9977311289399736,0.0037942532549946,0.9554997950335836,1.0373064356888808,65.85714285714286,3.804758924845368,60.0,70.0,0,10020
0.9974982185239106,0.0043138428764605,0.9682866230779964,1.0811008855886624,62.5,2.8809720581775866,60.0,67.0,0,10050
0.9976551090224296,0.0023230533378036,0.9852824706479912,1.0099678028171442,61.66666666666666,1.0327955589886444,60.0,63.0,0,10080
0.9976251924455236,0.0023153813093737,0.98893295865284,1.0066342896465923,63.6,1.6733200530681511,61.0,65.0,0,10110
0.9974760183677054,0.0022267676379278,0.9898977248172106,1.0048400657868546,60.16666666666666,1.169045194450012,59.0,62.0,0,10140
0.997482952875692,0.0024857535095676,0.9815483846482812,1.00916764890523,63.66666666666666,1.8618986725025253,62.0,67.0,0,10170
0.997413048576456,0.002312046258096,0.990508002079968,1.0057187869805555,62.8,2.0493901531919194,61.0,66.0,0,10200
0.997357109587989,0.0024033575112276,0.9892200457750288,1.0057126207681248,63.16666666666666,1.7224014243685084,61.0,66.0,0,10230
0.9975127881785136,0.0024275498254625,0.987931144769457,1.0110475320541314,61.2,0.4472135954999579,61.0,62.0,0,10260
0.9976170401099655,0.0022334071739149,0.9903966297842192,1.0044484707769532,61.71428571428572,2.138089935299395,59.0,65.0,0,10290
0.9976085967109524,0.0023145797717266,0.9883457745340646,1.0067344206813085,62.2,2.3874672772626644,60.0,66.0,0,10320
0.9976699628240072,0.0022971181280383,0.9903561879908764,1.0054619565190273,60.833333333333336,1.940790217067952,59.0,64.0,0,10350
0.9974549172769892,0.0023334769674284,0.990651881183148,1.0058795012375636,61.66666666666666,1.0327955589886444,60.0,63.0,0,10380
0.9975554328126528,0.0022986210899413,0.9903783886039266,1.0051259105985777,59.833333333333336,0.752772652709081,59.0,61.0,0,10410
0.9975331431836246,0.0023253531049417,0.9906665428029,1.0072545595390918,61.833333333333336,0.752772652709081,61.0,63.0,0,10440
0.9976418282110946,0.007033191755471,0.9428112112811612,1.0342940351313017,67.4,5.941380311005179,62.0,77.0,0,10470
0.9972834138202552,0.0022678304934472,0.9897979025701964,1.0052193348115972,67.66666666666667,6.947421584060281,62.0,77.0,0,10500
0.997491566164794,0.0021898671267663,0.99120472866308,1.0060320161815974,61.66666666666666,2.3380903889000244,59.0,64.0,0,10530
0.9973886556984588,0.0066450819612537,0.9454118537663996,1.0677279456225073,68.8,3.420526275297414,66.0,73.0,0,10560
0.9974297446285312,0.0022743437385712,0.984534359441711,1.0075308462827777,65.16666666666667,2.6394443859772205,62.0,68.0,0,10590
0.9973596207508516,0.0021587088246115,0.989854621767626,1.005155512294739,61.0,0.8944271909999159,60.0,62.0,0,10620
0.9973463912153344,0.0034415026694803,0.9674262502054096,1.0296661293279197,62.6,2.1908902300206647,60.0,66.0,0,10650
0.9973222850067632,0.0022004064863463,0.9900454990565688,1.0052847568621837,64.0,4.898979485566356,59.0,71.0,0,10680
0.9974952100192664,0.0024113172683574,0.9888133504164524,1.0092241724103024,61.66666666666666,4.633213427705082,57.0,68.0,0,10710
0.9973404229984594,0.0039345747542434,0.958285756969783,1.0637257957941888,61.0,1.7320508075688772,60.0,64.0,0,10740
1.0027790597157935,0.1014769143526583,0.3289576877984918,1.7807394893693185,70.4,8.203657720797473,66.0,85.0,0,10770
0.9968395530628849,0.0016696572268807,0.9918856749967256,1.0036170789193009,59.0,1.0,58.0,61.0,0,10800
0.99702429708249,0.0016436803871611,0.9921097823890358,1.0035231917771708,57.6,0.5477225575051661,57.0,58.0,0,10830
0.9968978059909396,0.001728930632744,0.990985333998647,1.004034469657118,61.8,2.1679483388678804,59.0,64.0,0,10860
0.9970570481186136,0.0017796087375347,0.9906863072648424,1.0115054922374964,62.16666666666666,1.940790217067952,60.0,65.0,0,10890
0.9969662865587448,0.0017233089798365,0.9907498918742812,1.0033153659970229,61.833333333333336,1.7224014243685084,60.0,64.0,0,10920
0.9968988782341562,0.0017053641723503,0.9900236207194149,1.003339499125819,60.0,0.0,60.0,60.0,0,10950
0.9968570563814212,0.0023072584232649,0.9829523707234292,1.0207547934946668,64.33333333333333,3.614784456460256,60.0,68.0,0,10980
0.996940543958388,0.0017705806979863,0.9902546138382946,1.0033953347282865,64.16666666666667,1.7224014243685084,62.0,66.0,0,11010
0.9968456069220754,0.0023188555854845,0.9690002136180776,1.010862774868429,67.16666666666667,2.857738033247041,62.0,70.0,0,11040
0.9969761521543,0.0016803847772388,0.9917126025694238,1.0038217422062197,58.66666666666666,0.816496580927726,58.0,60.0,0,11070
0.9968593876922904,0.0032101343682534,0.9725706053409492,1.0161242092779847,66.33333333333333,5.680375574437544,60.0,77.0,0,11100
0.997038463548592,0.001766157724312,0.9886060708358057,1.0031757795171543,63.833333333333336,2.041241452319315,61.0,67.0,0,11130
0.996868419436782,0.0016591258871747,0.990921242805986,1.0022057780436162,61.2,0.4472135954999579,61.0,62.0,0,11160
0.997020122487564,0.0033858785340294,0.9537331941613963,1.0323008043473667,62.66666666666666,2.250925735484551,61.0,67.0,0,11190
0.9968112995781584,0.0018301380622339,0.98996512800382,1.0030849309365637,64.0,4.0,59.0,69.0,0,11220
0.9969763204573447,0.0017384420187714,0.9906670107907046,1.0042845506070677,61.0,2.23606797749979,60.0,65.0,0,11250
0.9968962848861896,0.0017667968683149,0.9909710628576094,1.0027382360213708,62.333333333333336,0.816496580927726,61.0,63.0,0,11280
0.9969908930853844,0.0018333952964284,0.990621659549255,1.0035749446379678,62.16666666666666,1.8348478592697184,60.0,65.0,0,11310
0.9972955199790624,0.0048850644793419,0.945393341908954,1.048588491534162,65.6,2.5099800796022267,63.0,68.0,0,11340
0.9989698613514412,0.0520162808297635,0.5272029723515318,1.338554012101626,71.85714285714286,6.841748592978538,67.0,84.0,0,11370
1.005901077300716,0.1097879122078516,0.4371919812326159,1.8059630225045555,68.0,0.0,68.0,68.0,0,11400
1.0004233176565545,0.0590646997425626,0.420749128076399,1.579079233965443,82.66666666666667,5.163977794943222,76.0,86.0,0,11430
0.9983800131130997,0.009289615515026,0.8590168321952137,1.1201125556464806,64.83333333333333,2.5625508125043424,62.0,68.0,0,11460
0.997568592157598,0.0176919773602205,0.8220210613107792,1.227757111545488,64.0,5.621387729022079,59.0,71.0,0,11490
0.9974439714873712,0.0015636951692025,0.9874541610197256,1.0048717092747164,63.25,0.957427107756338,62.0,64.0,0,11520
0.9973180781589192,0.0015395510791648,0.9913285528258832,1.002124959127184,63.71428571428572,1.1126972805283737,62.0,65.0,0,11550
0.9975302302120198,0.00166618834315,0.9914066535196292,1.0026207760768175,62.0,1.224744871391589,61.0,64.0,0,11580
0.9968831618722482,0.0019365731731398,0.989982821949674,1.0038362180661993,59.333333333333336,1.3662601021279464,58.0,62.0,0,11610
0.9968822094642734,0.0015771420620697,0.983452604467114,1.005236875780062,59.0,0.6324555320336759,58.0,60.0,0,11640
0.99681431277166,0.0016372750759062,0.9802528929245452,1.0110228885106904,59.0,0.0,59.0,59.0,0,11670
0.996972253055909,0.0013654819398071,0.990971445960382,1.001782920288767,59.16666666666666,1.1690451944500122,57.0,60.0,0,11700
0.9968811108840272,0.0015487208305205,0.9851631245999466,1.006386687548787,56.8,0.8366600265340756,56.0,58.0,0,11730
0.996999502908846,0.0014160187080282,0.9909622923376046,1.002214673710523,58.16666666666666,1.169045194450012,56.0,59.0,0,11760
0.9969731215833636,0.0015279717220413,0.9868361818674972,1.0089676232397051,58.833333333333336,1.3291601358251257,57.0,61.0,0,11790
0.9971145882366562,0.0153272831555999,0.8589799790831973,1.1111556723205485,60.2,0.8366600265340756,59.0,61.0,0,11820
0.996900600061224,0.0017345426599893,0.976543087145022,1.0173352022101172,56.71428571428572,1.1126972805283737,56.0,59.0,0,11850
0.9968297590380284,0.0122938904871448,0.8953482568430733,1.1751209055241465,60.66666666666666,3.3862466931200785,58.0,65.0,0,11880
0.9969440493020064,0.001502333572215,0.99004866125891,1.0018380546094912,58.16666666666666,0.983192080250175,57.0,59.0,0,11910
0.9968543807704134,0.0014643000297586,0.9911076671029642,1.0019224834884983,57.8,1.095445115010332,57.0,59.0,0,11940
0.996813244863778,0.0014921092735219,0.9901136551336064,1.0017460063262245,58.0,1.2649110640673518,57.0,60.0,0,11970
0.99689245784744,0.001528764479199,0.9908818905423844,1.003964404219064,57.8,1.7888543819998317,55.0,60.0,0,12000
0.9968841014915256,0.0015032065026593,0.9911017306512888,1.0029500972670229,57.0,0.8944271909999159,56.0,58.0,0,12030
0.9968671753493908,0.0014518257623587,0.9906725323965432,1.0014398369423347,58.833333333333336,0.9831920802501748,57.0,60.0,0,12060
0.9967903650140028,0.0014349800191585,0.9900823138189015,1.0016797309006755,58.16666666666666,0.752772652709081,57.0,59.0,0,12090
0.9969157631939408,0.0014004628204689,0.991150700101357,1.0020087130221076,57.333333333333336,0.5163977794943223,57.0,58.0,0,12120
0.9968315218873596,0.0014555320977074,0.990309594751394,1.0015816282036976,57.333333333333336,0.5163977794943222,57.0,58.0,0,12150
0.9969476728018404,0.0014559654901366,0.9916142416279478,1.0024962819439234,58.75,0.5,58.0,59.0,0,12180
0.9967677349638012,0.0014644221149202,0.9914421957238908,1.001942501906422,58.57142857142857,0.7867957924694432,57.0,59.0,0,12210
0.996917918319798,0.0022874048752405,0.9796739770084024,1.0156332000474433,58.5,0.5477225575051661,58.0,59.0,0,12240
0.9968525577970522,0.001547345897871,0.9898319556583784,1.0018443639632706,57.833333333333336,1.169045194450012,56.0,59.0,0,12270
0.9969574372366836,0.0014881126312715,0.9913553711018616,1.0019240788634087,58.66666666666666,1.505545305418162,57.0,61.0,0,12300
0.996905935367522,0.0014996263405257,0.991253724487974,1.0033102601576145,57.6,0.8944271909999159,57.0,59.0,0,12330
0.9968465390397566,0.0018997758973599,0.983252731759902,1.0118461175020932,57.5,1.6431676725154984,56.0,60.0,0,12360
0.9968228246593316,0.0015134820614312,0.9916731616796384,1.0021894352647058,56.66666666666666,0.5163977794943223,56.0,57.0,0,12390
0.9968432622332388,0.0016609797833274,0.9877700465323396,1.0098457248073935,58.8,0.8366600265340756,58.0,60.0,0,12420
0.996793065053131,0.0014753693527993,0.9912582989412496,1.0020092403403973,56.66666666666666,0.5163977794943223,56.0,57.0,0,12450
0.996889772337783,0.0077818487248306,0.8391424044107114,1.130691722647641,59.0,3.9370039370059056,57.0,66.0,0,12480
0.996901781888957,0.0016581939965779,0.989418492698297,1.0056877206131385,57.0,1.2649110640673518,55.0,58.0,0,12510
0.9974159612722096,0.0019204317957604,0.9721903744478548,1.0142911320279004,55.833333333333336,1.8348478592697184,53.0,57.0,0,12540
0.997779341403701,0.0014422487527734,0.992006009502004,1.0020787170966012,55.833333333333336,0.408248290463863,55.0,56.0,0,12570
0.9977753946636696,0.001668703784314,0.989110415423445,1.00998715196641,58.16666666666666,3.125166662222459,55.0,63.0,0,12600
0.9976516468421092,0.0119418835243516,0.9175764412135426,1.0880512437354548,60.6,6.58027355054484,55.0,71.0,0,12630
0.9970672109515604,0.0096191196429172,0.9118017421235056,1.093787414585211,70.16666666666667,3.710345895825168,63.0,73.0,0,12660
0.9969069457308776,0.0014908817827381,0.9922455662361056,1.001579334117742,53.2,0.4472135954999579,53.0,54.0,0,12690
0.9969832694551888,0.0033430170314876,0.9392656276017396,1.0742544633947535,56.0,2.3664319132398464,53.0,59.0,0,12720
0.9971414551998188,0.0049462556601777,0.8993880474914373,1.0732551085956406,57.333333333333336,1.632993161855452,55.0,59.0,0,12750
0.9972847515223684,0.0015464782086334,0.9926584876819116,1.0022604814483858,55.66666666666666,0.5163977794943223,55.0,56.0,0,12780
0.9972369553817012,0.0016356024032131,0.991544084619408,1.0023699504558583,57.66666666666666,1.505545305418162,56.0,60.0,0,12810
0.9972263579383264,0.0016391806644986,0.992084432456966,1.0030466377587683,57.8,2.04939015319192,56.0,60.0,0,12840
0.99722344882016,0.0019705616965736,0.9828497170283156,1.0122414016137653,57.16666666666666,0.408248290463863,57.0,58.0,0,12870
0.997299938538348,0.0019546913160121,0.983212865252515,1.0069565430816068,60.833333333333336,4.070217029430577,57.0,66.0,0,12900
0.9971971538690462,0.0015848481411089,0.991177811597339,1.0019361569650782,58.16666666666666,1.4719601443879744,56.0,60.0,0,12930
0.99724574002679,0.0015572267838576,0.9915384292385544,1.0025994939242588,56.4,0.5477225575051661,56.0,57.0,0,12960
0.9973624167183652,0.0016173721104484,0.9923403676331524,1.0021002474969358,57.333333333333336,0.5163977794943223,57.0,58.0,0,12990
0.9973128121615242,0.0015860731606219,0.9917192578678808,1.002587478607498,57.333333333333336,0.5163977794943223,57.0,58.0,0,13020
0.9971920694668688,0.00185943566973,0.970392126971226,1.011246074522166,57.8,0.4472135954999579,57.0,58.0,0,13050
0.9973413568571124,0.0016297951249362,0.9910846253993854,1.0021856135731044,59.0,0.0,59.0,59.0,0,13080
0.9972716007659668,0.001573415138501,0.9908881389037716,1.001658305254671,56.42857142857143,0.5345224838248488,56.0,57.0,0,13110
0.9973312152443038,0.0016480914978163,0.9915605504888644,1.0028520527377007,56.8,0.8366600265340756,56.0,58.0,0,13140
0.9972487525588276,0.0017162530703419,0.9902607792086132,1.0031663654517828,59.833333333333336,0.752772652709081,59.0,61.0,0,13170
0.9973518576092096,0.0017749409227372,0.9858304943455036,1.005336125127273,58.4,0.5477225575051661,58.0,59.0,0,13200
0.9973221577705328,0.0017400661464238,0.991361885500774,1.0026814345750596,60.333333333333336,1.2110601416389966,59.0,62.0,0,13230
0.9974147084277768,0.0020594531280504,0.9817543146134424,1.0099595580027698,64.33333333333333,0.816496580927726,63.0,65.0,0,13260
0.9973471320416488,0.0018459672995104,0.9905655022936092,1.0045350359975604,67.83333333333333,1.1690451944500122,66.0,69.0,0,13290
0.9976375757475496,0.0018628113848719,0.9909784217451508,1.0035359586459172,68.4,0.8944271909999159,68.0,70.0,0,13320
0.9974803614889796,0.001728206179809,0.9913331217641728,1.00335321095669,69.33333333333333,2.1602468994692865,67.0,72.0,0,13350
0.9974433910659144,0.0016753509981316,0.9917283243486444,1.0027568938063651,65.2,0.8366600265340756,64.0,66.0,0,13380
0.9972893834317296,0.0018569251002701,0.989427787132022,1.0041182502608494,61.5,2.428991560298224,59.0,64.0,0,13410
0.9969148715907664,0.0017415628190121,0.9902607792086132,1.0031755352210798,59.4,0.5477225575051661,59.0,60.0,0,13440
0.9968247964812216,0.0018285324613547,0.9901794932672914,1.002314267726964,63.16666666666666,2.994439290863428,60.0,68.0,0,13470
0.9969767618128847,0.0017582010890846,0.9904803565986,1.0028270083653612,61.833333333333336,1.1690451944500122,61.0,64.0,0,13500
0.9968279312576804,0.0019332707978986,0.9897584398330636,1.0029207479468405,65.5,0.5477225575051661,65.0,66.0,0,13530
0.9968190181264291,0.0019477953570681,0.9896837742139708,1.0024389668073912,67.0,1.0,66.0,68.0,0,13560
0.996946494226128,0.0018143737376305,0.9907509495314604,1.0028642181300218,63.333333333333336,1.9663841605003505,62.0,67.0,0,13590
0.9970099434784992,0.001931148307587,0.9887947344309688,1.0048228773868255,64.16666666666667,0.7527726527090811,63.0,65.0,0,13620
0.9970569323034892,0.0018888646690128,0.990391118906046,1.0038670508859475,63.5,1.8708286933869709,62.0,67.0,0,13650
0.9969171402183272,0.0018601136329496,0.9900792795048132,1.0033737282856374,61.8,1.095445115010332,61.0,63.0,0,13680
0.9968848879381648,0.0020166847400291,0.9895745171535896,1.0065790555399512,65.66666666666667,0.816496580927726,64.0,66.0,0,13710
0.9969753957797064,0.0019065114158592,0.9901586110528504,1.003410503984112,65.6,0.5477225575051661,65.0,66.0,0,13740
0.9969011704208096,0.0019480927898688,0.9898091536051736,1.0031920186864576,65.5,1.6431676725154984,63.0,67.0,0,13770
0.9969731455427864,0.0018288976720255,0.9906909791522076,1.0026592126498712,63.333333333333336,1.8618986725025253,61.0,65.0,0,13800
0.9968812445327616,0.0017189193111578,0.9907392041439512,1.0022196338493925,60.333333333333336,3.444802848737017,57.0,65.0,0,13830
0.9970147583720352,0.0018753002214032,0.9894355031847756,1.0039551948904593,63.6,1.51657508881031,62.0,65.0,0,13860
0.9969074670751186,0.0018716728025224,0.9902116030327104,1.0032961886612797,63.5,1.0488088481701516,62.0,65.0,0,13890
0.9970419046753062,0.0020234948731854,0.9897776169658618,1.0038140548101775,66.5,0.5477225575051661,66.0,67.0,0,13920
0.9969474571134987,0.0020554215782273,0.9866315926319408,1.0062274809390817,65.66666666666667,1.2110601416389968,64.0,67.0,0,13950
0.9970148830468344,0.0018475678366131,0.989673335430434,1.0034684684177675,63.6,0.5477225575051661,63.0,64.0,0,13980
0.9969434992586091,0.0021514371824502,0.9883058556779324,1.009545775624885,66.66666666666667,0.5163977794943222,66.0,67.0,0,14010
0.9970778915595944,0.0018845970840874,0.9872531332207916,1.0061042860191085,66.8,1.6431676725154982,65.0,68.0,0,14040
0.9969028836364168,0.0018918916958529,0.990571834672216,1.0038030069649573,67.66666666666667,0.816496580927726,66.0,68.0,0,14070
0.9970184893935627,0.0017686250004575,0.9902116030327104,1.0037026416462898,62.333333333333336,1.2110601416389966,61.0,64.0,0,14100
0.9969942692520136,0.0017690318163699,0.9902406947097964,1.0019848341216198,62.2,1.3038404810405295,60.0,63.0,0,14130
0.9970913645064142,0.0017241582219725,0.9900047219699208,1.0031209437712183,60.0,1.5491933384829668,59.0,62.0,0,14160
0.9970252296744112,0.0018799837748339,0.9898773932107248,1.003429017479433,65.0,2.097617696340304,63.0,68.0,0,14190
0.9972337735155592,0.0017867333810705,0.9905460896940133,1.0032307010029795,63.66666666666666,2.8047578623950176,61.0,68.0,0,14220
0.9970594074143472,0.0016842989094606,0.9898679406727192,1.0030117176607958,61.16666666666666,1.3291601358251257,60.0,63.0,0,14250
0.9970970655837512,0.0017305763100473,0.9902062215776168,1.002759480619605,59.66666666666666,0.5163977794943223,59.0,60.0,0,14280
0.9971565607228468,0.0017531044924667,0.9906909791522076,1.005588294062396,60.2,0.8366600265340756,59.0,61.0,0,14310
0.9970375135468992,0.0018741402458634,0.9896819349188,1.0026857233724336,60.333333333333336,1.0327955589886444,59.0,61.0,0,14340
0.9971482600643092,0.0018396066854409,0.989634348409972,1.0052601831836625,61.333333333333336,0.816496580927726,60.0,62.0,0,14370
0.9972071598715032,0.0018104100706303,0.9905100788104884,1.003314114678813,60.833333333333336,0.752772652709081,60.0,62.0,0,14400
0.997087379928666,0.0017165923097412,0.9906961686680232,1.0023032738792386,59.6,0.8944271909999159,59.0,61.0,0,14430
0.9971253425077652,0.0018385396827563,0.9904146285057688,1.0034205653766968,63.5,3.391164991562634,59.0,68.0,0,14460
0.9970187368772052,0.001771696249849,0.9897331041023434,1.0032307010029795,60.66666666666666,0.816496580927726,60.0,62.0,0,14490
0.9971052725149931,0.001805385027514,0.9909015524117468,1.0042579874179842,61.0,1.4142135623730951,59.0,63.0,0,14520
0.997114879901477,0.0016941581928935,0.9900533420144492,1.0027955284243597,59.333333333333336,1.0327955589886444,58.0,61.0,0,14550
0.9971476125155728,0.0016507625997046,0.9899562405983104,1.003211984269905,59.16666666666666,0.408248290463863,59.0,60.0,0,14580
0.9970435177984928,0.0016439852020151,0.9903513763884464,1.0026005068438075,58.333333333333336,0.5163977794943223,58.0,59.0,0,14610
0.9970356561618812,0.0017037709833994,0.990115152957074,1.002716882348597,59.5,2.345207879911715,58.0,63.0,0,14640
0.9970054066494924,0.0016544291462397,0.991112865560381,1.002211292185206,61.4,2.701851217221259,57.0,64.0,0,14670
0.9970308107798412,0.0015840381416668,0.9905033992768224,1.002584480044136,57.5,0.8366600265340756,57.0,59.0,0,14700
0.996948875630486,0.0017118318528704,0.9901676312623332,1.005015479992572,59.0,1.5811388300841898,57.0,61.0,0,14730
0.9970393196289706,0.0017012591208835,0.9899058066129172,1.0033964363769736,59.42857142857143,0.7867957924694432,59.0,61.0,0,14760
0.9969677308211158,0.0016694078264056,0.989662691193752,1.0026857233724336,59.333333333333336,0.5163977794943223,59.0,60.0,0,14790
0.9970501783743662,0.0016725953799941,0.9905927806167528,1.0023923019791705,60.8,0.4472135954999579,60.0,61.0,0,14820
0.9969483675613384,0.0017192478788462,0.9901715045092492,1.0038541329070123,60.0,0.0,60.0,60.0,0,14850
0.9970510321668724,0.0016536451922918,0.9903122875225724,1.0023576810918646,59.66666666666666,0.816496580927726,59.0,61.0,0,14880
0.9970114801975812,0.0016126051003243,0.9912200387108304,1.0022330270847843,58.333333333333336,0.5163977794943223,58.0,59.0,0,14910
0.9971173359133236,0.0016549200667694,0.9911520543074356,1.0032090441518209,59.6,1.51657508881031,58.0,61.0,0,14940
0.9970566665543286,0.0016113430428265,0.9914206497078928,1.003038338635513,58.833333333333336,1.3291601358251257,57.0,61.0,0,14970
0.997010873557948,0.0016252123466612,0.9913338137963568,1.0025885277028608,59.333333333333336,1.3662601021279464,58.0,62.0,0,15000
0.9969943992102164,0.0016477965068789,0.9911041598426424,1.00297985847149,60.16666666666666,0.752772652709081,59.0,61.0,0,15030
0.9970650628407984,0.0015481481604512,0.9915328575306872,1.0020018765367809,58.66666666666666,0.5163977794943223,58.0,59.0,0,15060
0.9970504303481872,0.0016183717582735,0.9902722518877322,1.0024329203334206,59.2,0.4472135954999579,59.0,60.0,0,15090
0.997192019433506,0.0015924435514109,0.9918061528554508,1.0028624453009896,60.0,0.0,60.0,60.0,0,15120
0.997259114136598,0.0016472289473099,0.9882054608839044,1.0040923091392842,59.0,1.5491933384829668,58.0,61.0,0,15150
0.9970242429866172,0.0019938089366711,0.9747204897934229,1.0192189835124,57.833333333333336,0.408248290463863,57.0,58.0,0,15180
0.9969958622816886,0.0015475422828326,0.991541058192297,1.0020543127076147,57.833333333333336,0.983192080250175,57.0,59.0,0,15210
0.9969490908945392,0.0018254386181031,0.9876473042901752,1.00446383724384,60.66666666666666,1.505545305418162,58.0,62.0,0,15240
0.9970146311326018,0.0015842828358946,0.9909185344980737,1.002552271437983,60.4,0.5477225575051661,60.0,61.0,0,15270
0.9969778042906772,0.0016011144717588,0.9899049416561624,1.0033650085924712,60.333333333333336,1.0327955589886444,59.0,61.0,0,15300
0.9970255570520172,0.0015697911254807,0.9903392285586036,1.0018023780898158,59.0,1.095445115010332,58.0,61.0,0,15330
0.9970531464480092,0.00151553675654,0.9917832405451557,1.0024064456176844,59.16666666666666,1.169045194450012,58.0,61.0,0,15360
0.9969094243876276,0.0015682885123499,0.9919288938141232,1.0022670493639658,59.0,0.0,59.0,59.0,0,15390
0.9969769894577952,0.0016827096183226,0.9841567708981784,1.0036135985522168,59.2,0.4472135954999579,59.0,60.0,0,15420
0.9969415022781708,0.0014887016686423,0.9910460962063116,1.0011723579410738,58.333333333333336,1.0327955589886444,57.0,60.0,0,15450
0.9970377112749156,0.0015431948941964,0.991780404681374,1.0028927652055977,60.16666666666666,0.408248290463863,60.0,61.0,0,15480
0.99701377012143,0.001487869687733,0.991225926284684,1.0016376285918276,60.2,1.3038404810405295,59.0,62.0,0,15510
0.9970206522000116,0.0014728941279671,0.9915840717202098,1.0022645240394126,59.57142857142857,1.3972762620115435,58.0,62.0,0,15540
0.9969844537242504,0.0014668754552188,0.9918209829885886,1.0013437828111882,59.0,0.0,59.0,59.0,0,15570
0.997091843652098,0.0014664937899812,0.991047913243825,1.0016376285918276,59.333333333333336,0.5163977794943223,59.0,60.0,0,15600
0.997031177103474,0.001440693267227,0.9920257656597886,1.0016789002264797,59.5,0.8366600265340756,59.0,61.0,0,15630
0.9970107852401978,0.0015140727318716,0.9894728890718584,1.0051073608629977,59.66666666666666,0.816496580927726,59.0,61.0,0,15660
0.9969856724241342,0.0014388531472371,0.991020952856442,1.002697515470997,59.0,0.0,59.0,59.0,0,15690
0.9970181114262188,0.0014760152777974,0.9918849866263476,1.001833085171307,59.0,0.0,59.0,59.0,0,15720
0.9969989000227152,0.0014324480958666,0.9915318399168328,1.002159260584569,58.5,0.8366600265340756,57.0,59.0,0,15750
0.997049899423638,0.0014036015864268,0.9917501382381048,1.0021449952916444,59.0,0.0,59.0,59.0,0,15780
0.9969598648501852,0.00141738798342,0.9923414585242571,1.0016892869446097,58.0,0.6324555320336759,57.0,59.0,0,15810
0.996999361821556,0.0014156576420747,0.9924270524558264,1.0017745466920889,58.5,0.5477225575051661,58.0,59.0,0,15840
0.9968827713017928,0.0014790834205065,0.9918135116655802,1.001491508956002,58.0,0.0,58.0,58.0,0,15870
0.9970619377991288,0.0014575250302787,0.9911183407277911,1.002040797678997,58.0,1.095445115010332,56.0,59.0,0,15900
0.9970100702792514,0.0013817659060989,0.9920412946978164,1.0018648465085698,57.66666666666666,1.0327955589886444,57.0,59.0,0,15930
0.997111288369092,0.0013963077928724,0.9925071276008752,1.001252391050533,57.833333333333336,0.408248290463863,57.0,58.0,0,15960
0.9970337624841622,0.0013764829594159,0.9913149820753442,1.001326392936479,58.2,0.4472135954999579,58.0,59.0,0,15990
0.997025221360872,0.0013894689842648,0.992735834332286,1.0017029521688603,57.833333333333336,0.408248290463863,57.0,58.0,0,16020
0.9969980682801536,0.0013967789558527,0.9917712253241722,1.0013794729731031,57.5,1.224744871391589,56.0,59.0,0,16050
0.9970463603195168,0.0013669054920639,0.9917527601227436,1.0020333143866276,57.16666666666666,0.752772652709081,56.0,58.0,0,16080
0.9969947180117136,0.0014026178046191,0.992371869373699,1.0013658863457402,58.16666666666666,0.408248290463863,58.0,59.0,0,16110
0.996939145648346,0.0016219122830711,0.9901281283353636,1.002346625096877,57.66666666666666,1.0327955589886444,56.0,59.0,0,16140
0.996899019411361,0.0014157017209434,0.992139197248879,1.00565662207327,57.833333333333336,1.1690451944500122,56.0,59.0,0,16170
0.9969870482674362,0.0014122434950479,0.9925349217408423,1.0013979240753148,56.6,1.3416407864998738,56.0,59.0,0,16200
0.9968983307896172,0.0013761405272268,0.9925918485668014,1.002279451345392,58.333333333333336,0.5163977794943223,58.0,59.0,0,16230
0.9969674344663116,0.0013516032455682,0.9928797394563504,1.0019520470289234,57.16666666666666,0.752772652709081,56.0,58.0,0,16260
0.9970479738693488,0.0013397104845392,0.992783939121242,1.0018872611687455,56.66666666666666,0.5163977794943223,56.0,57.0,0,16290
0.9969856356709508,0.0014033664532867,0.9923740207487396,1.001491508956002,57.333333333333336,0.816496580927726,56.0,58.0,0,16320
0.9969068295567092,0.001369616064856,0.9927450642854388,1.002159260584569,57.333333333333336,0.5163977794943222,57.0,58.0,0,16350
0.9969263499834108,0.0013860556399159,0.9917144629351032,1.001701958985426,57.0,0.0,57.0,57.0,0,16380
0.9969121524858252,0.001364936528183,0.9922343374918094,1.001652270485052,57.0,0.0,57.0,57.0,0,16410
0.9969767917500034,0.0013368237905443,0.9924558562814872,1.001316593147447,57.5,1.0488088481701516,56.0,59.0,0,16440
0.9969048170597044,0.0013428742736417,0.9923126514271848,1.0031514969845383,56.5,0.8366600265340756,56.0,58.0,0,16470
0.9969790529196696,0.0013592184451121,0.9910460962063116,1.00191011042355,57.0,0.6324555320336759,56.0,58.0,0,16500
0.9969121168789018,0.0013675938836125,0.9925071276008752,1.0016145427596683,56.2,0.8366600265340756,55.0,57.0,0,16530
0.9969373095889822,0.0013571172516641,0.9919234153571584,1.0023867287542267,56.5,0.5477225575051661,56.0,57.0,0,16560
0.9969759082855664,0.0013512334083604,0.9918511215436416,1.001870693267205,56.333333333333336,1.2110601416389966,55.0,58.0,0,16590
0.9969768632540073,0.0013896193233522,0.9921101418656044,1.0016395348249838,57.0,0.6324555320336759,56.0,58.0,0,16620
0.996887054181258,0.0013463082404541,0.9925833666219728,1.001316593147447,55.6,0.5477225575051661,55.0,56.0,0,16650
0.9969166496915278,0.001325634333728,0.9922479611396992,1.0013658863457402,56.5,0.5477225575051661,56.0,57.0,0,16680
0.9968372221205336,0.0013520628824779,0.9916765250229582,1.0016145427596683,55.833333333333336,0.408248290463863,55.0,56.0,0,16710
0.9969574484902108,0.0013444389278199,0.9926898937528728,1.002040797678997,55.0,0.6324555320336759,54.0,56.0,0,16740
0.9969445177018682,0.0013581107456535,0.9912948149987924,1.002476155042627,56.0,0.0,56.0,56.0,0,16770
0.9969712120434486,0.0013808267492103,0.9924239473624616,1.0016001302849509,57.0,0.7071067811865476,56.0,58.0,0,16800
0.9969411633773568,0.0013384245803677,0.99261478627121,1.0014805030984126,57.16666666666666,0.983192080250175,56.0,58.0,0,16830
0.996937624548879,0.001340184682627,0.9923677233381736,1.0022145994123517,54.66666666666666,0.816496580927726,54.0,56.0,0,16860
0.9969747630243206,0.001334347944135,0.992309545739937,1.0016879760575397,55.0,0.0,55.0,55.0,0,16890
0.9970903184334772,0.0013375667867816,0.9924718455777272,1.001326392936479,54.4,0.5477225575051661,54.0,55.0,0,16920
0.9969009670166254,0.0013641076105478,0.9903761012430023,1.0045168726870843,54.16666666666666,1.1690451944500122,53.0,56.0,0,16950
0.9969637640690407,0.0013123575601016,0.9917453810246964,1.0014666237375414,54.16666666666666,0.752772652709081,53.0,55.0,0,16980
0.9969551606794608,0.0013308609890871,0.9921206630338772,1.001209369111466,54.333333333333336,0.5163977794943223,54.0,55.0,0,17010
0.9968756797147456,0.0015645434482506,0.9884471972097346,1.0018870190244706,55.0,0.0,55.0,55.0,0,17040
0.9969374463997605,0.0013330918823176,0.992815078553388,1.0013899231062044,54.42857142857143,0.9759000729485332,53.0,55.0,0,17070
0.9969847200824544,0.0013631038310996,0.9911528077236174,1.001701958985426,54.833333333333336,0.983192080250175,54.0,56.0,0,17100
0.9969810379841028,0.0013020169493895,0.9923711092995956,1.0015191866536055,55.0,0.7071067811865476,54.0,56.0,0,17130
0.9969900532399952,0.0012953708421372,0.9915120956604716,1.0014301964859158,54.6,0.8944271909999159,54.0,56.0,0,17160
0.9969975274542682,0.0013339643766781,0.991119616826289,1.0018774454125514,54.66666666666666,0.816496580927726,53.0,55.0,0,17190
0.9970739249838974,0.0013081616775205,0.9928731665326946,1.0021794285410472,54.0,1.095445115010332,53.0,55.0,0,17220
0.9969699926577092,0.0013041001135249,0.992320004639738,1.0020291507776655,55.16666666666666,0.408248290463863,55.0,56.0,0,17250
0.9974596046165782,0.0154557483139555,0.8525809999290976,1.1391004104153286,54.6,0.5477225575051661,54.0,55.0,0,17280
0.997905938232068,0.0023775476698579,0.971390199738339,1.0179297599635988,68.33333333333333,13.201010062365176,55.0,85.0,0,17310
0.9978316279612034,0.0021913897513296,0.9717639130143904,1.0354422265751624,59.0,2.9664793948382653,55.0,63.0,0,17340
0.997910961157574,0.0030181888234413,0.9632224959919696,1.0280022811470508,57.66666666666666,2.065591117977289,55.0,59.0,0,17370
0.997352504868485,0.0172164987627732,0.7231513292196108,1.1457047396846056,54.0,1.4142135623730951,52.0,55.0,0,17400
0.9971442722391938,0.0128913351346668,0.8728409608214832,1.0872034613287709,58.4,6.148170459575759,53.0,68.0,0,17430
0.9971234232376052,0.0014856942300228,0.9881181245341316,1.008468628280806,53.142857142857146,1.0690449676496974,52.0,55.0,0,17460
0.9972659421012292,0.0027049277936798,0.9542448438884068,1.063638944284328,56.0,1.8708286933869709,53.0,58.0,0,17490
0.9971571268994824,0.0014649452622715,0.9911373036897864,1.0028939443791405,54.5,0.5477225575051661,54.0,55.0,0,17520
0.9970708732091595,0.0016968137499424,0.989888219962138,1.0052151969090848,56.5,1.378404875209022,55.0,58.0,0,17550
0.9971552200063984,0.0014308621753191,0.9923707102905296,1.0031023399463237,55.5,3.88587184554509,53.0,61.0,0,17580
0.9971352433039424,0.0022068343687808,0.9608067883091898,1.0214543659877813,55.66666666666666,2.250925735484551,54.0,59.0,0,17610
0.997169557889246,0.0015806595091922,0.989358595716462,1.002843545815986,55.2,0.4472135954999579,55.0,56.0,0,17640
0.9971713026616368,0.001513920490205,0.98564076048253,1.0110113399483114,57.16666666666666,3.4302575219167832,53.0,62.0,0,17670
0.9971866860327402,0.0019693622981786,0.9791719209284854,1.0179932975250083,56.833333333333336,3.656045222185672,53.0,63.0,0,17700
0.9971441011268454,0.0014260927791267,0.992138418460126,1.0028579255100645,55.333333333333336,2.065591117977289,53.0,59.0,0,17730
0.9972469497381424,0.0017245955421985,0.9890744889083176,1.005834293996367,54.8,2.949576240750525,53.0,60.0,0,17760
0.9971838995482448,0.0014204863426375,0.9919499689133772,1.0031023399463237,55.333333333333336,3.8815804341359033,52.0,63.0,0,17790
0.997261181524058,0.0091241261630311,0.8869196304321323,1.0601070729456246,55.0,1.4142135623730951,54.0,57.0,0,17820
0.9972094112268288,0.0014734323087081,0.991919540653157,1.0022833680087184,58.85714285714285,4.140393356054124,55.0,65.0,0,17850
0.9972829500148748,0.0013594030009446,0.9930425658673148,1.0023280974259623,52.16666666666666,1.169045194450012,51.0,54.0,0,17880
0.9972847526949402,0.0093415791199443,0.8843580224810482,1.0693004771688357,53.0,0.0,53.0,53.0,0,17910
0.9972383914320772,0.0014609097375785,0.9894323205360284,1.0039990550751878,56.0,2.1908902300206643,54.0,60.0,0,17940
0.9972435299190104,0.0024537714494537,0.9748093966626756,1.0155035446637397,57.16666666666666,2.857738033247041,54.0,61.0,0,17970
0.9974201738504046,0.0013893334992967,0.984784873720865,1.003891622549536,53.0,1.095445115010332,51.0,54.0,0,18000
0.9973528607643504,0.0017889324217332,0.9910469898740676,1.022724522972032,53.2,1.095445115010332,52.0,54.0,0,18030
0.9985281242888192,0.0368095497723475,0.7386731503827996,1.2768681586671586,58.6,10.285912696499032,54.0,77.0,0,18060
0.993719909679935,0.0037917995913819,0.9396640331430536,1.0216790587900342,76.5,0.5477225575051661,76.0,77.0,0,18090
0.9938147383116616,0.0016748676819608,0.985127753241548,1.002610606688629,56.142857142857146,3.132015933791495,52.0,60.0,0,18120
0.9940613727342404,0.0017845695982264,0.9864180458141112,1.0018434038448674,58.8,3.1937438845342627,54.0,63.0,0,18150
0.9939665440273726,0.0016398226882927,0.988220651919828,0.9999696499940436,52.833333333333336,2.9268868558020253,50.0,57.0,0,18180
0.9938054153217472,0.003358155280707,0.9692003433605976,1.0303019403236364,55.333333333333336,2.7325202042558927,53.0,60.0,0,18210
0.994591016993292,0.0136866197367753,0.9234609921263106,1.09357591421338,69.4,6.308724118235001,62.0,74.0,0,18240
0.9943647434645416,0.0013961142713575,0.9885152941575108,1.0003213862073228,59.5,9.460443964212253,49.0,74.0,0,18270
0.9944820000234996,0.0016418215168692,0.9872055594035216,1.0017117497373982,55.833333333333336,5.192943930629973,50.0,61.0,0,18300
0.9945458354771444,0.001284334650657,0.9891041480784264,1.0003636808011225,53.6,1.1401754250991378,52.0,55.0,0,18330
0.994595444798259,0.001214325508532,0.989862298765207,1.0003654309892012,52.85714285714285,2.267786838055364,51.0,57.0,0,18360
0.9946441728928688,0.001217648523045,0.990892551838962,0.9997330447060906,53.66666666666666,0.816496580927726,53.0,55.0,0,18390
0.994565238353273,0.0013348184138914,0.9808182270974526,1.0019358124396245,54.2,0.4472135954999579,54.0,55.0,0,18420
0.994674527059685,0.0011871749776244,0.99074305952055,1.0005075840538642,53.16666666666666,0.983192080250175,52.0,54.0,0,18450
0.9947085194197062,0.0014897319862158,0.9846021966706046,1.0027407543191411,54.833333333333336,1.602081978759722,53.0,57.0,0,18480
0.9948595060522746,0.0013588776706242,0.9900935977715742,1.000099499066368,56.333333333333336,2.581988897471611,53.0,60.0,0,18510
0.99474345957328,0.0012347274754019,0.9911187783004064,1.000043984207155,54.4,1.1401754250991378,53.0,56.0,0,18540
0.994814655093183,0.0012473916512406,0.9901122881261196,0.9998207261558996,52.16666666666666,2.136976056643281,50.0,56.0,0,18570
0.9948526060235542,0.0012915517330335,0.9901735043417844,1.000895125364136,54.66666666666666,1.632993161855452,54.0,58.0,0,18600
0.9933499353143724,0.0014321931526555,0.9886778093084522,0.9995088146535828,55.0,1.5491933384829668,54.0,58.0,0,18630
0.9929589338591304,0.0015548733904468,0.9854533045230148,1.0005409444876407,55.4,3.714835124201342,53.0,62.0,0,18660
0.993316930546446,0.0014725781820648,0.9825630580531156,1.0050208818973414,55.333333333333336,4.08248290463863,53.0,63.0,0,18690
0.993147413695898,0.0012645393979194,0.9894542899141424,0.9979216956543084,53.833333333333336,4.400757510550504,51.0,60.0,0,18720
0.993490245672836,0.0017631521768529,0.9786775199262931,1.0027982856064226,57.66666666666666,4.366539438350084,53.0,64.0,0,18750
0.9937465362075244,0.001236379579687,0.9877047267260292,0.997803635818972,52.833333333333336,2.041241452319315,50.0,56.0,0,18780
0.9937968250783284,0.0013472323517974,0.9872906678551612,0.9994169861243354,55.0,3.794733192202055,51.0,59.0,0,18810
0.993899939939894,0.0014199907778072,0.9889129979380896,0.9999537881030602,53.0,0.6324555320336759,52.0,54.0,0,18840
0.9937508505588788,0.0011920314763865,0.9900222347886688,0.9985363424535634,53.2,0.4472135954999579,53.0,54.0,0,18870
0.9937030474434994,0.0019002902461447,0.9791990558165944,1.0100034455595932,58.5,4.03732584763727,54.0,63.0,0,18900
0.9937688308724684,0.0012617835519902,0.9891848984978036,0.9989013686958788,55.5,1.378404875209022,54.0,57.0,0,18930
0.9936114208132396,0.0012328574098073,0.9887776194121356,0.9985784446866356,54.0,0.7071067811865476,53.0,55.0,0,18960
0.9937507471554998,0.0012080607664572,0.9899349113654846,0.998747259366908,52.16666666666666,0.408248290463863,52.0,53.0,0,18990
0.9937487535097248,0.0012459769346257,0.9897321155372196,0.9986855538594068,52.66666666666666,0.5163977794943223,52.0,53.0,0,19020
0.9938504456130688,0.0012716264772023,0.9892868063556746,0.9981348447393068,53.4,0.5477225575051661,53.0,54.0,0,19050
0.9937766174132304,0.0012406198090126,0.98940386840869,0.9990377126065112,52.5,0.8366600265340756,52.0,54.0,0,19080
0.9937999686921724,0.0013985011998403,0.98828386788228,0.999261629337052,53.0,0.0,53.0,53.0,0,19110
0.9937894209143814,0.0013930909488757,0.9887439624811724,0.9992009866498232,57.0,3.3466401061363023,54.0,62.0,0,19140
0.9937674931944795,0.001497058593392,0.986269406006442,1.00013354287807,55.833333333333336,3.6009258068817065,51.0,60.0,0,19170
0.9938823760280066,0.0014467814984393,0.9863357017884834,1.0012655114035838,53.2,1.3038404810405295,51.0,54.0,0,19200
0.9939576040452904,0.0012324479869115,0.988516046859463,0.9976351541883234,57.4,2.5099800796022267,55.0,61.0,0,19230
0.9938939167850848,0.0012004367241416,0.9885748793545284,0.9977010365559514,53.142857142857146,0.8997354108424372,52.0,54.0,0,19260
0.9938976591903922,0.0011942975247973,0.9902741472951264,0.9984253636182276,53.4,0.5477225575051661,53.0,54.0,0,19290
0.9939977386197528,0.0012108464120386,0.9898827950287902,0.9986608187345792,53.66666666666666,0.5163977794943223,53.0,54.0,0,19320
0.9941115036073436,0.0015011326534945,0.9839262239718992,1.0051206766555496,57.6,4.159326868617084,53.0,63.0,0,19350
0.994162800568396,0.0016817135073129,0.9838923136161344,1.0042206695263896,56.5,2.5099800796022267,55.0,61.0,0,19380
0.9942007170296736,0.001227886111192,0.9903052341191072,0.9986781151793556,52.0,0.6324555320336759,51.0,53.0,0,19410
0.9941203941503208,0.0023606768603588,0.9585048265282184,1.0231477714778936,54.66666666666666,3.011090610836324,52.0,59.0,0,19440
0.9941599100199312,0.001394845380077,0.9847447319591052,1.0027450657619317,52.0,0.0,52.0,52.0,0,19470
0.994151036175164,0.0012416803747401,0.9883836514008616,0.9980833657851732,55.16666666666666,3.710345895825168,52.0,60.0,0,19500
0.994130398681869,0.0012599436477257,0.9894906124028564,0.9983723312412158,52.5,0.5477225575051661,52.0,53.0,0,19530
0.9942346540741046,0.0013899731619057,0.9890297210282863,0.9993232231381948,54.0,2.280350850198276,52.0,58.0,0,19560
0.9941840806116196,0.0013207650644982,0.9893007156552652,0.9992334704499094,51.833333333333336,1.4719601443879744,50.0,54.0,0,19590
0.994265511448886,0.0014075575168528,0.9878590861781148,1.0007896896134023,53.2,4.969909455915672,50.0,62.0,0,19620
0.9943697073622472,0.00125417234578,0.9903721065419856,0.9981841861264984,52.833333333333336,0.408248290463863,52.0,53.0,0,19650
0.9942112265823756,0.0013063298969134,0.9878536982337316,0.9990251106500676,53.5,3.7282703764614498,51.0,61.0,0,19680
0.99420070693074,0.0011727798904577,0.989774281210014,0.9992094319906614,51.333333333333336,0.5163977794943223,51.0,52.0,0,19710
0.9943799098689576,0.0014214728314478,0.98844814702007,1.000746603919139,52.4,0.8944271909999159,51.0,53.0,0,19740
0.99452228896522,0.0012946839710787,0.988382309170576,0.9988745088497204,57.5,4.415880433163924,53.0,63.0,0,19770
0.9942811608338432,0.001188076870027,0.9899559137869676,0.9989782430693572,53.57142857142857,1.3972762620115438,52.0,55.0,0,19800
0.994371135485168,0.0012104409231084,0.9907561902034072,0.9987176706741552,53.2,0.8366600265340756,52.0,54.0,0,19830
0.9942664300012324,0.0013409518065561,0.988932166599196,1.000009434604159,55.16666666666666,5.845225972250061,50.0,63.0,0,19860
0.9942472795889596,0.0012283785288375,0.9894854675146524,0.9982795694925044,51.8,1.3038404810405295,50.0,53.0,0,19890
0.9942478490122548,0.0012194105846042,0.9903072086699208,0.9982596997440796,53.16666666666666,0.408248290463863,53.0,54.0,0,19920
0.9943831991046728,0.0011719084259286,0.9893765552053324,0.9985430823583978,52.66666666666666,1.2110601416389966,52.0,55.0,0,19950
0.994327424671615,0.0012206671029916,0.9906708487818796,0.99960833958589,53.333333333333336,0.5163977794943223,53.0,54.0,0,19980
0.9942588826584198,0.0012156871698767,0.9892683929545762,0.9992212267438778,54.5,0.5477225575051661,54.0,55.0,0,20010
0.994180492553049,0.0052607233830057,0.910880310653628,1.045227050307736,53.2,0.8366600265340756,52.0,54.0,0,20040
0.9975637630934496,0.033632244055272,0.7532370210324569,1.229354087252074,60.333333333333336,11.63901484949077,53.0,79.0,0,20070
0.9967469719203796,0.0015044011611686,0.9847392260799354,1.006174179003939,54.6,8.619744775803982,50.0,70.0,0,20100
0.9967450157545829,0.0014127532643526,0.9823693376668928,1.0064054889065144,54.57142857142857,1.9880595947760096,51.0,57.0,0,20130
0.998017392001386,0.0118306934008022,0.8176418230105589,1.112705792003443,54.66666666666666,3.669695718539436,51.0,61.0,0,20160
0.9985647565837776,0.0015854420409832,0.9727594363890848,1.0103103587796425,52.2,1.3038404810405295,50.0,53.0,0,20190
0.998677512451598,0.001417049094068,0.9901668835321752,1.0050985322482666,55.66666666666666,4.1311822359545785,52.0,61.0,0,20220
0.9986927110627296,0.0012636237564805,0.9897940406020084,1.0050070563275662,55.66666666666666,2.6583202716502514,51.0,58.0,0,20250
0.9987274810010748,0.0016077678405753,0.9897745899007612,1.0092602722088142,57.16666666666666,4.445971959725642,52.0,63.0,0,20280
0.9986263968168638,0.0012125760160179,0.9937591701751788,1.0031994952807792,53.333333333333336,2.4221202832779936,50.0,56.0,0,20310
0.9984900256493178,0.0013657561317276,0.9934186020592024,1.0051702305013517,56.0,3.741657386773941,52.0,60.0,0,20340
0.9984814376999428,0.0019675359695002,0.9793793847067948,1.0215442386072615,53.0,2.1908902300206643,51.0,57.0,0,20370
0.99706568062789,0.0543798595657568,0.6645033546622094,1.4139195431861498,69.4,10.21273714534943,61.0,81.0,0,20400
0.9925194070611646,0.0032076774545265,0.9729558891777004,1.0144642113803966,63.833333333333336,8.183316361150085,58.0,79.0,0,20430
0.9938321381616012,0.0295493308790372,0.725252743326249,1.2795231623405416,60.16666666666666,5.528712930390459,54.0,68.0,0,20460
0.9929214280717208,0.0016076070095539,0.9864985847134604,0.9983696189031044,54.2,0.4472135954999579,54.0,55.0,0,20490
0.992704695222556,0.0016394758112903,0.982682029107956,0.998403842773394,54.333333333333336,0.5163977794943223,54.0,55.0,0,20520
0.9929350428770994,0.0016096335355281,0.986577448311591,0.9980194457627266,54.833333333333336,0.983192080250175,54.0,56.0,0,20550
0.992913959594106,0.0030119147498128,0.9728303442659724,1.029780691596269,55.5,2.7386127875258306,53.0,60.0,0,20580
0.993092990755591,0.0017689061855807,0.9839532088855548,0.9989289500810504,55.16666666666666,2.9944392908634274,53.0,59.0,0,20610
0.9931604391675708,0.0021147277410086,0.9841425373890916,1.001138869802921,55.2,1.095445115010332,54.0,57.0,0,20640
0.9930764737849496,0.0037858792973769,0.955101830576939,1.0383014659943228,54.833333333333336,1.7224014243685084,53.0,57.0,0,20670
0.993008922456352,0.0017090142849963,0.9859924122515497,0.9994072504820894,53.16666666666666,2.401388487243717,51.0,56.0,0,20700
0.9931578567346796,0.0017373483616148,0.98560751624805,1.0079657109479518,52.5,0.5477225575051661,52.0,53.0,0,20730
0.9931909830206632,0.001720723303147,0.980420856264844,0.9987391778144282,53.5,1.378404875209022,52.0,55.0,0,20760
0.9932250937000706,0.0016687034788543,0.9861258573923108,0.9988165048766966,53.6,0.8944271909999159,53.0,55.0,0,20790
0.9931317997860588,0.0040912614574524,0.9422921210475655,1.029034289933975,54.833333333333336,4.020779360604939,51.0,61.0,0,20820
0.993291502792759,0.0019765589342262,0.9811285456608578,1.0006346813938491,52.333333333333336,1.0327955589886444,51.0,53.0,0,20850
0.9930807314265944,0.0018180810829078,0.9865587042958468,0.9983548313530064,54.66666666666666,2.581988897471611,53.0,58.0,0,20880
0.9945420086324476,0.0331540831181764,0.7557875129857796,1.3938969485709696,52.66666666666666,0.5163977794943223,52.0,53.0,0,20910
0.9930739227095416,0.0020390521582309,0.982321959482964,1.0006613161473417,54.66666666666666,0.816496580927726,54.0,56.0,0,20940
0.9931963656193284,0.0028325304492772,0.9631285436467398,1.038636154474482,53.833333333333336,2.714160398109638,51.0,58.0,0,20970
0.9932926159019326,0.0019647812818393,0.9846264140677976,1.0017050518844055,53.4,1.140175425099138,52.0,55.0,0,21000
0.9932440660510988,0.0019335094532084,0.9858091900337356,0.999802395172291,53.66666666666666,1.7511900715418265,52.0,57.0,0,21030
0.9931231424598108,0.0027210111324925,0.973466914072199,1.0095656808798328,54.333333333333336,2.3380903889000244,53.0,59.0,0,21060
0.9932211202011773,0.0019005856686482,0.9851611838678278,0.9995583671790308,52.5,2.81069386451104,50.0,56.0,0,21090
0.9933201747339886,0.0030109823893051,0.9765302718576776,1.037911998875054,53.66666666666666,1.632993161855452,53.0,57.0,0,21120
0.9935784913347078,0.0207291069171762,0.6926637009583511,1.2264059722477425,51.4,0.5477225575051661,51.0,52.0,0,21150
0.9936592746840208,0.0245734774622275,0.8066920935162188,1.4713025636560992,58.66666666666666,4.1311822359545785,52.0,63.0,0,21180
0.993495426252513,0.0021125091135539,0.9850965488738146,1.000517934623393,53.0,0.8944271909999159,52.0,54.0,0,21210
0.9934734442951824,0.0024973620575351,0.9729331026630812,1.0080433709528822,51.66666666666666,0.5163977794943223,51.0,52.0,0,21240
0.9935568183899496,0.0022315061893445,0.9803725937349228,1.0064720598543508,52.0,0.6324555320336759,51.0,53.0,0,21270
0.9935951095767924,0.0021876916820471,0.9857926132227608,1.0041474643332275,53.333333333333336,2.4221202832779936,51.0,57.0,0,21300
0.993606884253976,0.002127405603496,0.985603851751534,1.0027216441793103,54.66666666666666,3.265986323710904,51.0,59.0,0,21330
0.9934858608659268,0.0036155424845289,0.9610792914603664,1.0266099791077476,52.4,1.1401754250991378,51.0,54.0,0,21360
1.0081007573345806,0.1176989569944463,0.5103839355185662,1.722513024340745,60.0,3.521363372331802,55.0,64.0,0,21390
0.9968232142654204,0.0025324100538231,0.9730172306750792,1.0156486854318574,66.16666666666667,7.678975626127919,60.0,76.0,0,21420
0.9965787524207924,0.030095422055749,0.7244472631487057,1.255943445512452,57.8,0.8366600265340756,57.0,59.0,0,21450
0.9964172210846972,0.0307398148219284,0.7291305997231909,1.321738561417219,58.142857142857146,2.9113897843110044,56.0,64.0,0,21480
0.9960914479035684,0.0024375917513081,0.977257119383906,1.0147459790385769,55.333333333333336,0.5163977794943223,55.0,56.0,0,21510
0.9962268470714244,0.0024749033291214,0.9652685682322718,1.0225840949666731,56.2,0.8366600265340756,55.0,57.0,0,21540
0.996141644037944,0.0014051237948585,0.9913298995844018,1.0009183568454771,52.4,1.6733200530681511,51.0,55.0,0,21570
0.9961262003196114,0.0014055102593188,0.9907962851352694,1.000975512652857,56.16666666666666,0.983192080250175,55.0,57.0,0,21600
0.9961445574125496,0.0013768377177191,0.9911521809220116,1.0006462911857563,53.5,1.760681686165901,51.0,55.0,0,21630
0.996097980683912,0.001365877738212,0.9917363888784206,1.0004042184291408,51.66666666666666,0.816496580927726,51.0,53.0,0,21660
0.99610949088968,0.0025870971627173,0.9795468350500552,1.0596781473730266,52.16666666666666,0.408248290463863,52.0,53.0,0,21690
0.9961296219269624,0.0013690275927086,0.991347016556816,1.0007365181186505,51.0,1.0,50.0,52.0,0,21720
0.9960947765331688,0.0014301126821256,0.9913785608465164,1.0000949407630308,51.66666666666666,0.5163977794943223,51.0,52.0,0,21750
0.9960449318082968,0.0013723718766693,0.9911626061878344,1.0005038685197123,52.5,1.378404875209022,51.0,55.0,0,21780
0.9960977419159284,0.0014088242934932,0.991409518191736,1.0007706368594804,53.0,0.8944271909999159,52.0,54.0,0,21810
0.9961243801765216,0.0015224247378345,0.9843786188913086,1.0081123932814338,52.2,0.8366600265340756,51.0,53.0,0,21840
0.9960151083256484,0.0014173538908147,0.9912827013058636,1.0007100216182008,52.333333333333336,1.2110601416389966,51.0,54.0,0,21870
0.9961266659262162,0.0014125644058577,0.9897133954311168,1.003203783252381,51.66666666666666,0.5163977794943223,51.0,52.0,0,21900
0.996209238825777,0.0016519755374374,0.9911616180238518,1.0204532279101577,50.66666666666666,1.2110601416389966,50.0,53.0,0,21930
0.9961621666736056,0.0014093606363419,0.9913605741156092,1.001309187165213,52.16666666666666,0.408248290463863,52.0,53.0,0,21960
0.9961512175067376,0.001386000978407,0.9909854150607312,1.0007635892768982,52.0,0.0,52.0,52.0,0,21990
0.9961002959971974,0.0014543010485939,0.9882061817184612,1.0035866010549663,53.2,1.3038404810405295,52.0,55.0,0,22020
0.9960377896778098,0.0014476403511518,0.99054019458708,1.001047958180571,54.66666666666666,0.8164965809277259,53.0,55.0,0,22050
0.9959900538682566,0.001503262479882,0.9909692265318284,1.008000123451188,52.0,0.0,52.0,52.0,0,22080
0.9959872690881642,0.0015395790413454,0.9895812080512292,1.0009988389746565,54.0,2.9664793948382653,51.0,59.0,0,22110
0.9960880436518352,0.001458143881611,0.9909549064528064,1.0008782531093978,53.2,2.16794833886788,51.0,56.0,0,22140
0.9960602848080888,0.0014033790821924,0.9912897199789272,1.0011820935625098,53.16666666666666,0.752772652709081,52.0,54.0,0,22170
0.996027832883982,0.0014533015149068,0.99107405135181,1.0019706758692093,54.333333333333336,0.816496580927726,53.0,55.0,0,22200
0.9958546431550191,0.0014490058738632,0.9910443977759876,1.001558550495846,56.2,2.588435821108957,53.0,59.0,0,22230
0.9960325837478756,0.0014258490186306,0.9913115736561134,1.00070384729866,53.0,0.0,53.0,53.0,0,22260
0.9959685466205512,0.0014790879566267,0.9910436848589572,1.0007814399560575,53.5,1.51657508881031,52.0,56.0,0,22290
0.995858928983622,0.0014652321461197,0.9894343427605542,1.0006674138688338,57.333333333333336,1.3662601021279464,56.0,59.0,0,22320
0.9960406590445808,0.0017682422872534,0.9738605093525612,1.0092901972208883,56.4,1.1401754250991378,55.0,58.0,0,22350
0.9960085020212466,0.0014735089062498,0.9907061061727892,1.0011444142105623,63.5,4.929503017546495,59.0,68.0,0,22380
0.9960847353690686,0.001490819761505,0.9908656047805372,1.0015965100298871,56.16666666666666,1.4719601443879744,55.0,58.0,0,22410
0.99594944127298,0.001710194841647,0.9883238773050108,1.0022825637705068,61.0,1.8973665961010275,58.0,63.0,0,22440
0.9971984466228364,0.0040037341242362,0.897524630451126,1.055946067439081,57.6,1.3416407864998738,56.0,59.0,0,22470
0.9969100156213708,0.0015654804470246,0.989847366915228,1.0025865512833194,60.0,0.0,60.0,60.0,0,22500
0.9969018956792048,0.0015843365537291,0.991343412094245,1.0019165499879767,62.66666666666666,2.503331114069145,60.0,66.0,0,22530
0.997024113421215,0.0016091031238807,0.992076956356552,1.004702114145188,61.333333333333336,1.505545305418162,60.0,63.0,0,22560
0.9969100421375524,0.0018055852038551,0.9877279723740642,1.004800491164241,62.5,0.8366600265340756,61.0,63.0,0,22590
0.9967185700715396,0.0017045993978069,0.9918880452666068,1.0024940172317889,63.0,2.0,61.0,65.0,0,22620
0.9968774058910064,0.0016421849797479,0.9915089835236894,1.003043348172919,65.0,3.1622776601683795,62.0,70.0,0,22650
0.9969429906409932,0.0016237626702585,0.9915449150539626,1.002199172931738,64.6,4.159326868617084,59.0,69.0,0,22680
0.996979383693939,0.0017082130305424,0.991260842739816,1.0032208945537866,60.5,2.7386127875258306,58.0,65.0,0,22710
0.9969299662285306,0.0016906874204032,0.990125048921034,1.0026274885745603,63.16666666666666,2.48327740429189,60.0,67.0,0,22740
0.9969477885430568,0.0152690720313149,0.7556694589064852,1.2441664364704426,65.6,0.8944271909999159,65.0,67.0,0,22770
0.99694987475625,0.0015955652760373,0.991559221139368,1.0028804828646782,66.5,1.224744871391589,65.0,68.0,0,22800
0.9968424299811076,0.001641196705427,0.9919569471526272,1.003041227388112,62.0,2.097617696340304,60.0,65.0,0,22830
0.996872785884232,0.0015869116193565,0.9916651714791388,1.0037499947320498,59.66666666666666,0.5163977794943223,59.0,60.0,0,22860
0.9968871284273187,0.0015864012244969,0.990345989629816,1.0029077051090691,60.66666666666666,1.3662601021279464,59.0,62.0,0,22890
0.99680833726504,0.0016356686583513,0.9918011755120328,1.0028447775644496,65.16666666666667,2.401388487243717,61.0,67.0,0,22920
0.9968225800400048,0.0016177139933224,0.9920965050867884,1.0028902845104144,62.4,0.5477225575051661,62.0,63.0,0,22950
0.9968652886452622,0.0016809423310717,0.9910792753043168,1.0042609059459895,62.66666666666666,0.816496580927726,62.0,64.0,0,22980
0.9967875514991716,0.0015911766943445,0.9915206436182404,1.0027708920892249,68.83333333333333,0.9831920802501752,67.0,70.0,0,23010
0.996988994270404,0.0015750795881042,0.9921574359110806,1.002769249679237,59.0,0.0,59.0,59.0,0,23040
0.9968517400790315,0.0015605298226309,0.9913972112566688,1.002923053603999,59.0,0.0,59.0,59.0,0,23070
0.996889718441293,0.00161380338427,0.991485492786662,1.0026065178558683,59.0,0.0,59.0,59.0,0,23100
0.9968014594094702,0.0016780452473027,0.992166794432675,1.002862390641159,64.14285714285714,0.6900655593423543,63.0,65.0,0,23130
0.9967270863228536,0.0018057501472593,0.9875440135965282,1.0053677802524903,65.0,3.6742346141747673,59.0,68.0,0,23160
0.9968628440946444,0.0015813609991657,0.9919453544169105,1.0033183640015615,58.0,1.2909944487358056,57.0,60.0,0,23190
0.9968890488037832,0.0016411033069317,0.987515448185708,1.0060770908190089,60.8,0.4472135954999579,60.0,61.0,0,23220
0.99695284947681,0.0016315422167698,0.9914843097687476,1.004440782291241,61.0,0.6324555320336759,60.0,62.0,0,23250
0.996786862696085,0.0018511590057377,0.9869025464787544,1.0083333109319854,63.8,3.5637059362410923,60.0,68.0,0,23280
0.9967850217301384,0.0015875721582264,0.9900039346220904,1.002339660694293,60.833333333333336,1.3291601358251257,59.0,62.0,0,23310
0.9968188736211404,0.0015297989817264,0.9922783516721756,1.002312645884756,59.333333333333336,0.5163977794943223,59.0,60.0,0,23340
0.9974704897899476,0.0021957465512955,0.9883842784598812,1.0072174673396803,59.66666666666666,1.632993161855452,57.0,61.0,0,23370
0.9980790079674888,0.0014723736855519,0.9930987962472364,1.0037244095641291,56.16666666666666,0.408248290463863,56.0,57.0,0,23400
0.9980939506947056,0.0015716143614813,0.9925957396117564,1.0030647394582315,59.0,1.0,58.0,60.0,0,23430
0.9980750532426448,0.0015092666908797,0.9927526058205336,1.0039265279378418,59.333333333333336,0.5163977794943223,59.0,60.0,0,23460
0.9990584496088082,0.0342361582499846,0.7399051992858747,1.2451948165346898,63.333333333333336,3.9832984656772417,60.0,69.0,0,23490
0.999575962044421,0.0177301075535181,0.8760299468510937,1.1510090419323125,80.5,6.920982589199311,70.0,87.0,0,23520
0.9978871750363988,0.001355152808894,0.9932450554503254,1.0023096968609952,57.5,7.724420150837645,53.0,69.0,0,23550
0.9979721246123908,0.0014340321093832,0.99243776861433,1.0029889343904548,54.333333333333336,0.816496580927726,54.0,56.0,0,23580
0.9978577266586942,0.0014613815103233,0.9931208935212924,1.0026496681482022,56.833333333333336,0.752772652709081,56.0,58.0,0,23610
0.9979443558545684,0.0014141105327874,0.9928331902337724,1.0029582537529569,55.333333333333336,0.816496580927726,55.0,57.0,0,23640
0.9978319357694476,0.0014478827466703,0.99317694862175,1.0030324824858263,57.333333333333336,1.2110601416389966,56.0,59.0,0,23670
0.9978974337480498,0.0014579362330738,0.9929346104210992,1.003466851603744,55.333333333333336,1.8618986725025253,53.0,58.0,0,23700
0.9977661391287834,0.0014936161772432,0.9927493230707336,1.0025447731048127,56.2,1.095445115010332,55.0,57.0,0,23730
0.997913187732671,0.001385162498526,0.9931208935212924,1.0030123420634514,54.5,1.9748417658131496,53.0,57.0,0,23760
0.9978890257340708,0.0014354537419077,0.993041453396856,1.0025658918599516,54.333333333333336,1.505545305418162,53.0,57.0,0,23790
0.9978960503578744,0.0014967899677406,0.9917210180226744,1.0032366416714351,56.6,2.073644135332772,54.0,59.0,0,23820
0.997789246081428,0.0015188102327514,0.9927746695244596,1.0050587445212391,58.2,2.774887385102321,55.0,61.0,0,23850
0.9978179384808232,0.0014253575120151,0.9933716996548524,1.0030417771687778,53.833333333333336,1.169045194450012,52.0,55.0,0,23880
0.9978702930690796,0.0015041599538496,0.9924295916022154,1.0035689992456225,57.66666666666666,2.065591117977289,55.0,59.0,0,23910
0.9977733387747832,0.0014603949396189,0.990926154276377,1.0056549076304504,56.8,1.6431676725154984,55.0,58.0,0,23940
0.9978315822942678,0.0014639521845987,0.9923696685500318,1.0034315255158373,57.16666666666666,2.136976056643281,54.0,59.0,0,23970
0.9979559446208858,0.0014316880167488,0.9932976363081814,1.002377355060129,55.16666666666666,0.408248290463863,55.0,56.0,0,24000
0.9977414883456291,0.0014263428590488,0.992081721294884,1.0023799724324651,54.6,0.8944271909999159,54.0,56.0,0,24030
0.9980037060736824,0.00141147471901,0.9922227505987252,1.0032251849036335,54.833333333333336,0.983192080250175,54.0,56.0,0,24060
0.9978355324055842,0.0014941878478447,0.9919850790666864,1.0027757836275963,54.66666666666666,1.2110601416389966,54.0,57.0,0,24090
0.9977971562377916,0.0015074882312385,0.9927083552620376,1.0031299071971136,56.0,0.7071067811865476,55.0,57.0,0,24120
0.997891037825982,0.0014542114132624,0.9924242314357856,1.0025079488130857,56.0,1.6733200530681511,55.0,59.0,0,24150
0.9980223963672312,0.0015049505643076,0.9926122901895836,1.00374745620654,57.2,2.280350850198276,55.0,60.0,0,24180
0.9978736755662848,0.0015402018254478,0.9924103234197134,1.0039143864191855,57.333333333333336,1.0327955589886444,56.0,59.0,0,24210
0.9979992186589872,0.0014571300795659,0.9926953040300632,1.004412430807813,55.0,1.224744871391589,54.0,57.0,0,24240
0.9974331411006756,0.0020800203891261,0.988198932754524,1.007166222165408,57.6,1.3416407864998738,57.0,60.0,0,24270
0.9966758684657414,0.001958714838973,0.9816566152691124,1.0152554282321518,56.0,1.095445115010332,55.0,58.0,0,24300
0.9966021819916734,0.0014558816401394,0.9911367601048052,1.001076398734687,58.0,0.8944271909999159,57.0,59.0,0,24330
0.996592616224818,0.0014271739025343,0.991250262510906,1.0014799433056112,56.16666666666666,0.983192080250175,55.0,57.0,0,24360
0.9967039586996967,0.0014339957942756,0.991845757886714,1.0019484794018505,54.66666666666666,0.816496580927726,54.0,56.0,0,24390
0.9968941038290164,0.0021561547809272,0.9765159627575732,1.013111941312933,57.333333333333336,1.632993161855452,56.0,60.0,0,24420
0.996787061567003,0.0014842022923704,0.9916090413303976,1.0024133457291655,57.2,0.4472135954999579,57.0,58.0,0,24450
0.9969145770004868,0.0014311737856678,0.9915762000620528,1.0024860141148804,54.333333333333336,1.0327955589886444,53.0,56.0,0,24480
0.9965392780369984,0.0014050924684934,0.9911671863460776,1.001404120148669,54.66666666666666,0.5163977794943223,54.0,55.0,0,24510
0.9968617959462344,0.0014534462533852,0.9920396765603328,1.0017846261638377,57.333333333333336,0.816496580927726,56.0,58.0,0,24540
0.9966562001103518,0.0014566573522986,0.991369928244578,1.0022102709193814,57.2,0.4472135954999579,57.0,58.0,0,24570
0.99685489811862,0.0014990778392789,0.9919557774471096,1.002099877567446,56.66666666666666,0.816496580927726,56.0,58.0,0,24600
0.9966927129535748,0.0014519762409265,0.9908003488936912,1.002280978361522,57.333333333333336,1.505545305418162,56.0,59.0,0,24630
0.996767815269604,0.0014579884642771,0.9912090931209367,1.0022293929327806,57.5,1.7320508075688772,56.0,59.0,0,24660
0.99662709620966,0.0015446962941563,0.9874409205754184,1.0014534323043882,58.57142857142857,0.5345224838248488,58.0,59.0,0,24690
0.9968122181725676,0.0014858202576699,0.991195277574853,1.0031430526962593,58.66666666666666,0.5163977794943223,58.0,59.0,0,24720
0.9966686261121612,0.0014181886677642,0.9922204606470932,1.0015305924960156,57.333333333333336,1.0327955589886444,56.0,59.0,0,24750
0.9966700230269506,0.0014102526490948,0.9912740345291658,1.0030975071172143,57.16666666666666,0.752772652709081,56.0,58.0,0,24780
0.9965938632738902,0.0014188086071643,0.9920426882997728,1.0015814846345257,57.333333333333336,0.816496580927726,57.0,59.0,0,24810
0.9967715980571756,0.0014310398838999,0.9910987298194563,1.0018542093974652,58.6,0.5477225575051661,58.0,59.0,0,24840
0.996626841077206,0.0083882851995142,0.9256601162406156,1.0567925669628977,57.66666666666666,0.5163977794943222,57.0,58.0,0,24870
0.9966417226864726,0.0017227341696542,0.991616216396152,1.0026839657135094,57.16666666666666,3.763863263545405,54.0,63.0,0,24900
0.9965328063105316,0.0016590014831985,0.990797414527218,1.0024132440145932,53.6,1.1401754250991378,52.0,55.0,0,24930
0.9964990574755492,0.0017446242844061,0.9905762301421532,1.0025090816440967,53.0,0.0,53.0,53.0,0,24960
0.9965643091307332,0.0017337888818667,0.9905996077161852,1.0029926798069215,54.5,0.8366600265340756,53.0,55.0,0,24990
0.9966925050345498,0.0018522340623643,0.9884487297359484,1.0109620586017165,54.833333333333336,1.4719601443879744,53.0,57.0,0,25020
0.9966674163910456,0.0017178488356379,0.9905471309189988,1.0023992457640467,54.16666666666666,0.408248290463863,54.0,55.0,0,25050
0.9968491396493608,0.0017560965316029,0.9912545821580953,1.0047084173502776,54.5,0.5477225575051661,54.0,55.0,0,25080
0.9966275082140402,0.0017363199971764,0.9899910435339806,1.0029511813616951,55.0,0.0,55.0,55.0,0,25110
0.996773891010644,0.0017368592005954,0.990510922090963,1.0024327538287046,55.285714285714285,0.7559289460184544,55.0,57.0,0,25140
0.996821474737704,0.0022267995324044,0.987389919909222,1.007658922490512,57.0,0.8944271909999159,56.0,58.0,0,25170
0.9970267458620812,0.0017364660192283,0.991500844475833,1.003081100826658,55.4,0.8944271909999159,54.0,56.0,0,25200
0.9972064703331656,0.0016888712244651,0.9921158473277806,1.00283990173764,55.333333333333336,0.816496580927726,54.0,56.0,0,25230
0.9973088784053384,0.001716107810434,0.9918880389957224,1.003598030758012,55.333333333333336,0.816496580927726,54.0,56.0,0,25260
0.9970097619586712,0.0017301457186199,0.9915514617016002,1.002699257735015,56.66666666666666,0.816496580927726,56.0,58.0,0,25290
0.9972596517644012,0.0016738524081927,0.9917044660355876,1.0026310446705755,56.0,0.0,56.0,56.0,0,25320
0.9971699387909272,0.001699724049269,0.9916133800207972,1.0032384212823242,55.333333333333336,0.5163977794943223,55.0,56.0,0,25350
0.9972713960856476,0.0017275601712545,0.9912044913151928,1.0033558254739992,56.0,0.8944271909999159,55.0,57.0,0,25380
0.9971806499598356,0.0017323748601187,0.991292340985549,1.004145308600548,56.16666666666666,0.983192080250175,55.0,57.0,0,25410
0.9971969817414174,0.0017149158125591,0.990351311328783,1.0034141411656006,55.0,0.7071067811865476,54.0,56.0,0,25440
0.9971777858152776,0.0017290739978717,0.9916471361057068,1.0031520638939142,56.0,0.0,56.0,56.0,0,25470
0.9973251871953625,0.0017507364239679,0.9918713998949812,1.0038144599401675,55.16666666666666,0.408248290463863,55.0,56.0,0,25500
0.9971751114235062,0.0016580518336919,0.9917602351903206,1.0037936640100993,55.66666666666666,0.816496580927726,54.0,56.0,0,25530
0.9973173934859724,0.0016464840099002,0.9910025334203642,1.0036972330968787,54.0,0.6324555320336759,53.0,55.0,0,25560
0.9969778448274472,0.0017026606862732,0.9916278484078592,1.0026889516286297,56.0,0.6324555320336759,55.0,57.0,0,25590
0.9972992875483048,0.0017098019846037,0.9909982769751924,1.0033580288808426,55.5,0.8366600265340756,54.0,56.0,0,25620
0.9971267751239248,0.0016822790849473,0.9918651857826244,1.002580779718652,54.8,0.8366600265340756,54.0,56.0,0,25650
0.9972878265903384,0.0016979691088626,0.9921549706150397,1.003305771913752,56.0,0.0,56.0,56.0,0,25680
0.9969541824738376,0.0021646864519236,0.9848588792492048,1.0106548760660483,54.6,1.3416407864998738,53.0,56.0,0,25710
0.997189345691474,0.0028465132328449,0.9757591133729522,1.0199839544841331,66.33333333333333,5.00666222813829,58.0,71.0,0,25740
0.9971892822122884,0.0050364434995445,0.9478675680691528,1.048211574066629,55.66666666666666,1.2110601416389966,54.0,57.0,0,25770
0.9970871277661154,0.0015833853556041,0.9905869338610216,1.0017826138120085,57.0,3.521363372331802,54.0,62.0,0,25800
0.9969638448787264,0.00159415229712,0.991998665047494,1.00326608682213,54.333333333333336,0.816496580927726,53.0,55.0,0,25830
0.9969614311803152,0.0015922254281438,0.9912697646323628,1.0018862549580267,52.4,0.5477225575051661,52.0,53.0,0,25860
0.9968672312654082,0.0016431756294816,0.9894467790309188,1.0022908025010306,53.5,0.8366600265340756,52.0,54.0,0,25890
0.9968394562474602,0.001618341409909,0.991139539333761,1.0021261741705882,53.0,0.8944271909999159,52.0,54.0,0,25920
0.9970514344704516,0.0016499732522369,0.9918481985593964,1.002864510949191,53.5,1.378404875209022,52.0,55.0,0,25950
0.9972074223395736,0.0016588406294368,0.991062321588895,1.0028902004756504,54.0,0.0,54.0,54.0,0,25980
0.99701426420379,0.0016308531734633,0.9913235604429514,1.003097248834658,55.4,0.5477225575051661,55.0,56.0,0,26010
0.9971741455152628,0.0016217857433252,0.9917345628863856,1.0035348857141488,54.285714285714285,0.7559289460184544,53.0,55.0,0,26040
0.9971144120180904,0.0020891878100462,0.9867729677645511,1.0054587182180033,53.4,0.8944271909999159,53.0,55.0,0,26070
0.9971374651613087,0.001648731473484,0.9903675441118514,1.002924400541317,54.333333333333336,1.2110601416389966,53.0,56.0,0,26100
0.9969748975534776,0.0016131311926238,0.991486096286907,1.0030564822055186,54.16666666666666,0.752772652709081,53.0,55.0,0,26130
0.9971009968687404,0.0016238608157085,0.9918007404764628,1.0044857017409508,54.5,1.0488088481701516,53.0,56.0,0,26160
0.9971234905936184,0.0015874361063702,0.9919801100636848,1.0047475642222627,54.16666666666666,0.408248290463863,54.0,55.0,0,26190
0.997200901301719,0.001625800024209,0.9919817141677612,1.00276662965898,54.6,0.5477225575051661,54.0,55.0,0,26220
0.9969781277860854,0.0015689169628202,0.990928449653016,1.0022470492376618,53.333333333333336,1.505545305418162,52.0,55.0,0,26250
0.9970575180846314,0.0016249221420197,0.9909147398980952,1.002437428504807,56.16666666666666,3.250640962435973,52.0,60.0,0,26280
0.9970173743035988,0.0015752730242445,0.9914821112868704,1.0030440602670705,53.333333333333336,1.3662601021279464,52.0,56.0,0,26310
0.9971278348321538,0.0016032147216682,0.99193826931548,1.0040177273672912,56.16666666666666,0.752772652709081,55.0,57.0,0,26340
0.9969821188989548,0.0015879099662379,0.9909280617798498,1.0034797816367702,56.0,0.0,56.0,56.0,0,26370
0.9971411176604548,0.0015644813265362,0.9916549353195244,1.0031648374785371,57.0,0.0,57.0,57.0,0,26400
0.996957296838352,0.0015835161334209,0.9909147398980952,1.0036863979317197,56.2,0.4472135954999579,56.0,57.0,0,26430
0.9972850704523766,0.0016173679673888,0.99068433093171,1.0027865747362597,56.5,0.5477225575051661,56.0,57.0,0,26460
0.9969692642915696,0.0015421757121344,0.9915919615510655,1.0025967564592757,54.66666666666666,0.816496580927726,54.0,56.0,0,26490
0.997093242718569,0.0015887332764645,0.990732813358738,1.0031648374785371,54.0,1.095445115010332,53.0,56.0,0,26520
0.9975776123646042,0.0235900311053186,0.7767683369398434,1.1513225338106348,60.66666666666666,8.500980335624043,57.0,78.0,0,26550
0.9975806815272518,0.0025044963291549,0.9855886487014246,1.0157861969844837,63.0,0.7071067811865476,62.0,64.0,0,26580
0.9973614408576172,0.0017352111265036,0.9914452511376156,1.003374979157892,51.5,1.224744871391589,50.0,53.0,0,26610
0.9974364955781336,0.0017878887627107,0.9904931667793524,1.003762575550902,53.85714285714285,2.4784787961282104,52.0,58.0,0,26640
0.9972577278562198,0.0018697941631857,0.9862248837587144,1.011332060069273,53.2,1.6431676725154982,51.0,55.0,0,26670
0.997551526601205,0.0018847330285234,0.9827056340404738,1.0058243746087336,55.5,2.428991560298224,53.0,58.0,0,26700
0.997360905562071,0.0017443148245271,0.9919499994101768,1.0048089992103226,52.66666666666666,2.658320271650252,50.0,57.0,0,26730
0.9974517532025926,0.0017579949529863,0.9914876108066556,1.003342955184537,52.5,1.378404875209022,50.0,54.0,0,26760
0.9973009694737096,0.0017709398794092,0.9911893843345074,1.0036008305782385,56.833333333333336,0.983192080250175,55.0,58.0,0,26790
0.9974453661798686,0.0021403515431063,0.9827414680686168,1.0130638742560067,55.8,2.4899799195977463,54.0,59.0,0,26820
0.997409870829982,0.001768321673935,0.9910480381959192,1.0030537610520784,55.66666666666666,0.5163977794943223,55.0,56.0,0,26850
0.997563418610382,0.001743517653267,0.9915502924132188,1.0043760644131758,52.333333333333336,2.250925735484551,50.0,56.0,0,26880
0.9972791816188232,0.0017789794239588,0.990557555342096,1.003078717603843,53.4,2.3021728866442674,51.0,56.0,0,26910
0.9972869762361556,0.0020267777044631,0.987909065921034,1.00727954170261,56.0,2.160246899469287,54.0,59.0,0,26940
0.9972908678845176,0.0040050429920454,0.9488573353968552,1.0483807395784654,53.2,0.8366600265340756,52.0,54.0,0,26970
0.9973212389631108,0.0019179527801697,0.9903732326126248,1.0040247646050668,53.0,0.0,53.0,53.0,0,27000
0.9972769058548994,0.0033138742801832,0.9698091142856206,1.0282651522238464,59.71428571428572,6.210590034081188,53.0,68.0,0,27030
1.0187973415230716,0.1541196114490352,0.3975580011358091,2.993904847627108,51.0,1.224744871391589,50.0,53.0,0,27060
0.9966700322432814,0.0016544742241267,0.9861915997859544,1.0063466228349107,73.8,17.00588133558505,51.0,86.0,0,27090
0.9967970302514816,0.0012080574096546,0.992405614525447,1.0006684042902023,54.85714285714285,3.7606990231680526,51.0,60.0,0,27120
0.9967094635048558,0.0014945776243951,0.986307089599786,1.0054521162780603,52.2,2.4899799195977463,50.0,56.0,0,27150
0.9966996308663086,0.0015568188014853,0.9850448197633648,1.0058437541735992,55.66666666666666,3.0767948691238205,52.0,59.0,0,27180
0.9965610013959196,0.0026401638679194,0.9779600309103332,1.0176656779389093,55.2,2.280350850198276,53.0,58.0,0,27210
0.996768956334258,0.0012224297007496,0.9925769133278236,1.0003612002417026,51.66666666666666,1.0327955589886444,51.0,53.0,0,27240
0.9966524369145352,0.001260572567293,0.9922056677075222,1.001264555786956,54.333333333333336,4.179314138308661,50.0,59.0,0,27270
0.9965938053745796,0.0012220066618543,0.9924590954520192,1.001325075136731,52.5,1.378404875209022,50.0,54.0,0,27300
0.996500274583774,0.0015001447500403,0.9873434552294656,1.005382457144071,51.0,0.0,51.0,51.0,0,27330
0.996541067909256,0.0013106381369258,0.9923735528455654,1.001444527277043,54.833333333333336,3.0605010483034745,51.0,59.0,0,27360
0.9965018632083956,0.0012230334927985,0.99179658496174,1.001016059382131,52.333333333333336,1.632993161855452,50.0,54.0,0,27390
0.996544464750796,0.0012156220249742,0.9921217770597216,1.002124780822553,53.833333333333336,1.3291601358251257,52.0,56.0,0,27420
0.9964091179218748,0.0012979366672214,0.9920889501733452,1.004865900954396,52.6,0.8944271909999159,52.0,54.0,0,27450
0.996490139873076,0.0013589086075459,0.9908428969246386,1.0018825776024105,56.833333333333336,1.602081978759722,55.0,59.0,0,27480
0.99638241232736,0.0013833076147416,0.9919134440884244,1.0003768506978208,58.833333333333336,1.4719601443879744,57.0,61.0,0,27510
0.9963848112528022,0.0016409620067432,0.9806319055715196,1.0097692382192776,57.16666666666666,3.2506409624359724,51.0,59.0,0,27540
0.9963008701152782,0.0014265699700157,0.9862348595763892,1.0095823295000217,55.6,0.8944271909999159,55.0,57.0,0,27570
0.9963850169122188,0.0012792643485236,0.9920851181250728,1.0015933057112003,52.5,0.5477225575051661,52.0,53.0,0,27600
0.9963144266575968,0.0013691788546564,0.9774658522339182,1.0053941097238783,56.5,0.8366600265340756,55.0,57.0,0,27630
0.9963519573175708,0.0012482895404843,0.9917055566997798,1.000544636607488,54.5,1.6431676725154984,53.0,57.0,0,27660
0.9963714832166708,0.0012840074096096,0.9913346646553676,1.0009169407009204,57.0,1.224744871391589,55.0,58.0,0,27690
0.996143740612813,0.001344669843885,0.990519437450866,1.001270441763308,57.833333333333336,2.786873995477131,55.0,61.0,0,27720
0.9961219680699956,0.0012561785861349,0.9919134440884244,0.9998599622823988,55.333333333333336,2.875181153713044,53.0,59.0,0,27750
0.9964426803270816,0.0013074814318834,0.9914584559038668,1.000256179323917,55.4,2.6076809620810595,53.0,59.0,0,27780
0.9961477880420988,0.0031609428255996,0.9531501614993568,1.0561031319038638,59.85714285714285,1.6761634196950514,58.0,63.0,0,27810
0.9962597693379688,0.0013611587721734,0.990998734085917,1.0012576857928384,60.66666666666666,1.2110601416389966,60.0,63.0,0,27840
0.9962278780725132,0.0013475804483835,0.9907971257515484,1.0002875828010014,62.0,0.0,62.0,62.0,0,27870
0.9975569114896438,0.0018670030593008,0.9893211971410296,1.006808553306243,59.833333333333336,2.041241452319315,59.0,64.0,0,27900
0.9974750642951512,0.0013422961528267,0.985064143050436,1.0033759811097631,58.833333333333336,2.316606713852541,56.0,62.0,0,27930
0.9976393531289782,0.0012208906405839,0.9936830126650098,1.0016391390410522,56.8,1.095445115010332,56.0,58.0,0,27960
0.997643196076216,0.0014551926301172,0.9886564204136238,1.0151041011958677,56.0,0.6324555320336759,55.0,57.0,0,27990
0.9975551998496088,0.001338217904395,0.9929070207225548,1.0018680859591595,60.4,1.5165750888103102,58.0,62.0,0,28020
0.9974151054865412,0.0015273321822422,0.9878618591953128,1.007227433540876,63.66666666666666,1.3662601021279464,62.0,65.0,0,28050
0.9974853450308332,0.0013529433083518,0.9921853299909146,1.0014687426440878,61.333333333333336,0.5163977794943223,61.0,62.0,0,28080
0.9974267001244398,0.0013491555079243,0.9930209607306282,1.0021737415162852,61.0,1.8973665961010275,59.0,63.0,0,28110
0.9974025887829208,0.0013861507675584,0.9923513544444528,1.002918472326006,56.5,1.224744871391589,56.0,59.0,0,28140
0.9973599475722208,0.0014438170062925,0.9918017114716076,1.0026500519653505,61.2,3.1937438845342623,59.0,66.0,0,28170
0.9972518153079404,0.001427813304622,0.9928175679898144,1.002021724585131,62.16666666666666,1.940790217067952,60.0,65.0,0,28200
0.997432878629844,0.0014578561922402,0.9928588726290812,1.0022737187291553,63.833333333333336,0.983192080250175,63.0,65.0,0,28230
0.9973926259345168,0.0015112813051146,0.9922697130977546,1.0041382274472277,64.0,0.0,64.0,64.0,0,28260
0.997407898736978,0.0013894848840485,0.9925194472598208,1.0021064618276143,62.5,0.8366600265340756,62.0,64.0,6,28290
0.997329604229104,0.0013619118390951,0.9933504331846288,1.0020696936608653,59.8,2.0493901531919194,58.0,62.0,0,28320
0.997254683424403,0.0024333141702687,0.9810598532058836,1.0204001732799688,58.833333333333336,0.408248290463863,58.0,59.0,0,28350
0.9973202036943456,0.0015524156082297,0.9854064174313562,1.0062545861368335,67.5,4.183300132670378,60.0,72.0,0,28380
0.997221167381886,0.0016532972558557,0.9869377816054716,1.011317475323674,65.83333333333333,3.816630276391292,62.0,72.0,0,28410
0.9973096046394498,0.0032312959870473,0.9609961557433412,1.043249812907484,63.0,2.345207879911715,61.0,67.0,0,28440
0.9971217967054156,0.0014278019660581,0.9910807233833024,1.0038854372895043,60.5,2.7386127875258306,57.0,63.0,0,28470
0.997165059004635,0.0013820303164331,0.9925690069280776,1.0034156275050985,55.833333333333336,0.752772652709081,55.0,57.0,0,28500
0.9971409381808424,0.0013310915197517,0.9931679042557556,1.003067322660254,57.5,1.760681686165901,55.0,59.0,0,28530
0.9972202600784724,0.0054070145695629,0.9418092363311426,1.060360144924115,61.6,4.669047011971501,57.0,68.0,0,28560
0.9972796790130902,0.0012290862523654,0.992971527945983,1.0016681136185328,57.5,0.5477225575051661,57.0,58.0,0,28590
0.9973689040002764,0.0012756308767192,0.9925336260291538,1.001624977935899,57.66666666666666,0.816496580927726,57.0,59.0,0,28620
0.9973416642014168,0.0012373661548218,0.9929397885840712,1.0011331992243089,57.5,1.378404875209022,56.0,59.0,0,28650
0.9973729330763904,0.0012289809897804,0.9929097648004928,1.0022032310462483,56.4,2.8809720581775866,52.0,59.0,0,28680
0.9972288453296914,0.0012704137213523,0.9928423115748292,1.0018384373236635,54.0,2.097617696340304,51.0,57.0,0,28710
0.9971629128151924,0.0013304066662147,0.993061674570608,1.002141223314863,60.16666666666666,3.763863263545405,55.0,64.0,0,28740
0.997330625358316,0.0013811637539067,0.9892346353833908,1.0033549528561063,55.6,0.5477225575051661,55.0,56.0,0,28770
0.9974520586256396,0.0019270054510569,0.9886419259942548,1.0079423234433904,60.333333333333336,2.943920288775949,57.0,64.0,0,28800
0.9972124072317788,0.0118987021746351,0.8438074833390078,1.136291346358886,58.0,0.6324555320336759,57.0,59.0,0,28830
0.9967776866108226,0.0021954969433857,0.9762898510152914,1.031063905347816,70.16666666666667,4.262237284181474,66.0,76.0,0,28860
0.9965947977263752,0.0043054579416616,0.958311566497791,1.0466897861437552,65.4,1.140175425099138,64.0,67.0,8,28890
1.015664292074805,0.1476929757675081,0.1430864845711502,2.8010947506829846,66.83333333333333,6.3377177806105145,62.0,75.0,0,28920
1.0002641832632877,0.0661337673515651,0.5467089712336355,1.5028188045579514,77.5,5.319774431308154,74.0,88.0,0,28950
0.9969967307127822,0.029638552207188,0.8399388987174424,1.2034682595134325,67.4,2.8809720581775866,65.0,71.0,0,28980
0.996511265118356,0.0166346608807485,0.7417678768202758,1.160599211020148,64.5,1.6431676725154984,62.0,66.0,0,29010
0.9978312397039631,0.0226431290274086,0.7958533785760792,1.1745717620516083,63.5,3.331666249791536,61.0,70.0,0,29040
