acc_mean,acc_std,acc_min,acc_max,hr_mean,hr_std,hr_min,hr_max,steps_sum,t,subject_id
1.000002359562497,0.0042017911371245,0.955112514921996,1.0265155409065614,53.57142857142857,2.8908723349782948,50.0,56.0,0,0,1066528
1.0000294232623803,0.0019480791732459,0.9778743664071832,1.017645215404416,52.16666666666666,0.9235481451827988,51.0,54.0,0,30,1066528
1.0000518824759153,0.0015037084549777,0.9947905913799548,1.0045462073364668,50.833333333333336,2.007339474206065,49.0,54.0,0,60,1066528
1.0001204930316503,0.0015487693080767,0.9941418709489406,1.0052947143330655,52.4,1.4040757000349278,50.0,54.0,0,90,1066528
1.000026428143919,0.0020053752469008,0.9913922450584582,1.008658804953102,53.833333333333336,0.3834824944236852,53.0,54.0,0,120,1066528
0.9999233658943272,0.0018404635961219,0.9919434071355986,1.0069919449451072,60.5,4.630461798847739,56.0,68.0,0,150,1066528
0.9999041581478436,0.0015490817512704,0.9935364779672964,1.0045498153044328,51.66666666666666,0.4850712500726659,51.0,52.0,0,180,1066528
1.000027061854352,0.001510533448945,0.9943238289403358,1.004392349391158,54.6,2.0283702113484394,52.0,58.0,0,210,1066528
0.9997761731294884,0.0025233001415556,0.988788603560948,1.0110606795247554,58.66666666666666,0.4850712500726659,58.0,59.0,0,240,1066528
0.9994332748898392,0.0023524678184966,0.9781282137537493,1.0163668735853753,59.16666666666666,0.3834824944236852,59.0,60.0,0,270,1066528
0.9992696607279332,0.0020641546815168,0.9891074001755472,1.0070558624685326,54.0,2.5895718474182514,51.0,59.0,0,300,1066528
0.9992143154734148,0.0024075909295822,0.9835386752225151,1.0149253474543387,55.16666666666666,1.7235394498804248,52.0,57.0,0,330,1066528
0.9991227107610492,0.0017413884920089,0.99264584653956,1.0051155404358396,55.5,1.5434872662825796,54.0,57.0,0,360,1066528
0.999114821859118,0.0052917728880381,0.962201314770802,1.0606390979132392,56.6,1.0555973258234952,55.0,58.0,0,390,1066528
1.002929151640306,0.0421531875087297,0.6840821291533787,1.3953215706947304,56.0,1.5718104959867516,54.0,58.0,0,420,1066528
1.0006826528763195,0.0908969722441296,0.2947322847562852,2.0006432635519533,56.6,2.229670058871619,54.0,59.0,0,450,1066528
0.9928325893104724,0.0013334130685083,0.9881552598373498,0.9983299977763916,56.8,1.207121724244435,56.0,59.0,0,480,1066528
0.9928176017148056,0.0013344315477697,0.9877189265163951,0.9974142400704784,51.2,1.0141851056742195,50.0,53.0,0,510,1066528
0.9927230372651892,0.0014035188240014,0.9882278556906094,0.9983299977763916,60.6,2.898275349237888,55.0,62.0,0,540,1066528
0.992790380936874,0.0013691175593496,0.9880129985837484,0.9977928924799976,60.0,0.9486832980505138,59.0,62.0,0,570,1066528
0.9926903587267778,0.0013650039391761,0.9884075279645992,0.9973542669468106,57.0,0.0,57.0,57.0,0,600,1066528
0.9927116650936608,0.0013909818814909,0.9873204862383036,0.9977335586098076,58.0,0.0,58.0,58.0,0,630,1066528
0.9926422559354025,0.0013446427554565,0.9878856770313352,0.9976943405556936,58.833333333333336,0.3834824944236852,58.0,59.0,0,660,1066528
0.99269226022136,0.0013595701799225,0.988312119971444,0.9967023289416856,58.0,0.0,58.0,58.0,0,690,1066528
0.9926389579118198,0.0013265912293572,0.9881312464083858,0.9974896443131126,57.333333333333336,0.4850712500726659,57.0,58.0,0,720,1066528
0.993094510693627,0.0014663413558397,0.988729191234698,0.9982074836986596,57.2,0.4140393356054125,57.0,58.0,0,750,1066528
0.993783869828256,0.0013074985641241,0.9882199806036154,0.9988526953557316,58.0,0.0,58.0,58.0,0,780,1066528
0.9939501314216408,0.0017376278661989,0.9866091100417024,1.0026206266327509,59.0,0.0,59.0,59.0,0,810,1066528
0.993749838932749,0.0014186790338577,0.988708752616391,0.9989884686864308,59.0,0.0,59.0,59.0,0,840,1066528
0.9937354120198004,0.0013263065898272,0.9891037063907606,0.9988882854905048,59.0,0.0,59.0,59.0,0,870,1066528
0.993689867279169,0.0013464693657363,0.988704131184638,0.9980846287334856,58.16666666666666,0.3834824944236852,58.0,59.0,0,900,1066528
0.9937970609338144,0.0014314264072966,0.9868348636442472,1.000287304559695,57.8,0.4140393356054125,57.0,58.0,0,930,1066528
0.993736928121697,0.0014525080931284,0.985241091010388,1.001078948420493,57.0,0.0,57.0,57.0,0,960,1066528
0.9937356453966564,0.0015037564951056,0.9892837595228682,1.0009760076435847,61.42857142857143,2.890872334978295,57.0,64.0,0,990,1066528
0.9936760824655668,0.0015972076118504,0.9873578813842374,1.0002522080835514,67.4,2.02837021134844,65.0,69.0,0,1020,1066528
0.9937092468059469,0.0015742849526611,0.9887382360694312,1.000460742436054,62.833333333333336,3.4342564911577043,60.0,68.0,0,1050,1066528
0.9936632041703352,0.0015218775226926,0.9863989534247946,1.0004772519870004,59.66666666666666,0.4850712500726659,59.0,60.0,0,1080,1066528
0.99372953239547,0.0014263680311512,0.9889485435501032,1.0001688699411564,59.0,0.0,59.0,59.0,0,1110,1066528
0.9936339641420432,0.0015823099519848,0.9756158136972616,1.0032933015983412,58.71428571428572,0.4629100498862757,58.0,59.0,0,1140,1066528
0.993630221989658,0.0014458251009625,0.9890763920306712,0.9987566453526554,58.833333333333336,0.3834824944236852,58.0,59.0,0,1170,1066528
0.9934859266543812,0.0014052262338822,0.9893170922918244,0.9988268880013592,58.0,0.0,58.0,58.0,0,1200,1066528
0.993577351713942,0.0015200824417168,0.9860961799118024,1.0021918886478227,57.833333333333336,0.3834824944236852,57.0,58.0,0,1230,1066528
0.9934946403487864,0.0015644369271872,0.9866365668011752,1.000271090349716,57.0,0.0,57.0,57.0,0,1260,1066528
0.993656317712654,0.0018021967361784,0.9783300460624011,1.0058875370202078,56.0,0.0,56.0,56.0,0,1290,1066528
0.9936018612918864,0.0025649484015326,0.9742965506062874,1.0155865517225502,55.5,0.5144957554275266,55.0,56.0,0,1320,1066528
0.9935146031898512,0.0025835625189124,0.9694492376769244,1.0106592598755777,58.5,2.2816402768493496,56.0,61.0,0,1350,1066528
0.993267877026246,0.0015426098074701,0.9864850648339994,0.998586561966673,56.333333333333336,1.8470962903655976,55.0,60.0,0,1380,1066528
0.9933068225677868,0.0014165371054657,0.9882101566177206,0.9994906834132172,56.16666666666666,0.7071067811865476,55.0,57.0,0,1410,1066528
0.9931706009569482,0.00357976086547,0.9571564679689628,1.0256968843005323,53.333333333333336,0.4850712500726659,53.0,54.0,0,1440,1066528
0.992608629239126,0.0021962246481235,0.9649342699270144,1.0142080575471335,53.333333333333336,0.4850712500726659,53.0,54.0,0,1470,1066528
0.9925504372433058,0.0021079461122756,0.9667901303441508,1.0129965446336873,53.0,0.0,53.0,53.0,0,1500,1066528
0.9925633676651114,0.0017108126631071,0.9812655406228172,1.0051644718890236,56.5,2.2816402768493496,53.0,59.0,0,1530,1066528
0.9925251504526976,0.0020830556692797,0.9776265970337652,1.0111697095994174,52.833333333333336,0.3834824944236852,52.0,53.0,0,1560,1066528
0.992508818932358,0.0014788894570954,0.9844472161607296,1.0025121004162794,54.0,1.6035674514745464,53.0,57.0,0,1590,1066528
0.992417761931952,0.001262722673521,0.9878907249415444,0.9972901702174048,52.333333333333336,0.7669649888473704,51.0,53.0,0,1620,1066528
0.9924827276059778,0.0012562425188107,0.9886562764013538,0.9984186355522668,51.66666666666666,0.4850712500726659,51.0,52.0,0,1650,1066528
0.9923482849791668,0.0012738053581175,0.9879240229180531,0.9977824993607024,55.833333333333336,2.6178122882419563,53.0,61.0,0,1680,1066528
0.9924508834256917,0.0018016616277775,0.9846579436574866,1.0030381706312776,54.5,0.5144957554275266,54.0,55.0,0,1710,1066528
0.9922343382870646,0.001392448912397,0.9861215827245848,0.9993021101981172,53.4,1.6818357317441646,51.0,55.0,0,1740,1066528
0.9923531143484444,0.0013317914446856,0.9837729337248664,1.0009447410774932,53.4,0.50709255283711,53.0,54.0,0,1770,1066528
0.99230846079466,0.0012511855448923,0.9879292467490576,0.9967459728560984,53.85714285714285,0.6546536707079771,53.0,55.0,0,1800,1066528
0.992287109341946,0.0012917932295632,0.98848851139601,0.997006510959412,57.0,1.1338934190276817,55.0,58.0,0,1830,1066528
0.9921783847689716,0.0012663279111219,0.9886022710344186,0.9964128101601968,55.57142857142857,0.7464200272921788,55.0,57.0,0,1860,1066528
0.9922082000021676,0.0012796528141681,0.988052587246342,0.9969293746095208,58.2,1.8973665961010275,56.0,60.0,0,1890,1066528
0.9921160085863328,0.0013234494112587,0.9880602781898178,0.9969359792031832,57.8,1.5212776585113297,56.0,59.0,0,1920,1066528
0.992190520952534,0.0012984370332203,0.9881106136168866,0.9976997147292817,56.285714285714285,1.52127765851133,55.0,59.0,0,1950,1066528
0.9920812436796392,0.001326305542011,0.9863305135363248,0.9988391047039008,58.5,1.1504474832710556,57.0,60.0,0,1980,1066528
0.9921402688572176,0.0012937076646656,0.9878011337801452,0.9963799070168466,56.66666666666666,3.4978985287808246,53.0,61.0,0,2010,1066528
0.9921036478612704,0.0013296669588964,0.988095855433009,0.9970479440295638,56.0,2.53546276418555,53.0,58.0,0,2040,1066528
0.9922130180910674,0.0013468248260262,0.9876849939553854,0.9994214428225562,59.833333333333336,0.7071067811865476,59.0,61.0,0,2070,1066528
0.992032886952582,0.0012904772802423,0.987999749029796,0.998209320826148,56.8,1.01418510567422,56.0,58.0,0,2100,1066528
0.9921063337618792,0.0015033333595567,0.976253056171252,1.0002082192950177,57.57142857142857,1.4342743312012722,56.0,59.0,0,2130,1066528
0.992105028998602,0.0013164381887125,0.987121699823502,0.9989180596564516,58.8,0.4140393356054125,58.0,59.0,0,2160,1066528
0.9920613124828476,0.0012899267772922,0.9881932037238366,0.9965486806298728,58.5,0.985184366143778,57.0,60.0,0,2190,1066528
0.9919289603292052,0.0013353182842974,0.988030227497813,0.9975598996447332,57.66666666666666,1.940285000290664,55.0,59.0,0,2220,1066528
0.9921091004188194,0.0012950672275544,0.9882383432591402,0.9972527708278828,59.833333333333336,0.3834824944236852,59.0,60.0,0,2250,1066528
0.9919865631673572,0.0013862068555781,0.9876498394740112,0.9972901702174048,59.5,0.5144957554275266,59.0,60.0,0,2280,1066528
0.9920725827497622,0.0012932745227803,0.9866664105262478,0.9967153590847992,57.2,2.007130147392397,55.0,60.0,0,2310,1066528
0.9920739244993668,0.0013392345971571,0.9878826405164228,0.9991708704035962,58.0,1.0289915108550531,56.0,59.0,0,2340,1066528
0.992037312086234,0.0013426095665758,0.988163471897302,0.9973642483702132,58.0,0.0,58.0,58.0,0,2370,1066528
0.991845960014048,0.0013148940310678,0.9876626535693704,0.9973434340945752,58.5,0.5144957554275266,58.0,59.0,0,2400,1066528
0.9920636553512724,0.0013376746762828,0.9843453678946278,0.9969091801532276,59.0,0.0,59.0,59.0,0,2430,1066528
0.9920084240480084,0.0013509393122955,0.9850831777278912,0.9992575025043996,58.2,1.6561573424216502,55.0,59.0,0,2460,1066528
0.992050633095373,0.0013405663068385,0.9877285061436316,0.9971979629209538,58.333333333333336,1.6449566416599486,55.0,60.0,0,2490,1066528
0.991928114496044,0.0013151549488123,0.9875641064618844,0.996640507532711,59.0,1.4552137502179978,58.0,61.0,0,2520,1066528
0.9919775109790628,0.001323299615769,0.986612258745258,0.9973283392135862,59.16666666666666,0.3834824944236852,59.0,60.0,0,2550,1066528
0.9918825892800652,0.001332464178778,0.986838992995215,0.9973642483702132,60.833333333333336,0.7071067811865476,60.0,62.0,0,2580,1066528
0.9921628994873332,0.0017487465209154,0.985639701408603,1.0010267594658795,59.6,0.50709255283711,59.0,60.0,0,2610,1066528
0.99184757907608,0.0024204077081709,0.9557327082418704,1.0391222502293174,58.5,0.5144957554275266,58.0,59.0,0,2640,1066528
0.9919214857254738,0.0013844445848882,0.9873279151909156,0.999075343069926,58.0,0.0,58.0,58.0,0,2670,1066528
0.9919224510878268,0.0013504428374985,0.9870324591738258,0.997905075788018,59.66666666666666,0.970142500145332,58.0,61.0,0,2700,1066528
0.991913057392478,0.0013286314233163,0.98689171955479,0.9970742681655216,59.6,0.50709255283711,59.0,60.0,0,2730,1066528
0.9918180655944444,0.0013072650662647,0.9864951933932978,0.9971691485584327,59.16666666666666,0.3834824944236852,59.0,60.0,0,2760,1066528
0.99192579844976,0.0015603787846658,0.9842987539750216,1.0008881431227468,58.5,0.985184366143778,57.0,60.0,0,2790,1066528
0.9918012723334312,0.0012758660852537,0.9873214977756588,0.9955427382141914,56.333333333333336,0.7669649888473704,56.0,58.0,0,2820,1066528
0.9919083042369342,0.001329164110892,0.9876730671450852,0.9960359414496748,56.2,0.4140393356054125,56.0,57.0,0,2850,1066528
0.991840476690989,0.0014103475007266,0.9875523677695324,0.9985812347440692,59.16666666666666,0.3834824944236852,59.0,60.0,0,2880,1066528
0.9919055359877242,0.0013704776822999,0.9865835004961973,0.9959998336486308,58.333333333333336,0.7669649888473704,57.0,59.0,0,2910,1066528
0.9917763058745672,0.0013812993997996,0.9874822988726684,0.9969561291484496,59.2,0.4140393356054125,59.0,60.0,0,2940,1066528
0.9918809597743854,0.0014024398676478,0.9872729584669936,0.9974128536234432,59.5,0.7859052479933758,59.0,61.0,0,2970,1066528
0.9917403733222292,0.0013702813422069,0.9877110447476176,0.9971442402268088,60.4,2.585674822114004,57.0,63.0,0,3000,1066528
0.99186884517747,0.0013801462561118,0.9878747126081576,0.9982719324956,58.4,2.229670058871619,56.0,61.0,0,3030,1066528
0.9917411765663576,0.0013589430045113,0.9868457935736364,0.9968564695016328,59.66666666666666,1.5339299776947408,57.0,61.0,0,3060,1066528
0.9918838782227816,0.0014495455209111,0.9872965724862108,0.9974480583650008,61.0,0.0,61.0,61.0,0,3090,1066528
0.9917466139540309,0.001379841907874,0.9870733636393852,0.9965229732914892,60.8,0.4140393356054125,60.0,61.0,0,3120,1066528
0.9918090600398102,0.0013756830841863,0.987358737162284,0.9976862120920486,59.0,1.5718104959867516,57.0,61.0,0,3150,1066528
0.9916555290226464,0.0013273590534213,0.9876371426171912,0.9962991335059668,57.16666666666666,1.098126747211439,56.0,59.0,0,3180,1066528
0.991771032003274,0.0013509537097239,0.9872171682991436,0.9964010452402836,58.0,0.9258200997725514,57.0,59.0,0,3210,1066528
0.9916676405747268,0.0014248935741797,0.9872782850910172,0.9972893130389848,58.5,0.5144957554275266,58.0,59.0,0,3240,1066528
0.9918505265124016,0.0013913715331007,0.9863070583974444,0.997469787420436,59.5,0.5144957554275266,59.0,60.0,0,3270,1066528
0.9917806300821655,0.0013366535313203,0.9876498834200864,0.9971442402268088,57.66666666666666,1.5339299776947408,56.0,60.0,0,3300,1066528
0.9915157670578426,0.0066068503857755,0.9338635465460786,1.0385149406375096,58.66666666666666,1.7489492643904123,57.0,61.0,0,3330,1066528
0.989538698216496,0.0072263222310617,0.919930611432346,1.072079810836423,79.4,18.98044106065881,57.0,96.0,0,3360,1066528
0.9988989512496652,0.0602675588220526,0.6991866823994719,1.7076488230030846,85.66666666666667,5.368754921931593,82.0,94.0,0,3390,1066528
0.992373269534104,0.0079094885216901,0.924963907886886,1.0982107351793098,89.8,3.549647869859769,83.0,92.0,0,3420,1066528
0.9924710468990314,0.0020731788192257,0.9785194954382564,1.0030272371108622,77.4,9.409721416856993,67.0,91.0,0,3450,1066528
0.9924490095389606,0.0016244316492646,0.986768444773266,0.9986968968099832,58.66666666666666,7.194769341845015,53.0,69.0,0,3480,1066528
0.9923420603582346,0.0016556126342119,0.9853652770472634,0.9980220533419238,54.4,1.804755622554715,53.0,57.0,0,3510,1066528
0.992723748570848,0.002071775771141,0.9777326205392248,1.006451522873849,60.0,0.6546536707079771,59.0,61.0,0,3540,1066528
0.9921647124399604,0.0018606670589994,0.9819304403530936,1.0021691140935844,55.333333333333336,0.4850712500726659,55.0,56.0,0,3570,1066528
0.992082331510579,0.0018687318508948,0.978514614039162,1.0029222626450367,54.5,2.431412080640045,52.0,59.0,0,3600,1066528
0.9919934870477376,0.0026589959773631,0.9719938541297934,1.0281469221963075,51.66666666666666,0.4850712500726659,51.0,52.0,0,3630,1066528
0.9918390755442106,0.0015283091491346,0.9846427698234675,0.9987690765041436,52.0,0.0,52.0,52.0,0,3660,1066528
0.991862397035014,0.0015649799321504,0.9864988198764,0.997414670636426,52.42857142857143,2.248809208701987,50.0,55.0,0,3690,1066528
0.9917747356584984,0.0015001039940246,0.9871388512640458,0.9964729369258604,54.833333333333336,2.093407017561676,53.0,58.0,0,3720,1066528
0.9918790835527176,0.0015368402192234,0.9864235347649256,0.9974001594724003,53.5,0.5144957554275266,53.0,54.0,0,3750,1066528
0.9916857048720412,0.0015181232879346,0.9864377582890164,0.9975884399221604,57.8,4.959838707054898,53.0,64.0,0,3780,1066528
0.9918252454629296,0.0015175583021112,0.9870772107600144,0.9965933494805692,54.333333333333336,0.4850712500726659,54.0,55.0,0,3810,1066528
0.991720624610218,0.0019426976469738,0.9681535375670224,1.00977092316163,53.5,0.985184366143778,52.0,55.0,0,3840,1066528
0.9917984378225976,0.0016451196835347,0.9827807570450188,1.0000537758438792,52.2,0.4140393356054125,52.0,53.0,0,3870,1066528
0.991431291000803,0.0036980716463329,0.9450629311938016,1.0435764648661257,53.333333333333336,0.4850712500726659,53.0,54.0,0,3900,1066528
0.991407212919608,0.0015043867484122,0.9841528483318128,0.9966447185641882,54.16666666666666,0.7071067811865476,53.0,55.0,0,3930,1066528
0.9912598160350988,0.001502069272952,0.9864175508610792,0.9965865365664038,54.333333333333336,0.7669649888473704,54.0,56.0,0,3960,1066528
0.9913697069578882,0.0015386051896349,0.9862451280695332,0.9972996890626707,57.833333333333336,0.7071067811865476,57.0,59.0,0,3990,1066528
0.9913129630680276,0.0014880404408103,0.98643930846196,0.9958427354465262,58.0,2.1712405933672376,54.0,60.0,0,4020,1066528
0.9912120632555969,0.0015140455302669,0.9865165888195596,0.9965670014932512,55.0,0.6546536707079771,54.0,56.0,0,4050,1066528
0.991155864765316,0.0014981553296396,0.986225119016779,0.9968500643852214,55.5,1.5434872662825796,53.0,58.0,0,4080,1066528
0.9912985990813016,0.0014823441783951,0.9851269847318416,0.9961233718489492,54.0,0.9486832980505138,53.0,56.0,0,4110,1066528
0.9912039237982636,0.0014551754571155,0.986769158593645,0.9961812885487512,55.2,0.4140393356054125,55.0,56.0,0,4140,1066528
0.9912650146850152,0.0016471201075731,0.9777772335383044,1.0009576111696488,57.0,1.0289915108550531,56.0,59.0,0,4170,1066528
0.9907816304158166,0.001441947377024,0.9850298768428498,0.996486988320038,56.333333333333336,1.5339299776947408,55.0,59.0,0,4200,1066528
0.9909806152991296,0.0014090725720299,0.9842124883792828,0.9959396957062912,57.66666666666666,0.4850712500726659,57.0,58.0,0,4230,1066528
0.9900219649444464,0.0199769862619528,0.8716839711599152,1.126166959789187,62.75,4.330127018922194,59.0,69.0,0,4260,1066528
0.9910659183132104,0.00189708828072,0.9850517317008584,0.999601251646085,74.16666666666667,14.07647181731024,54.0,92.0,0,4290,1066528
0.9910910668636596,0.0023986714357169,0.9807807392664324,1.000891138327011,65.0,4.1159660434202126,58.0,68.0,0,4320,1066528
0.991323288180096,0.0018357699525079,0.98358763420375,0.998430316654833,61.6,5.461553938996797,57.0,69.0,0,4350,1066528
0.9913505102223232,0.0017067453940804,0.9811100458807972,1.001398656216364,52.5,0.5222329678670935,52.0,53.0,0,4380,1066528
0.9916464575128282,0.0016572509232378,0.98569473917749,0.9976959940063104,52.0,0.7745966692414834,51.0,53.0,0,4410,1066528
0.9916891430033368,0.0020559650376085,0.9821942924402992,1.0001539150347711,51.2,0.4140393356054125,51.0,52.0,0,4440,1066528
0.991704068656952,0.001707137111038,0.9838676200989896,1.0008855953121014,56.833333333333336,4.259936481161358,51.0,63.0,0,4470,1066528
0.9916157125614184,0.00178337196695,0.980244395182482,0.9977173073595046,53.333333333333336,0.4850712500726659,53.0,54.0,0,4500,1066528
0.9916763361449412,0.0015970983764333,0.9863599929235471,0.9970963478764978,54.0,0.0,54.0,54.0,0,4530,1066528
0.9915780372565132,0.0019312552006915,0.972533518027168,1.0017645775281188,53.0,2.53546276418555,50.0,55.0,0,4560,1066528
0.9917618473190298,0.0017078607899146,0.984678000217848,1.003668197492961,55.333333333333336,2.765331593774861,52.0,59.0,0,4590,1066528
0.9916714808920092,0.0015687958282857,0.9867755527858452,0.9980596268356564,53.333333333333336,0.970142500145332,52.0,55.0,0,4620,1066528
0.9916948634883546,0.0016118441810998,0.9856650597644466,0.9980972409580992,55.5,0.7859052479933758,55.0,57.0,0,4650,1066528
0.9916150973613016,0.0017952042195727,0.9847618374109244,0.999064588073474,57.6,1.804755622554715,55.0,59.0,0,4680,1066528
0.9917375626704832,0.0015760286109155,0.9865137264993225,0.997218937625665,52.833333333333336,0.7071067811865476,52.0,54.0,0,4710,1066528
0.9915991806901532,0.0015808781782746,0.9850594756693882,0.9962543894275748,55.42857142857143,1.9639610121239317,52.0,57.0,0,4740,1066528
0.991737019945386,0.001577624398302,0.9858202753384008,0.9972728716333208,54.6,0.828078671210825,54.0,56.0,0,4770,1066528
0.9915721570130992,0.0015932234548705,0.9861305988337702,0.9974132410737938,54.833333333333336,0.9235481451827988,54.0,56.0,0,4800,1066528
0.9917498700892085,0.001573125925951,0.987127192009363,0.996901204637922,55.16666666666666,0.7071067811865476,54.0,56.0,0,4830,1066528
0.991706718714903,0.0016226887427353,0.9862403554999256,0.9970063166222668,56.0,0.0,56.0,56.0,0,4860,1066528
0.9916932391616274,0.0016206138845269,0.9869767507770282,0.9976555545426438,58.0,1.3093073414159542,57.0,60.0,0,4890,1066528
0.9916415348616544,0.0016565323475595,0.9860892184791648,0.9981442240290228,57.5,0.5144957554275266,57.0,58.0,0,4920,1066528
0.9917353732482636,0.0016545820715373,0.9857568027625982,0.9974899664031764,57.0,0.0,57.0,57.0,0,4950,1066528
0.9916501168628364,0.0016224762963445,0.9853326352505024,0.9983268713389368,59.2,2.007130147392397,56.0,61.0,0,4980,1066528
0.991684394005886,0.0016436530219877,0.9857713215918488,0.9973818383718496,55.5,1.1504474832710556,55.0,58.0,0,5010,1066528
0.9935848847738394,0.0457939085683511,0.6567893126370586,1.543821843467597,55.833333333333336,0.3834824944236852,55.0,56.0,0,5040,1066528
0.9946246424247864,0.0016312445696701,0.9864182644424626,1.0024908032589874,52.8,3.098386676965934,49.0,57.0,0,5070,1066528
0.9946320483606288,0.0014717200655074,0.9881695308389852,0.999441010408058,50.4,1.0555973258234952,49.0,52.0,0,5100,1066528
0.994742691022085,0.001603224163231,0.987602386325514,1.0014897186703864,50.833333333333336,1.2485285456935955,50.0,53.0,0,5130,1066528
0.994392031435966,0.0015029326797043,0.9881148236319148,1.0006815572056127,50.0,0.0,50.0,50.0,0,5160,1066528
0.994422496270324,0.0015035276213186,0.988476090166611,0.9996171533979746,48.16666666666666,1.823054966742557,46.0,51.0,0,5190,1066528
0.9943047095832956,0.0014986066142181,0.9888732266575984,0.998647950940996,53.2,2.3964259101539405,51.0,56.0,0,5220,1066528
0.9942976321658784,0.0014811778499667,0.9881912390106178,0.9987643771261416,55.0,1.8786728732554483,51.0,56.0,0,5250,1066528
0.994168453354718,0.0015195079782816,0.9887631093675016,0.9997990892277958,51.66666666666666,0.7669649888473704,51.0,53.0,0,5280,1066528
0.9941866032230334,0.0014772892491602,0.9882095608028948,0.9982853125712058,55.0,0.9258200997725514,54.0,56.0,0,5310,1066528
0.9942703102089916,0.0018210076357309,0.9877475229777396,1.0015324602222635,52.16666666666666,1.3826657968874303,51.0,54.0,0,5340,1066528
0.9941693128103224,0.0015016684307679,0.9844672290801204,1.0002918541022463,52.66666666666666,1.2833778958394957,51.0,55.0,0,5370,1066528
0.9940529331236542,0.0014883920424024,0.9881602876718988,0.9988905995756544,54.16666666666666,0.9235481451827988,53.0,56.0,0,5400,1066528
0.994280405804753,0.0014680727137009,0.9886136927276752,0.9988216539971188,54.333333333333336,0.4850712500726659,54.0,55.0,0,5430,1066528
0.994183270388373,0.0015292191810684,0.9892081437004144,1.0002857944083632,56.333333333333336,1.940285000290664,55.0,59.0,0,5460,1066528
0.9942386180328004,0.0014869091370498,0.9881347559975866,0.9987713236139792,57.16666666666666,1.3826657968874303,56.0,59.0,0,5490,1066528
0.9941442705461206,0.0014827481824545,0.988663255861575,0.9989713160393796,57.4,0.828078671210825,56.0,58.0,0,5520,1066528
0.9942204329390344,0.0014931158560638,0.988387353781593,0.9989474555885608,56.16666666666666,1.7235394498804248,54.0,58.0,0,5550,1066528
0.9941870022274512,0.0015141887393223,0.9885901174253766,0.998742780344599,59.333333333333336,0.7669649888473704,58.0,60.0,0,5580,1066528
0.9942110419334486,0.0014599268650718,0.9887673672399744,0.9994289692833104,58.0,0.9258200997725514,57.0,59.0,0,5610,1066528
0.9941288290934138,0.0014707484010773,0.9887897176514632,0.998514082562169,57.57142857142857,1.4342743312012722,56.0,59.0,0,5640,1066528
0.9943590883276584,0.0017611941106738,0.9878871782788304,1.003019543525773,62.0,6.210590034081188,59.0,74.0,0,5670,1066528
0.9917058376491428,0.0137833755968656,0.8928781668744566,1.1129132994776771,83.5,8.375384100059495,77.0,95.0,0,5700,1066528
0.9960846963953582,0.0229917236064913,0.6816919387695662,1.24090693168834,84.33333333333333,8.04673846971554,78.0,95.0,0,5730,1066528
1.0014272940858586,0.0018599119424626,0.9909969195407268,1.0106630198656177,68.0,12.11707594313763,55.0,81.0,0,5760,1066528
1.001361133276894,0.0114647813475157,0.8716019951350387,1.1514968648803046,61.66666666666666,2.765331593774861,59.0,65.0,0,5790,1066528
0.9969631960406796,0.0398030422990784,0.6505428325075682,1.3904960591962028,72.0,6.287241983947006,63.0,77.0,0,5820,1066528
0.9927781033225608,0.0048432945900119,0.947204634657142,1.0487054893378598,86.2,1.65615734242165,83.0,87.0,0,5850,1066528
0.992684299164494,0.0015838133338351,0.9859506497633744,1.002309665861873,57.66666666666666,13.503812097939996,51.0,87.0,0,5880,1066528
0.9926763518592018,0.0027368603331372,0.9562893774775184,1.0156788789826483,53.2,2.4842360136324757,51.0,57.0,0,5910,1066528
0.9928733962381596,0.001627283038845,0.9822549633115122,1.006520344411284,60.5,3.7924072752246,56.0,65.0,0,5940,1066528
0.9926570979503956,0.0023826568268747,0.9649944752140346,1.022715351612676,61.4,3.04255531702266,59.0,65.0,0,5970,1066528
0.992414478237124,0.0014197223640208,0.9869636148598538,0.997728683729284,58.5,0.9045340337332908,57.0,59.0,0,6000,1066528
0.9927340372863204,0.0013879814375814,0.9875925066365884,0.998447845831749,57.71428571428572,0.7171371656006361,57.0,59.0,0,6030,1066528
0.9926976935674616,0.0017225190233605,0.982076399457588,1.003780525674238,58.0,1.3093073414159542,56.0,59.0,0,6060,1066528
0.9928411776818932,0.0014637638970873,0.9872224584569478,0.998487220731988,58.0,0.8401680504168059,57.0,59.0,0,6090,1066528
0.992699183170889,0.0014403915041787,0.986299477058662,0.9975986867718,56.333333333333336,1.8470962903655976,54.0,59.0,0,6120,1066528
0.9928434603053732,0.0026018487198124,0.9695590203246112,1.041914527688764,57.0,1.7822655773580136,55.0,59.0,0,6150,1066528
0.9927333971094116,0.0015240981595839,0.9855154964811764,1.0011180199758818,55.0,2.6186146828319083,51.0,59.0,0,6180,1066528
0.9926240271211544,0.001498669121905,0.9878659588451716,0.99786782641191,57.0,1.8516401995451028,55.0,59.0,0,6210,1066528
0.9928635741317032,0.0039437633443822,0.95658114292234,1.0435757891963813,57.0,2.53546276418555,54.0,59.0,0,6240,1066528
0.9924373186475224,0.0014080843225243,0.9865301401983114,0.9969548600290286,54.0,0.5940885257860046,53.0,55.0,0,6270,1066528
0.9927299627288187,0.0014549695363456,0.9876789824544916,0.9977580339635508,57.8,0.4140393356054125,57.0,58.0,0,6300,1066528
0.9927590117912888,0.0016205316302848,0.985784416036128,1.0033739352209077,56.333333333333336,0.4850712500726659,56.0,57.0,0,6330,1066528
0.9927258417456852,0.0014513693150035,0.987611886711268,0.9970871661025528,57.0,0.8401680504168059,56.0,58.0,0,6360,1066528
0.9928194773239852,0.0017217270172954,0.9839573527047246,1.0054371481334925,59.0,0.0,59.0,59.0,0,6390,1066528
0.992690164072835,0.0020388387862,0.97083387108974,1.0100592756036746,53.4,2.898275349237888,52.0,59.0,0,6420,1066528
0.9925451947029766,0.0014110146495392,0.9864335648133482,0.9965435913015795,53.0,2.449489742783178,50.0,57.0,0,6450,1066528
0.9926778802556372,0.0014763408083304,0.9854764968831424,0.998778203169918,56.6,1.4040757000349275,54.0,58.0,0,6480,1066528
0.9928328359507858,0.0014540626161615,0.9873849493150582,0.997469732274644,56.142857142857146,1.8516401995451028,54.0,59.0,0,6510,1066528
0.992703609440731,0.0014606511090675,0.9869523571536823,0.9976612357172048,57.833333333333336,0.9235481451827988,57.0,59.0,0,6540,1066528
0.9928477710618562,0.0014892365935982,0.9879383231620382,1.0015196396929118,58.2,0.4140393356054125,58.0,59.0,0,6570,1066528
0.992772904439035,0.0014347162084368,0.9878449405583904,0.9977083992031792,58.0,0.8401680504168059,57.0,59.0,0,6600,1066528
0.9929238081391848,0.0014666625944617,0.9867938756380992,0.9979849274522636,58.6,0.50709255283711,58.0,59.0,0,6630,1066528
0.991560992189916,0.0186273759533566,0.8565444346913358,1.3195465377345583,59.4,0.8280786712108251,59.0,61.0,0,6660,1066528
0.989495957712286,0.0014615352414907,0.9828614021066652,0.9954809872924796,57.85714285714285,1.8516401995451028,55.0,59.0,0,6690,1066528
0.9896757026322668,0.0017937451446158,0.963010247945732,0.9982532883471258,54.5,4.706066172880425,48.0,59.0,0,6720,1066528
0.989842501302422,0.0014985883018053,0.9846041585242976,0.999049967348991,58.0,0.8401680504168059,57.0,59.0,0,6750,1066528
0.9901926585108888,0.0191751221771582,0.9341721161404306,1.6989554599659582,57.8,1.6561573424216502,57.0,61.0,0,6780,1066528
0.989619287771832,0.0014553984940233,0.9848381983958634,0.9941391895236954,57.71428571428572,0.7171371656006361,57.0,59.0,0,6810,1066528
0.9895170399080576,0.0014353869680714,0.982414214142548,0.9939779814233612,58.2,1.01418510567422,57.0,59.0,0,6840,1066528
0.989719007887287,0.0015049475936321,0.9842444274114892,0.9948337792961444,59.333333333333336,0.970142500145332,58.0,60.0,0,6870,1066528
0.9897183361841768,0.0015277579171727,0.984091989956574,0.994649511979652,57.333333333333336,1.137592917989042,56.0,59.0,0,6900,1066528
0.989796142636058,0.0015109938436247,0.98396605926418,0.9955052306338976,60.16666666666666,3.276475868619676,57.0,64.0,0,6930,1066528
0.9897068270558936,0.0016437035820995,0.9839571725520628,0.9953579077574056,67.4,3.04255531702266,63.0,71.0,0,6960,1066528
0.9897804900658124,0.0037204509377185,0.939546891309561,1.0283779379366178,71.0,1.4552137502179978,69.0,72.0,0,6990,1066528
0.9896302082751872,0.0085387998466521,0.888880397317125,1.1200316479968278,69.0,1.0289915108550531,68.0,71.0,0,7020,1066528
0.989647581019908,0.0015809952107627,0.9836383525347362,0.9950893191438897,65.33333333333333,1.7489492643904123,64.0,69.0,0,7050,1066528
0.9895283947800416,0.0016432772383744,0.9835553559854422,0.99710772019339,62.0,1.4552137502179978,60.0,64.0,0,7080,1066528
0.9895518381584512,0.0020264711746405,0.977125023856313,0.999308278511191,70.0,2.2677868380553634,67.0,73.0,0,7110,1066528
0.9898035140759244,0.0026147783757081,0.973443972669696,1.0083847828877923,71.2,2.210365192839022,67.0,73.0,0,7140,1066528
0.9896682678022752,0.001694013644338,0.9835948489393128,0.996959570037,68.4,0.50709255283711,68.0,69.0,0,7170,1066528
0.9896049971952072,0.0016862154006592,0.9831279157524976,0.9944231402078896,68.14285714285714,2.7071334338320723,62.0,71.0,0,7200,1066528
0.9896522424314514,0.0016011064984922,0.9846553626648158,0.994657354520083,68.16666666666667,0.3834824944236852,68.0,69.0,0,7230,1066528
0.989689319432066,0.0019094939125888,0.9817926652093812,1.006422779201708,76.6,2.746426249302381,73.0,80.0,0,7260,1066528
0.9896494107806116,0.0016604362982726,0.9823049507494808,0.9960407747956758,67.71428571428571,0.4629100498862757,67.0,68.0,0,7290,1066528
0.9896162228642028,0.001612186376878,0.9829975910633252,0.9952885542911364,68.0,0.0,68.0,68.0,0,7320,1066528
0.989647554865786,0.0016384858626355,0.9838891686091528,0.9939001737288208,70.0,3.4127787539671264,67.0,76.0,0,7350,1066528
0.9895708009023632,0.0017446632547854,0.9794917036077132,1.0025122402633797,74.83333333333333,3.329900192816242,71.0,78.0,0,7380,1066528
0.9895219724204064,0.0029026902236784,0.971990157171774,1.0562677922424693,68.83333333333333,0.3834824944236852,68.0,69.0,0,7410,1066528
0.9896369962092728,0.0015738722461706,0.983702411794324,0.9942299650366307,65.0,2.1712405933672376,63.0,69.0,0,7440,1066528
0.9896428247810294,0.0016222221812927,0.9840407455966292,0.9957313871709628,66.16666666666667,2.8748401490088,64.0,72.0,0,7470,1066528
0.9896189575086376,0.0033975434220085,0.9615508558449782,1.0240106236842177,72.6,3.561701038227982,68.0,76.0,0,7500,1066528
0.9897864871462284,0.0014374846174225,0.9849286555150528,0.9950434681547988,62.85714285714285,3.482609858794325,59.0,68.0,0,7530,1066528
0.9896849132466192,0.0028368207635706,0.9661564443394712,1.0582969350144835,60.4,2.8233718443429607,58.0,65.0,0,7560,1066528
0.9897865769265808,0.0014308212902948,0.9844045728060796,0.9942675695861805,65.5,1.1504474832710556,64.0,67.0,0,7590,1066528
0.989635429790416,0.0014058936131878,0.983992864203481,0.9941657625237804,61.833333333333336,1.823054966742557,59.0,64.0,0,7620,1066528
0.9896481076691924,0.0108752607649032,0.8415256896652294,1.15719491724337,62.66666666666666,2.42535625036333,60.0,65.0,0,7650,1066528
0.9892798397642056,0.0028503611495192,0.9531521829994724,1.031341296019436,67.0,4.445751441809691,61.0,71.0,0,7680,1066528
0.9923078923647978,0.0307150430280397,0.7663581320589024,1.326575666449453,85.0,9.657780659795876,69.0,91.0,0,7710,1066528
0.9915221079844014,0.0015695420303584,0.9864054921487714,0.9969183494989649,57.66666666666666,0.4850712500726659,57.0,58.0,0,7740,1066528
0.9921084219480972,0.0015924863370545,0.98732061504568,1.0058864919518802,59.16666666666666,2.6178122882419563,57.0,64.0,0,7770,1066528
0.991952407481204,0.0015566218220939,0.9859191991358772,1.0010796134509434,59.5,2.20293921306753,56.0,61.0,0,7800,1066528
0.9920515665804234,0.0015690913156999,0.9871673362260016,0.9970388528008376,65.5,2.2816402768493496,63.0,68.0,0,7830,1066528
0.992119325743159,0.0015918614242248,0.9860949138031996,0.9973702050506924,63.5,4.630461798847739,59.0,68.0,0,7860,1066528
0.9921433026071756,0.0015638410362927,0.9862548606579692,0.997516420975324,59.6,0.50709255283711,59.0,60.0,0,7890,1066528
0.9921089176559348,0.0015377914241179,0.9873693076418164,0.997530901121835,64.0,1.4552137502179978,61.0,65.0,0,7920,1066528
0.9922025925260706,0.0015038503769856,0.9862672185868596,0.9976678362228284,62.833333333333336,0.3834824944236852,62.0,63.0,0,7950,1066528
0.9921290333583752,0.00154915211329,0.9861159951741478,0.9972216006483464,61.333333333333336,2.3514701283890216,59.0,65.0,0,7980,1066528
0.992104867096154,0.0015661589532861,0.9840755862902908,1.0007602986485475,63.0,0.6546536707079771,62.0,64.0,0,8010,1066528
0.9921411324453188,0.0019792517079644,0.9831852434986248,1.0016840425191018,62.0,0.0,62.0,62.0,0,8040,1066528
0.9920627433243602,0.0015016190471003,0.9871568204433884,0.9977108912451842,60.333333333333336,0.9701425001453318,59.0,62.0,0,8070,1066528
0.9920546097401892,0.0014668868423141,0.9873222602095276,0.9976558451405274,56.833333333333336,2.093407017561676,55.0,60.0,0,8100,1066528
0.9921479296693856,0.0014877793580528,0.9869955383405794,0.997643177547298,59.333333333333336,0.4850712500726659,59.0,60.0,0,8130,1066528
0.9920300425210828,0.001527771328811,0.9863974326240006,0.9968808472443736,59.333333333333336,2.890145528597235,56.0,64.0,0,8160,1066528
0.9920828207132544,0.0015383769799986,0.9870333515444096,0.9976546837130772,61.333333333333336,1.137592917989042,59.0,62.0,0,8190,1066528
0.992074526058328,0.0017592671353441,0.983457188546558,1.00055048366947,62.0,0.0,62.0,62.0,0,8220,1066528
0.9920882491426932,0.0015040023999518,0.9875249881129388,0.9971147617066352,62.333333333333336,0.7669649888473704,61.0,63.0,0,8250,1066528
0.9920425815722166,0.0014922911485484,0.987043437823022,0.9977245318267264,60.333333333333336,0.970142500145332,59.0,62.0,0,8280,1066528
0.9920302776659564,0.0014662412286693,0.9868952358009488,0.9973990911962222,60.5,1.2947859237091257,59.0,62.0,0,8310,1066528
0.9920653130611632,0.0015351012304626,0.9861138944383706,0.9983388821675884,63.333333333333336,0.4850712500726659,63.0,64.0,0,8340,1066528
0.992028818211449,0.0015190432479608,0.9864756577427798,0.9976930466432952,62.333333333333336,1.137592917989042,61.0,64.0,0,8370,1066528
0.9920231424322686,0.0015301029171658,0.9870909549597038,0.997273890729633,61.5,0.7859052479933758,61.0,63.0,0,8400,1066528
0.992050322986716,0.0014859645402095,0.9869062440736456,0.99694944896454,63.0,0.9258200997725514,62.0,64.0,0,8430,1066528
0.9919839747799816,0.0014900994567728,0.9863235242777392,0.9985018930269536,62.333333333333336,1.2833778958394957,61.0,65.0,0,8460,1066528
0.992008486411674,0.0015028252116999,0.9873693076418164,0.998222846111338,63.5,0.7859052479933758,63.0,65.0,0,8490,1066528
0.9920203674517228,0.0014811757988067,0.986623566825408,0.9983671791412716,62.833333333333336,0.7071067811865476,62.0,64.0,0,8520,1066528
0.9919975591052922,0.0015058661871177,0.9830547368675104,0.9966628656139898,60.8,0.4140393356054125,60.0,61.0,0,8550,1066528
0.9919511119696724,0.0014894237848587,0.9864819343978176,0.996651116864964,61.16666666666666,1.2485285456935955,59.0,62.0,0,8580,1066528
0.9919533025643548,0.0015259680782988,0.9870726640022658,0.9971276352567158,61.5,1.7573375583870183,60.0,65.0,0,8610,1066528
0.9919325341541336,0.001771952629091,0.9759035573195336,1.0039085634475982,61.833333333333336,1.098126747211439,60.0,63.0,0,8640,1066528
0.9919137042878654,0.0014888994009547,0.986940379889596,0.9966798117356798,58.0,2.970442628930023,54.0,61.0,0,8670,1066528
0.9919515488684076,0.001481795741552,0.9871255816981396,0.9971637492492896,60.16666666666666,0.7071067811865476,59.0,61.0,0,8700,1066528
0.9919194027031364,0.0015441110622602,0.9869724200074184,0.9972742068107696,61.333333333333336,1.4142135623730951,59.0,63.0,0,8730,1066528
0.9919484561497216,0.0015626034672569,0.987253682283262,1.002274430053052,61.8,1.3732131246511905,60.0,64.0,0,8760,1066528
0.9919187201470594,0.0015265711108785,0.98634299933588,0.996844900715949,60.833333333333336,0.9235481451827988,59.0,62.0,0,8790,1066528
0.991881463710316,0.0014768974536018,0.9868244820688884,0.9973076389363564,60.5,0.985184366143778,59.0,62.0,0,8820,1066528
0.9919689121356076,0.0014793934982885,0.9861813509275869,0.9976073625970692,61.16666666666666,0.7071067811865476,60.0,62.0,0,8850,1066528
0.9920022080828576,0.0015328154002092,0.9871077361502644,0.9997675715919224,61.16666666666666,0.9235481451827988,60.0,62.0,0,8880,1066528
0.9919430647165888,0.0015339676396758,0.9869533317471348,0.9970329303545096,61.66666666666666,0.7669649888473704,60.0,62.0,0,8910,1066528
0.9923005860337186,0.0019624164577214,0.9826600651203752,1.0009325560845046,62.0,0.0,62.0,62.0,0,8940,1066528
0.9921103512535128,0.00149229611586,0.9855162368283996,0.9981556943345312,62.66666666666666,0.7669649888473704,62.0,64.0,0,8970,1066528
0.9920751058824528,0.0015119362015004,0.9864173072292122,0.9981789843250408,61.833333333333336,1.3826657968874303,60.0,64.0,0,9000,1066528
0.992077282044687,0.0014870999721798,0.9868961830610552,0.99757014395286,62.833333333333336,0.3834824944236852,62.0,63.0,0,9030,1066528
0.9921385383758512,0.0014947274991426,0.9864223868048566,0.9992588631578206,62.833333333333336,2.7493314695415982,60.0,67.0,0,9060,1066528
0.9920609552742562,0.0014973695419111,0.9869101075160848,0.9970698357116214,59.833333333333336,0.7071067811865476,59.0,61.0,0,9090,1066528
0.9922373875969092,0.001445203694281,0.9870507418123802,0.9972301131529522,61.0,0.5940885257860046,60.0,62.0,0,9120,1066528
0.9921793398379416,0.0014603479940375,0.9864764899359032,0.9975635152813628,60.8,0.7745966692414833,60.0,62.0,0,9150,1066528
0.992178529373388,0.0014875896596308,0.9869101075160848,0.9982094983750556,62.0,0.0,62.0,62.0,0,9180,1066528
0.9921289893257504,0.0014769753854785,0.9870366968014512,0.9972718725853698,60.66666666666666,1.2833778958394957,59.0,62.0,0,9210,1066528
0.992151104083067,0.0014944204673196,0.9871078275131396,0.9978873434592956,60.5,1.2947859237091257,59.0,62.0,0,9240,1066528
0.9921847573188604,0.0015113806582385,0.9869101075160848,1.0018742572519068,59.6,0.828078671210825,59.0,61.0,0,9270,1066528
0.9922780929626,0.0015614979140638,0.9850287473065038,0.9996648820408068,60.5,0.5144957554275266,60.0,61.0,0,9300,1066528
0.992241672140206,0.001484983138849,0.987669830408462,0.9978646298151568,60.16666666666666,0.3834824944236852,60.0,61.0,0,9330,1066528
0.9921704606030106,0.00150102985334,0.9870446392473796,0.997740325911592,59.833333333333336,0.3834824944236852,59.0,60.0,0,9360,1066528
0.9922243207456324,0.0015180054089511,0.9839797758393868,1.0014782265106963,60.2,0.7745966692414833,59.0,61.0,0,9390,1066528
0.9922083766317203,0.0014989790204625,0.9866155322649498,0.9980277217114262,59.5,0.7859052479933758,59.0,61.0,0,9420,1066528
0.9921270232614868,0.0015146848506356,0.987333260048379,0.9994091213957824,59.66666666666666,0.4850712500726659,59.0,60.0,0,9450,1066528
0.9921226543926234,0.0014717225243494,0.9875224235649688,0.9974174633076464,60.0,0.0,60.0,60.0,0,9480,1066528
0.9921250753644764,0.001472697729651,0.9876802192799652,0.9971104322122852,59.8,0.4140393356054125,59.0,60.0,0,9510,1066528
0.992162072634312,0.0014214135166605,0.9873859427393322,0.996827888951478,59.333333333333336,0.7669649888473704,59.0,61.0,0,9540,1066528
0.9921897502582612,0.0014723246590064,0.9869320408527936,0.9973098743324312,61.0,1.1881770515720091,59.0,63.0,0,9570,1066528
0.9919693412829428,0.0035463243789465,0.9501969670078464,1.0216373192485235,61.0,0.0,61.0,61.0,0,9600,1066528
0.987457039502772,0.0208795656292109,0.7489103450464681,1.1723405474997528,84.33333333333333,16.97749375254331,61.0,96.0,0,9630,1066528
0.9878598498369296,0.0015628566440953,0.9818659246495164,0.9975487568056912,58.66666666666666,10.997325878166391,50.0,82.0,0,9660,1066528
0.9880360884688724,0.0015189865919121,0.9826777693866592,0.9924509458341052,53.0,3.817254061682111,50.0,58.0,0,9690,1066528
0.987915565818077,0.0015315269530155,0.982649384753102,0.9928891627191628,57.57142857142857,4.832922806867792,51.0,67.0,0,9720,1066528
0.9879307345490996,0.0065868186426753,0.9320827603867264,1.0482205905130133,63.0,6.572670690061994,57.0,69.0,0,9750,1066528
0.9878988024409544,0.0017626056030426,0.9756670661446404,1.0111987715394932,,,,,0,9780,1066528
0.987485634511499,0.001630954328798,0.9734052419535966,1.0082351182215237,56.66666666666666,3.905124837953328,52.0,61.0,0,9810,1066528
0.9870488338444552,0.0015147765942849,0.9780702366432128,0.9912379897127934,53.0,0.5940885257860046,52.0,54.0,0,9840,1066528
0.9874448526575418,0.0017712985449684,0.9824806391665996,0.9985861372562008,54.2,0.7745966692414833,53.0,55.0,0,9870,1066528
0.987016755830263,0.0014181670443039,0.98085708257971,0.9914425772015492,56.16666666666666,1.823054966742557,54.0,59.0,0,9900,1066528
0.986970893335574,0.0014337460007039,0.9818829864826256,0.9913104482476012,62.66666666666666,2.566755791678992,59.0,65.0,0,9930,1066528
0.9870228034774232,0.0014302576847028,0.9822988972196344,0.9915034559734424,56.66666666666666,5.3026075716409125,51.0,64.0,0,9960,1066528
0.9869389499903706,0.0014758087923649,0.9812642967980186,0.9917530884199808,56.66666666666666,3.395498750508662,52.0,59.0,0,9990,1066528
0.98696911206912,0.0015920270862196,0.9786174207504637,0.9953608185142612,58.0,0.5940885257860046,57.0,59.0,0,10020,1066528
0.9870580616848722,0.0014667833485133,0.982067000009032,0.9915329364357648,52.833333333333336,1.098126747211439,51.0,54.0,0,10050,1066528
0.9870199750623676,0.0014189300722975,0.9827324175017024,0.9910942127601292,57.333333333333336,1.137592917989042,55.0,58.0,0,10080,1066528
0.987049926414828,0.0014501267348591,0.9826318020438022,0.990985444116108,59.0,0.0,59.0,59.0,0,10110,1066528
0.9870135537493068,0.0014529783132757,0.9820348817831064,0.9919491314593556,56.333333333333336,2.1143765594836976,53.0,58.0,0,10140,1066528
0.9870863326267024,0.0015781796798013,0.9812987611681828,0.9964057219984336,56.0,1.5491933384829668,54.0,58.0,0,10170,1066528
0.9899431385697371,0.0120761804268483,0.840340076910021,1.1276143506157987,58.4,0.50709255283711,58.0,59.0,0,10200,1066528
0.992186118024138,0.0024385487226894,0.9743736694110992,1.010464874547087,77.4,10.133395989781228,67.0,96.0,0,10230,1066528
0.9919070268134365,0.001528695696435,0.98685724371565,0.997741628390627,64.66666666666667,10.437488992597224,51.0,74.0,0,10260,1066528
0.9916868758376112,0.0014989032751251,0.9858868848095302,0.998261087019478,53.333333333333336,3.4470788997608497,47.0,56.0,0,10290,1066528
0.9918051851007532,0.0016193584577995,0.9860830258090492,0.9976158279564532,55.75,0.4522670168666454,55.0,56.0,0,10320,1066528
0.9920269806106496,0.0016011907063934,0.986785387486798,0.9971655105249128,52.57142857142857,0.50709255283711,52.0,53.0,0,10350,1066528
0.9918829626515372,0.0649207364507768,0.4753519014706999,2.2292024358260583,60.2,3.60951124510943,55.0,65.0,0,10380,1066528
0.9885153332781422,0.0011768479747859,0.9845263400044716,0.9922600949422185,55.75,12.366560483085756,47.0,76.0,0,10410,1066528
0.9887351170210686,0.0011866289179095,0.9837457114443549,0.99278316693972,51.57142857142857,2.6752836965717965,50.0,57.0,0,10440,1066528
0.988685933835003,0.0011218118491833,0.9850441713552393,0.99190766953222,52.16666666666666,1.917412472118426,50.0,56.0,0,10470,1066528
0.988620556058496,0.0011898123179831,0.9846477359422456,0.9923544341684628,51.0,1.1338934190276817,50.0,53.0,0,10500,1066528
0.9886447674157928,0.0011637594225067,0.9840495193415014,0.992395333878596,55.16666666666666,0.7071067811865476,54.0,56.0,0,10530,1066528
0.9885030328774528,0.0011637726509052,0.9840581681870896,0.9924929787620111,52.66666666666666,2.4970570913871915,51.0,58.0,0,10560,1066528
0.9884940822686024,0.0011613343879222,0.9845696518777076,0.9924568309287212,54.0,1.4552137502179978,52.0,56.0,0,10590,1066528
0.9885559406125728,0.0011540039572186,0.9841390752629122,0.9930045271761504,52.833333333333336,1.6179144164088315,51.0,55.0,0,10620,1066528
0.9885399788308225,0.0011767979998308,0.98478102124024,0.9919698935433876,55.4,1.0555973258234952,54.0,57.0,0,10650,1066528
0.9886631696837586,0.0011796345995776,0.9842116259378062,0.9928417931327024,58.8,0.4140393356054125,58.0,59.0,0,10680,1066528
0.9886769449703664,0.0011741788155144,0.984558843903451,0.9929201959400464,57.5,0.5144957554275266,57.0,58.0,0,10710,1066528
0.9886069676055552,0.0011577104695825,0.9846268988733752,0.9924433259556992,56.333333333333336,0.4850712500726659,56.0,57.0,0,10740,1066528
0.988828472370468,0.0017388275763233,0.981794912385051,0.9972040141645088,58.333333333333336,0.7669649888473704,57.0,59.0,0,10770,1066528
0.9886777498864086,0.0011654555705533,0.9841735669414668,0.9928516595896286,58.0,1.3284223283101428,56.0,60.0,0,10800,1066528
0.988697945811247,0.0011815017380885,0.9845791941046488,0.9930140059491508,57.66666666666666,1.137592917989042,56.0,59.0,0,10830,1066528
0.9886722377980708,0.00114661759864,0.984046147937062,0.9924107098099002,58.333333333333336,1.137592917989042,56.0,59.0,0,10860,1066528
0.9887189426340474,0.0011882589354403,0.9842431057574444,0.9920440456330608,58.5,0.5144957554275266,58.0,59.0,0,10890,1066528
0.988719720596647,0.0011959870010384,0.9851489661550022,0.9928972762464656,58.4,0.828078671210825,57.0,59.0,0,10920,1066528
0.9886155653265212,0.0011200940639882,0.984046147937062,0.9918899636497288,58.0,1.1881770515720091,56.0,59.0,0,10950,1066528
0.988675113616194,0.0011773617845403,0.9846150684184456,0.9927886136387444,58.66666666666666,0.4850712500726659,58.0,59.0,0,10980,1066528
0.9887822677831388,0.0011701764236113,0.9845470159661904,0.9933647013535812,56.833333333333336,2.549509756796392,53.0,59.0,0,11010,1066528
0.9887309335799084,0.0012371292053312,0.9847437101412988,0.9933856673330757,58.16666666666666,1.9174124721184265,54.0,59.0,0,11040,1066528
0.9886003267686788,0.001194756069746,0.984512758513677,0.9928648619782502,57.833333333333336,0.7071067811865476,57.0,59.0,0,11070,1066528
0.9887077327577044,0.0011554196085826,0.9846495149075736,0.9928747282059354,58.4,1.0555973258234952,57.0,60.0,0,11100,1066528
0.988687769594974,0.0011514269501519,0.9840573653689808,0.992279107726712,57.0,0.5940885257860046,56.0,58.0,0,11130,1066528
0.988672441462884,0.0011426042448916,0.9850333960728336,0.9924813707608672,57.0,0.8401680504168059,56.0,58.0,0,11160,1066528
0.9887543119453,0.0011351242778359,0.9850214854764792,0.9923692183099292,56.6,0.50709255283711,56.0,57.0,0,11190,1066528
0.9886847452475834,0.0011876100111258,0.9844687931855536,0.99243345543925,58.66666666666666,0.7669649888473704,58.0,60.0,0,11220,1066528
0.9887023302861712,0.0011532123393033,0.9850693949579238,0.9924900151862536,57.333333333333336,0.4850712500726659,57.0,58.0,0,11250,1066528
0.9887036574384688,0.0011338766007439,0.9851033319213066,0.9924405696999594,57.833333333333336,1.098126747211439,56.0,59.0,0,11280,1066528
0.988785223953126,0.0011847697196958,0.9844920059182656,0.9929243334047212,58.6,0.50709255283711,58.0,59.0,0,11310,1066528
0.988696974137752,0.001183068640834,0.984545723283388,0.9928715022172104,58.66666666666666,0.4850712500726659,58.0,59.0,0,11340,1066528
0.988652857170072,0.001165097611352,0.984556815009276,0.9923588569848965,57.833333333333336,1.098126747211439,56.0,59.0,0,11370,1066528
0.9885914155657708,0.0012093131867581,0.9844687931855536,0.9914634910038946,57.6,0.50709255283711,57.0,58.0,0,11400,1066528
,,,,58.5,0.5144957554275266,58.0,59.0,0,11430,1066528
,,,,59.0,0.0,59.0,59.0,0,11460,1066528
,,,,59.8,0.7745966692414833,59.0,61.0,0,11490,1066528
,,,,58.833333333333336,0.3834824944236852,58.0,59.0,0,11520,1066528
,,,,59.0,0.8401680504168059,58.0,60.0,0,11550,1066528
,,,,59.0,1.0289915108550531,57.0,60.0,0,11580,1066528
,,,,58.0,0.5940885257860046,57.0,59.0,0,11610,1066528
0.988727790227268,0.0011853394451539,0.984452242474814,0.9928057658079652,58.66666666666666,1.137592917989042,57.0,60.0,0,11640,1066528
0.988904362041918,0.0017148956296899,0.9812271920008636,0.9983169642786904,58.66666666666666,0.4850712500726659,58.0,59.0,0,11670,1066528
0.9869618066780564,0.0180131902969233,0.7324405381829914,1.2569174599623318,59.0,0.0,59.0,59.0,0,11700,1066528
0.9895620713526592,0.0582896908187553,0.4007391352896171,1.6927520101951172,,,,,0,11730,1066528
0.9889257351989824,0.0014010421189151,0.9840542505716235,0.9933693774795104,49.6,2.898275349237888,47.0,55.0,0,11760,1066528
0.9889320086065913,0.0012918033124287,0.984260202388342,0.9931887621768432,48.6,0.50709255283711,48.0,49.0,0,11790,1066528
0.9890085762329096,0.0026022435060037,0.9673646987101606,1.0111128140626842,52.57142857142857,3.627277609605151,49.0,58.0,0,11820,1066528
0.988936397997922,0.0012671425656001,0.9837814714272728,0.9931000379728572,52.66666666666666,3.289913283319897,50.0,58.0,0,11850,1066528
0.9886940254692176,0.0013006775241551,0.9836486502030132,0.9926505140259234,52.16666666666666,2.4070973488953085,50.0,56.0,0,11880,1066528
,,,,56.0,1.1881770515720091,54.0,57.0,0,11910,1066528
,,,,54.8,1.0141851056742195,53.0,56.0,0,11940,1066528
,,,,54.66666666666666,1.8470962903655976,51.0,56.0,0,11970,1066528
,,,,56.5,1.6538724611187705,55.0,59.0,0,12000,1066528
,,,,56.0,2.9277002188456,51.0,59.0,0,12030,1066528
,,,,55.333333333333336,1.137592917989042,54.0,57.0,0,12060,1066528
,,,,58.333333333333336,1.137592917989042,56.0,59.0,0,12090,1066528
,,,,58.5,0.5144957554275266,58.0,59.0,0,12120,1066528
,,,,56.4,2.229670058871619,54.0,59.0,0,12150,1066528
0.9884250221610174,0.0012378396563598,0.984663131600346,0.9918289422218228,58.57142857142857,1.9639610121239317,54.0,60.0,0,12180,1066528
0.9885931626940844,0.0012494167219602,0.9838740914293608,0.9928329195263068,57.25,0.4522670168666454,57.0,58.0,0,12210,1066528
0.9885791075923418,0.0012847798610354,0.9841033084036248,0.9928076501362888,57.833333333333336,1.098126747211439,56.0,59.0,0,12240,1066528
0.9886171295794168,0.0013195000603449,0.98153266394252,0.9933273937062544,57.42857142857143,2.560691870792512,55.0,61.0,0,12270,1066528
0.988558042730824,0.0012987029397596,0.9841600662919524,0.9933273937062544,60.6,0.50709255283711,60.0,61.0,0,12300,1066528
0.988583279596685,0.0013202624892717,0.9833413549536548,0.9923600318476454,65.16666666666667,2.549509756796392,61.0,69.0,0,12330,1066528
0.9885372493347412,0.0013191148807203,0.9839664359098282,0.9937728320314054,62.66666666666666,3.547990317647111,59.0,69.0,0,12360,1066528
0.9885854316337542,0.0012982742733239,0.9831948048408312,0.9931472687743444,60.0,2.6186146828319083,57.0,63.0,0,12390,1066528
0.9886161933562088,0.0013981774305174,0.9848385247913386,0.9919682838011304,66.16666666666667,4.0908793819479765,60.0,72.0,0,12420,1066528
0.988666397752968,0.0014573721302371,0.9832449660046778,0.9936977018831482,64.83333333333333,2.549509756796392,62.0,69.0,0,12450,1066528
0.9886270770475332,0.0013901682265347,0.9844434319208444,0.9934307401440474,68.16666666666667,0.7071067811865476,67.0,69.0,0,12480,1066528
0.9885944363474144,0.0014406397858196,0.981485011330061,0.9981308497651648,67.16666666666667,2.007339474206065,64.0,69.0,0,12510,1066528
0.988658312556241,0.0013383297124597,0.9848810844881628,0.9919224820994936,62.0,1.5718104959867516,61.0,65.0,0,12540,1066528
,,,,67.5,1.7573375583870183,64.0,69.0,0,12570,1066528
,,,,64.33333333333333,1.5339299776947408,61.0,65.0,0,12600,1066528
0.988746595004845,0.0014408718144131,0.9844298745616216,0.992754464797706,60.6,2.0283702113484394,59.0,63.0,0,12630,1066528
0.9888559596745422,0.0013138935091931,0.984558130615171,0.9934528079867206,66.0,1.0289915108550531,65.0,67.0,0,12660,1066528
,,,,66.0,1.8786728732554483,64.0,69.0,0,12690,1066528
,,,,65.2,2.1111946516469904,63.0,69.0,0,12720,1066528
0.988783749917362,0.0013071269700981,0.9847085542008917,0.9929441858222496,62.4,0.50709255283711,62.0,63.0,0,12750,1066528
0.9888130257799193,0.0013238993208829,0.9844474110250936,0.9941570721600488,58.71428571428572,3.31877774403254,55.0,63.0,0,12780,1066528
0.9888956497232924,0.0059553650113706,0.9324035389033978,1.0599554058591474,59.5,0.5144957554275266,59.0,60.0,0,12810,1066528
0.9891550358832372,0.001607151047647,0.9849214644904436,0.9945199254018444,60.2,2.007130147392397,59.0,64.0,0,12840,1066528
0.989112394412714,0.0018479641553435,0.980380579653111,0.9994740936240818,63.57142857142857,3.18702727587055,60.0,69.0,0,12870,1066528
0.9889338507995398,0.0014219599127978,0.9848922181241409,0.9931552908190188,61.4,3.04255531702266,59.0,65.0,0,12900,1066528
0.9892301803750104,0.001384779828449,0.9848484532705172,0.9941317865414072,63.0,2.8491484796029023,60.0,67.0,0,12930,1066528
0.9891776177788606,0.0014393182118901,0.9849468446274704,0.9952650802454088,61.833333333333336,1.3826657968874303,59.0,63.0,0,12960,1066528
,,,,64.5,2.5724787771376323,62.0,68.0,0,12990,1066528
,,,,63.333333333333336,0.970142500145332,62.0,65.0,0,13020,1066528
0.98921424794932,0.0014650648080039,0.9837207201616268,0.9941627313857928,64.2,0.7745966692414833,63.0,65.0,0,13050,1066528
0.9892090506719332,0.0013340320520553,0.986173557945446,0.9929715350016686,63.42857142857143,1.0757057484009542,61.0,64.0,0,13080,1066528
,,,,64.4,2.585674822114004,62.0,69.0,0,13110,1066528
0.9891861878474342,0.0015546653881437,0.9849931812691294,0.9932721576532838,62.66666666666666,0.7669649888473704,62.0,64.0,0,13140,1066528
0.9891680621315146,0.0019049660052031,0.9741928546149629,1.0188418425378984,65.4,1.404075700034927,64.0,67.0,0,13170,1066528
,,,,61.71428571428572,1.4192553379451192,59.0,63.0,0,13200,1066528
,,,,59.4,0.50709255283711,59.0,60.0,0,13230,1066528
,,,,64.0,2.3008949665421112,61.0,67.0,0,13260,1066528
,,,,62.0,1.4552137502179978,61.0,65.0,0,13290,1066528
,,,,67.0,7.276068751089989,61.0,82.0,0,13320,1066528
,,,,82.66666666666667,0.5,82.0,83.0,0,13350,1066528
,,,,78.5,3.294380241634318,76.0,83.0,0,13380,1066528
,,,,58.8,7.866747376502837,55.0,74.0,0,13410,1066528
0.9922550363161248,0.0009846674167057,0.9893887943089158,0.9951381303916608,57.833333333333336,3.2221658773527584,55.0,62.0,0,13440,1066528
,,,,61.2,1.0141851056742195,60.0,63.0,0,13470,1066528
0.991925546817084,0.0008966478336064,0.9888944435027684,0.9953677845642032,59.333333333333336,0.4850712500726659,59.0,60.0,0,13500,1066528
0.9918851403667264,0.0008836006767332,0.9891394381319856,0.9948125524239176,60.4,1.4040757000349275,59.0,63.0,0,13530,1066528
0.9917767520803448,0.0009033242496361,0.9890844597360582,0.9948313433633914,54.5,5.170618349641274,51.0,63.0,0,13560,1066528
0.9917831326810088,0.000913407168837,0.9877456184780676,0.9949259948754632,53.4,1.919821420266553,51.0,56.0,0,13590,1066528
0.9915146121921358,0.0010069282747685,0.9881307711946532,0.9945327108683656,55.0,1.6803361008336115,53.0,58.0,0,13620,1066528
0.991611904013638,0.0009721383835816,0.988766126796792,0.9944062751078604,59.5,0.985184366143778,58.0,61.0,0,13650,1066528
,,,,59.333333333333336,2.9505732244669294,56.0,63.0,0,13680,1066528
,,,,57.5,0.985184366143778,56.0,59.0,0,13710,1066528
,,,,60.6,1.0555973258234952,59.0,62.0,0,13740,1066528
,,,,54.5,2.1213203435596424,53.0,59.0,0,13770,1066528
0.9909253799797488,0.000965183402103,0.9882265233461912,0.994066569209306,65.2,4.003569835605647,60.0,72.0,0,13800,1066528
0.9909592749393322,0.0009681567313344,0.9876009404436896,0.9935751018510628,59.0,0.0,59.0,59.0,0,13830,1066528
0.9907012162889866,0.0009645251096877,0.9875545491372364,0.9933412205787596,64.16666666666667,2.812785933177701,59.0,68.0,0,13860,1066528
0.9908699827732116,0.0020393649625606,0.9755546843056312,1.039516160309064,59.8,2.4842360136324757,57.0,63.0,0,13890,1066528
0.9909385461884505,0.0009651247457465,0.9879920026844852,0.9937097756132874,60.66666666666666,1.8470962903655976,59.0,63.0,0,13920,1066528
0.9909784853258738,0.001008353020468,0.9875722324489332,0.9939524795124262,56.833333333333336,1.098126747211439,55.0,58.0,0,13950,1066528
0.9909503075826293,0.000990169103143,0.9883559985479624,0.9941022067090888,59.333333333333336,1.137592917989042,58.0,61.0,0,13980,1066528
0.9909237584635544,0.001046082229547,0.9877850471266458,0.994550685537434,60.5,1.4245742398014511,59.0,63.0,0,14010,1066528
0.990838920280437,0.0010844796727928,0.9878774538627756,0.994319510383232,63.333333333333336,0.970142500145332,62.0,65.0,0,14040,1066528
0.99074269117223,0.0010743099898267,0.9870113714296204,0.9941593253185628,63.16666666666666,1.3826657968874303,61.0,65.0,0,14070,1066528
0.9907265281914932,0.0010619380250601,0.9855585131541508,0.9943735804223784,62.0,0.0,62.0,62.0,0,14100,1066528
0.99073204266366,0.0010569679953874,0.9877442314339984,0.993997319380661,62.333333333333336,0.970142500145332,61.0,64.0,0,14130,1066528
0.9907864275509324,0.0010385952480071,0.9868305562272938,0.9938653838978596,58.0,2.3008949665421112,54.0,61.0,0,14160,1066528
0.9906491428376196,0.0010650497968254,0.9856447306945338,0.9943979649827176,54.4,0.828078671210825,53.0,55.0,0,14190,1066528
0.9907064996389792,0.0010686771920779,0.987359810099302,0.9951099823226426,60.0,5.079370039680118,54.0,65.0,0,14220,1066528
0.9908553334552476,0.0010387107194244,0.9875712383142292,0.994263555518626,56.333333333333336,2.42535625036333,54.0,59.0,0,14250,1066528
0.9908042564596782,0.0010924538308125,0.9874997064732224,0.9941082158220048,69.66666666666667,5.434097143473411,59.0,74.0,0,14280,1066528
0.9907194470259344,0.001059998892952,0.9876071840866034,0.9944864536830704,54.4,6.434283176858165,46.0,65.0,0,14310,1066528
0.9906737424059578,0.0010939483059205,0.9859472892078056,0.9980717791311454,60.0,2.910427500435996,56.0,64.0,0,14340,1066528
0.9908899318235388,0.0016395591749986,0.9837119325865474,1.0007236791614456,62.0,0.5940885257860046,61.0,63.0,0,14370,1066528
0.990696888744632,0.0010723217471457,0.9880153934113628,0.9937212124066236,63.4,0.828078671210825,62.0,64.0,0,14400,1066528
0.9906423278011494,0.0010282412823534,0.987227013801456,0.9946178841376871,63.66666666666666,1.4142135623730951,61.0,65.0,0,14430,1066528
0.9906538445573162,0.0009612646564294,0.9882684704376388,0.9933577766680944,59.8,1.01418510567422,59.0,61.0,0,14460,1066528
,,,,62.71428571428572,1.61687529336239,61.0,65.0,0,14490,1066528
0.990533182591675,0.0010559744956564,0.986548464459699,0.994089614721158,65.0,3.086974532565159,61.0,68.0,0,14520,1066528
0.9906185293205662,0.0011057468895906,0.9872698861949502,0.9945734598617088,61.2,1.52127765851133,60.0,64.0,0,14550,1066528
0.9905648467725416,0.0011205365205652,0.9875518283242304,0.9936613495330388,59.333333333333336,0.4850712500726659,59.0,60.0,0,14580,1066528
0.9906009290598762,0.001025075708744,0.987180168314523,0.9939729688127388,60.8,0.7745966692414833,60.0,62.0,0,14610,1066528
0.9905150589576392,0.0010082185485694,0.98675126845204,0.9940921515965508,56.0,2.070196678027062,55.0,60.0,0,14640,1066528
0.9903323066456744,0.00945729153147,0.8880362313463455,1.2013343667398182,57.142857142857146,0.3585685828003181,57.0,58.0,0,14670,1066528
0.9902049714730586,0.0009636172125458,0.9875322595874528,0.9933890760002044,64.66666666666667,6.3338493081872045,55.0,69.0,0,14700,1066528
,,,,59.0,4.675162334843877,56.0,68.0,0,14730,1066528
0.9901876749738489,0.0009820135957431,0.9871034964930931,0.995031744714122,60.0,2.898275349237888,56.0,63.0,0,14760,1066528
0.9902292852331772,0.0009469430600995,0.9874191246134338,0.9928625174275894,63.6,0.50709255283711,63.0,64.0,0,14790,1066528
,,,,62.16666666666666,2.9355829163598037,60.0,68.0,0,14820,1066528
,,,,60.2,7.446955274281084,52.0,69.0,0,14850,1066528
,,,,54.66666666666666,1.4142135623730951,53.0,56.0,0,14880,1066528
,,,,65.16666666666667,4.540665926802316,59.0,69.0,0,14910,1066528
,,,,58.16666666666666,1.5048939771136507,55.0,59.0,0,14940,1066528
,,,,54.16666666666666,1.5048939771136507,53.0,57.0,0,14970,1066528
,,,,53.2,0.7745966692414833,52.0,54.0,0,15000,1066528
,,,,62.142857142857146,3.2138094885309285,57.0,67.0,0,15030,1066528
,,,,61.5,0.7859052479933758,60.0,62.0,0,15060,1066528
,,,,63.66666666666666,0.970142500145332,62.0,65.0,0,15090,1066528
,,,,60.833333333333336,0.7071067811865476,60.0,62.0,0,15120,1066528
,,,,64.0,1.5718104959867516,61.0,65.0,0,15150,1066528
,,,,63.75,0.4522670168666454,63.0,64.0,0,15180,1066528
0.9999444426817308,0.0012971703660952,0.9950806542399768,1.003847875985256,76.5,8.17423891369599,63.0,82.0,0,15210,1066528
1.0003116312108775,0.0018105740941159,0.981069002767624,1.0224040382423574,54.8,2.9568322818274875,50.0,57.0,0,15240,1066528
1.0001500526983764,0.0019212582953157,0.9855366356371232,1.0144499733982055,58.66666666666666,0.4850712500726659,58.0,59.0,0,15270,1066528
1.000120928598501,0.0014999882037124,0.9873380043142976,1.0105663026894327,57.66666666666666,1.4142135623730951,56.0,59.0,0,15300,1066528
1.0002271994306535,0.0015519036245619,0.9897302664977664,1.0207333892961767,57.16666666666666,0.7071067811865476,56.0,58.0,0,15330,1066528
1.0006508217991708,0.0991100825123995,0.5578473350896372,2.470479541593674,60.75,6.784005252999681,57.0,72.0,0,15360,1066528
0.992420466046656,0.0021276487852992,0.9765252410080704,1.0099275484199548,60.0,0.7385489458759964,59.0,61.0,0,15390,1066528
0.9925927130985558,0.001754576438506,0.9839150584939026,0.999339350996422,61.285714285714285,2.4319304501333323,58.0,64.0,0,15420,1066528
0.9921963039326532,0.0016809849258202,0.9830598302116204,0.9995698698735171,57.0,0.8401680504168059,56.0,58.0,0,15450,1066528
0.99202409962701,0.0014931921284677,0.986557817703073,0.998565814374526,53.5,1.6538724611187705,51.0,56.0,0,15480,1066528
0.9921558373914936,0.013463061368519,0.8677049643035701,1.1645865937738504,54.6,0.50709255283711,54.0,55.0,0,15510,1066528
0.9926561943919968,0.030165588990324,0.7381273022502827,1.3862423672973423,62.25,6.5383484153110105,56.0,69.0,0,15540,1066528
0.9917080436094158,0.0514219521225458,0.5758962908817612,1.7740705913751091,76.8,6.08511063404532,69.0,83.0,0,15570,1066528
0.9895356604217754,0.0152131723073386,0.8174718068438263,1.1157777909346287,71.5,7.717436331412898,65.0,82.0,0,15600,1066528
0.9884336090178538,0.0873397170424573,0.3287504502095929,2.155427760786288,75.66666666666667,11.742331665439211,63.0,87.0,0,15630,1066528
0.9847970620838996,0.0014046077346568,0.9789449859827926,0.9902203075916188,62.0,1.2792042981336629,61.0,64.0,0,15660,1066528
0.9847026906868532,0.0016042553802274,0.9790343170776652,0.9915864959495566,63.85714285714285,2.65114530506561,59.0,67.0,0,15690,1066528
0.984729275505118,0.0016415830796445,0.9763165128800444,0.9930126520333664,65.16666666666667,2.549509756796392,61.0,68.0,0,15720,1066528
0.9888527564209476,0.0732545634836181,0.5591269803454847,2.227179536218412,70.0,1.4552137502179978,68.0,72.0,0,15750,1066528
0.987683700489644,0.0356002736424295,0.6793562030142435,1.4690557377370608,71.2,2.007130147392397,69.0,74.0,0,15780,1066528
0.9874821096182886,0.001865523021695,0.97859984065597,0.994340018926172,63.833333333333336,2.4070973488953085,62.0,69.0,0,15810,1066528
0.9875663817344416,0.0039421245706829,0.9330440624573848,1.0266788483024083,61.833333333333336,0.7071067811865476,61.0,63.0,0,15840,1066528
0.9875899250161112,0.0018222553073802,0.979507118888408,0.9959276497993516,61.2,2.4842360136324757,59.0,65.0,0,15870,1066528
0.9877099793736582,0.0020365455507777,0.9732216471088484,1.008956651594215,55.0,0.9486832980505138,54.0,57.0,0,15900,1066528
0.98759045918375,0.0017842354545122,0.9806227990887476,0.9935543333615932,58.8,0.4140393356054125,58.0,59.0,0,15930,1066528
0.9878093535328866,0.0017670355173572,0.9793067218665916,0.9941315623307512,57.5,1.2947859237091257,56.0,59.0,0,15960,1066528
0.9878165833417472,0.0018552441035359,0.9799048643200524,0.9947159732573164,55.5,0.5144957554275266,55.0,56.0,0,15990,1066528
0.9881489425954904,0.0021499801938552,0.9756740096398336,1.0095934028467648,55.0,0.0,55.0,55.0,0,16020,1066528
0.9880109135764072,0.0017017373843071,0.9804173569811888,0.9939001073395808,54.42857142857143,0.50709255283711,54.0,55.0,0,16050,1066528
0.9881674299264116,0.001672043567733,0.979192912749158,0.9944236954136804,53.4,0.50709255283711,53.0,54.0,0,16080,1066528
0.9880547666387156,0.0017458596933192,0.9806655576236274,0.9953422489813292,54.0,1.4552137502179978,53.0,57.0,0,16110,1066528
0.9881917354646248,0.0019674800991835,0.9718745534703644,1.004443231923532,56.16666666666666,2.255711704566354,54.0,59.0,0,16140,1066528
0.9880072892934356,0.001580330480218,0.9809132086326956,0.9935773526226784,53.2,0.4140393356054125,53.0,54.0,0,16170,1066528
0.9884148818462284,0.0027783189288337,0.9610648315972704,1.0268822554121235,56.333333333333336,2.1143765594836976,54.0,59.0,0,16200,1066528
0.9883010017317084,0.0017541756397332,0.9787674217027964,1.0016451438549685,52.5,0.5144957554275266,52.0,53.0,0,16230,1066528
0.9884963799466344,0.0016395036514139,0.9807868458272724,0.9938323062306036,52.0,0.0,52.0,52.0,0,16260,1066528
0.988312231501346,0.0017097063834662,0.9792742768563104,0.9934902619197936,52.833333333333336,0.7071067811865476,52.0,54.0,0,16290,1066528
0.9884036949430148,0.0026057852057065,0.9617873336348998,1.0409491557328148,57.0,2.6568446566202857,54.0,61.0,0,16320,1066528
0.9883974568162612,0.0016717321573168,0.9801851606081016,0.9943214629536768,59.0,1.3284223283101428,57.0,61.0,0,16350,1066528
0.9884820569952242,0.0018219090250161,0.9747091239976878,0.9951686359373824,56.333333333333336,2.0291986247835694,54.0,59.0,0,16380,1066528
0.9883317274336249,0.0021235328982326,0.964329550078504,1.010076619788301,56.833333333333336,1.2485285456935955,55.0,59.0,0,16410,1066528
0.9885690167852912,0.0021590940831497,0.9713917859003236,1.0110963409422566,55.4,0.828078671210825,54.0,56.0,0,16440,1066528
0.9885422737522372,0.0016243553532905,0.9816449553396532,0.9946624057463768,54.66666666666666,0.4850712500726659,54.0,55.0,0,16470,1066528
0.9886440416445051,0.0018528913813571,0.9788200437753256,1.0056371851167298,54.0,0.0,54.0,54.0,0,16500,1066528
0.9886625588287145,0.0017383639719294,0.98035507957028,0.9998643155981366,54.833333333333336,0.9235481451827988,54.0,56.0,0,16530,1066528
0.988681685922689,0.0016666687192088,0.9813366811048284,0.9945435557951696,56.833333333333336,0.7071067811865476,56.0,58.0,0,16560,1066528
0.9886030775212644,0.0017436709202603,0.9816340201373116,0.9949624739036442,57.16666666666666,0.9235481451827988,56.0,59.0,0,16590,1066528
0.9886383222582492,0.0016299468332045,0.9819824027256548,0.994197559173055,57.0,0.6546536707079771,56.0,58.0,0,16620,1066528
0.9886140507487076,0.0017204131376697,0.9818543497290928,0.994442746038152,60.2,1.780850519113991,58.0,63.0,0,16650,1066528
0.9886444568395946,0.0017182716218735,0.9803417434580096,0.994966124691273,57.57142857142857,0.50709255283711,57.0,58.0,0,16680,1066528
0.9887723944180566,0.0017332203103119,0.9809875501283948,0.995392136317552,58.6,3.04255531702266,56.0,64.0,0,16710,1066528
0.988788309204272,0.0019562744313334,0.97134308383426,1.001974387367152,56.0,0.0,56.0,56.0,0,16740,1066528
0.9887379754615038,0.0016930678245856,0.9806529560196818,0.9950518225013107,56.5,0.5144957554275266,56.0,57.0,0,16770,1066528
0.988772465343126,0.0017022945216609,0.9809690368513676,0.9952609892452682,57.8,1.01418510567422,57.0,59.0,0,16800,1066528
0.988818277017638,0.0016917748327925,0.9812819448677784,0.9953888165805412,56.66666666666666,1.4142135623730951,55.0,59.0,0,16830,1066528
0.9888794300123218,0.0016407833927235,0.9813841968334472,0.9945257521971363,57.4,1.6818357317441646,55.0,59.0,0,16860,1066528
0.9888276544229306,0.001707599382143,0.9813807738598,0.9955005800968176,56.833333333333336,3.053445498410723,54.0,61.0,0,16890,1066528
0.988945831434066,0.0016888068949626,0.9815030877778632,0.9946287345841712,59.5,1.855040827202527,58.0,62.0,0,16920,1066528
0.9887452618517464,0.0017157925076443,0.9812905639459956,0.9945157587065424,58.833333333333336,0.7071067811865476,58.0,60.0,0,16950,1066528
0.9888042817727584,0.001709804307955,0.9808504777005362,0.9952824511734144,59.0,0.0,59.0,59.0,0,16980,1066528
0.9887035468507912,0.0016859471618232,0.9803211974245736,0.9947407712493792,59.0,0.0,59.0,59.0,0,17010,1066528
0.9888655831004644,0.0017086667163302,0.9810631816026528,0.9945191863610726,59.333333333333336,0.4850712500726659,59.0,60.0,0,17040,1066528
0.9888168109973458,0.0017151884810032,0.9810713566406932,0.9951691608090958,59.0,0.0,59.0,59.0,0,17070,1066528
0.989041814293474,0.0021294077188775,0.9802074831190896,0.9984785360578464,60.333333333333336,0.970142500145332,59.0,61.0,0,17100,1066528
0.9888158744467864,0.0016437822849588,0.9814019591425064,0.9948541308837292,58.16666666666666,1.2485285456935955,57.0,60.0,0,17130,1066528
0.988951797937227,0.001698740683989,0.9812999726864512,0.9951597686137136,58.0,0.9258200997725514,57.0,59.0,0,17160,1066528
0.9888061941183032,0.0016810668853087,0.9776642756245724,0.9974009733796432,57.6,1.804755622554715,55.0,59.0,0,17190,1066528
0.9911290201712766,0.0328383059034997,0.7391013596709656,1.3137793711779082,57.5,1.2947859237091257,56.0,59.0,0,17220,1066528
0.9928662533638072,0.040816536577426,0.6652793810239876,1.2660374372048169,59.0,0.0,59.0,59.0,0,17250,1066528
1.008057705272274,0.1245920974684417,0.4603058495177853,2.32568152220888,65.0,0.0,65.0,65.0,0,17280,1066528
1.0026553718519449,0.0071931673228756,0.8519737507078783,1.1484920650050394,80.66666666666667,12.678722333105966,65.0,94.0,0,17310,1066528
1.002539988300938,0.0011130329730128,0.998581133494605,1.0059388913595746,58.66666666666666,2.95057322446693,55.0,63.0,0,17340,1066528
1.0025573350261263,0.0011512455215571,0.99854163909132,1.0070442604765144,59.285714285714285,1.0555973258234952,58.0,61.0,0,17370,1066528
1.0023055117913633,0.0015325944995384,0.9906810621128326,1.021547613128424,59.833333333333336,0.9235481451827988,59.0,61.0,0,17400,1066528
1.0023062736392456,0.001054674889432,0.9985273947143964,1.0059613376939394,59.6,0.50709255283711,59.0,60.0,0,17430,1066528
1.0023526844004345,0.0013199869055328,0.9829520314797208,1.0153556267762198,59.16666666666666,0.3834824944236852,59.0,60.0,0,17460,1066528
1.002393892897154,0.0012903333174111,0.9917508887108548,1.0127062539825948,55.66666666666666,1.8470962903655976,54.0,58.0,0,17490,1066528
1.002302638093265,0.0066382414269709,0.9604987423476358,1.1546240517215332,58.66666666666666,0.9701425001453318,57.0,60.0,0,17520,1066528
1.001700937809104,0.0011133314844277,0.9954347283670286,1.0058394145824323,51.8,1.0141851056742195,50.0,53.0,0,17550,1066528
1.0019241508583354,0.0011509697897721,0.9981840841857628,1.0062623079807125,53.5,1.4245742398014511,52.0,56.0,0,17580,1066528
1.0018214561924257,0.0011438942584496,0.9980779145026454,1.005872386347796,54.0,2.1712405933672376,52.0,57.0,0,17610,1066528
1.0019660527005951,0.0010996635310238,0.9980037164726092,1.0051992989069083,53.833333333333336,1.2485285456935955,53.0,56.0,0,17640,1066528
1.001914322184034,0.0011472911032224,0.9977546406849932,1.005352446182616,57.5,1.4245742398014511,55.0,59.0,0,17670,1066528
1.0020112316662195,0.0010985119401002,0.99868745590934,1.0054094082279368,54.16666666666666,2.007339474206065,52.0,58.0,0,17700,1066528
1.001920922209964,0.0011195530585806,0.9982765352472328,1.0065285831281,55.8,1.0141851056742195,54.0,57.0,0,17730,1066528
1.0020505474715813,0.0011027792593192,0.9982602063354324,1.005680250436693,56.16666666666666,1.098126747211439,55.0,58.0,0,17760,1066528
1.0019277117750625,0.0011728284404579,0.9935479880456808,1.0100458388529998,56.0,0.0,56.0,56.0,0,17790,1066528
1.0020754596253076,0.0030360403589112,0.9689470063970784,1.0578183003412542,56.2,0.4140393356054125,56.0,57.0,0,17820,1066528
1.0021760835082216,0.001049466999943,0.9990959872337694,1.005562897867269,56.0,0.0,56.0,56.0,0,17850,1066528
1.0020556682048627,0.0010748569463703,0.9981604592794688,1.0061146362510438,55.833333333333336,1.098126747211439,55.0,58.0,0,17880,1066528
1.0021620235981832,0.0010227477818084,0.998024207184946,1.005266077364784,54.833333333333336,0.7071067811865476,54.0,56.0,0,17910,1066528
1.0022941646689283,0.0010783587882415,0.9978523953232462,1.0060383274679052,56.333333333333336,1.8470962903655976,54.0,59.0,0,17940,1066528
1.002211238869014,0.0010376535123939,0.9985789201947036,1.005964302625123,56.0,0.6546536707079771,55.0,57.0,0,17970,1066528
1.0022597276553995,0.0013080995130532,0.9970121813627054,1.0098569050274695,56.66666666666666,0.4850712500726659,56.0,57.0,0,18000,1066528
1.0021231998907256,0.0010928236767579,0.9985399795903768,1.006005251715477,55.66666666666666,1.5339299776947408,54.0,58.0,0,18030,1066528
1.0021600038469192,0.001225785657693,0.9926402032447004,1.00866541136705,56.5,0.5144957554275266,56.0,57.0,0,18060,1066528
1.0021431002717804,0.0010641448698915,0.9984016525178282,1.0057483461098655,57.16666666666666,0.3834824944236852,57.0,58.0,0,18090,1066528
1.002180443759072,0.0011118938450436,0.9975138620778812,1.0056588008462115,57.2,1.01418510567422,56.0,58.0,0,18120,1066528
1.0021246623933202,0.0011215627560009,0.998363969790622,1.005570013742047,56.16666666666666,0.7071067811865476,55.0,57.0,0,18150,1066528
1.0022479332446752,0.0010617529659849,0.9985650358992648,1.0052398831808704,57.66666666666666,1.137592917989042,56.0,59.0,0,18180,1066528
1.0021420597320418,0.0011147462393421,0.9985339116962328,1.0054405392419286,56.5,0.5144957554275266,56.0,57.0,0,18210,1066528
1.0022833044717416,0.0011650996801257,0.991914398608136,1.0106884778303402,58.2,0.4140393356054125,58.0,59.0,0,18240,1066528
1.0022736230443063,0.0010432613929449,0.9989474483352316,1.0059903230088298,58.0,1.4552137502179978,56.0,59.0,0,18270,1066528
1.002221836434054,0.0010687415899081,0.9975877873909093,1.006325242143677,57.833333333333336,1.2485285456935955,56.0,59.0,0,18300,1066528
1.0022312716565491,0.0010700964075498,0.9984829116064682,1.0051375629577526,58.333333333333336,1.5339299776947408,55.0,59.0,0,18330,1066528
1.002274368139778,0.0010702157067193,0.9986101798077616,1.005731650271448,59.0,0.0,59.0,59.0,0,18360,1066528
1.0022663084331198,0.0010741199496022,0.9987346672403136,1.0053087710501434,58.2,0.7745966692414833,57.0,59.0,0,18390,1066528
1.0023156761897625,0.0010541948442174,0.9987345389381804,1.0059464725803953,57.16666666666666,0.3834824944236852,57.0,58.0,0,18420,1066528
1.0021958849820516,0.0010618602061211,0.9989088399781734,1.0061203986374845,55.66666666666666,0.4850712500726659,55.0,56.0,0,18450,1066528
1.0021495341143003,0.0011786651666906,0.9892403811998478,1.009342160584036,56.66666666666666,1.137592917989042,55.0,58.0,0,18480,1066528
1.0021204929356304,0.0010694074016417,0.9990858055868924,1.006169740963606,57.66666666666666,1.4142135623730951,55.0,59.0,0,18510,1066528
1.0022670573421923,0.0012095400042281,0.9915753795174476,1.0088301983382584,58.833333333333336,0.3834824944236852,58.0,59.0,0,18540,1066528
1.0022185697951125,0.0010126989712944,0.9983183161203596,1.005746726363561,58.6,0.50709255283711,58.0,59.0,0,18570,1066528
1.002280484984321,0.0010018006961763,0.9985618400590222,1.0054517777405538,57.5,0.7859052479933758,57.0,59.0,0,18600,1066528
1.002219174553301,0.0010363981539485,0.9985618400590222,1.0057738728465608,57.6,0.50709255283711,57.0,58.0,0,18630,1066528
1.0022090818483618,0.0010441481655991,0.9981059891402616,1.005919859781499,58.0,0.5940885257860046,57.0,59.0,0,18660,1066528
1.0022098332472975,0.0010214644496026,0.9994223555977224,1.005482556215497,57.16666666666666,1.3826657968874303,55.0,59.0,0,18690,1066528
1.0022945216515973,0.0009918727827386,0.9992454764021153,1.0056949927589875,59.16666666666666,0.9235481451827988,58.0,61.0,0,18720,1066528
1.0022146728831312,0.0010737946069408,0.9949967708866496,1.0072385006966371,59.0,0.0,59.0,59.0,0,18750,1066528
1.002334642021972,0.0010201732034018,0.9980539564164504,1.0067107429950124,59.2,0.7745966692414833,58.0,60.0,0,18780,1066528
1.0022063106349297,0.0010157411199314,0.9984862559732108,1.005362083978827,57.57142857142857,1.2071217242444343,56.0,59.0,0,18810,1066528
1.002251438800272,0.0009740681733549,0.9987910683853156,1.0059137695768658,58.66666666666666,0.4850712500726659,58.0,59.0,0,18840,1066528
1.0022742866066807,0.0010484701074303,0.9975914279878862,1.0054196567674862,58.8,0.4140393356054125,58.0,59.0,0,18870,1066528
1.002669549879203,0.0012438461129266,0.9975292751425844,1.0076493684446588,57.66666666666666,1.137592917989042,56.0,59.0,0,18900,1066528
1.0027433032327653,0.0009932590129992,0.9990752563742432,1.0055706276385266,58.5,1.9478494929174643,56.0,61.0,0,18930,1066528
1.0028411578397922,0.0115814843477234,0.8424388321439189,1.1922434109904612,59.5,0.5144957554275266,59.0,60.0,0,18960,1066528
1.0151228719752063,0.0400782489286368,0.7183482736752765,1.6970529453033574,60.0,0.0,60.0,60.0,0,18990,1066528
1.015112347988184,0.0018211654266088,1.0024278302235328,1.0245332306060695,56.5,2.1213203435596424,54.0,59.0,0,19020,1066528
1.0151666010429157,0.0014744632081044,1.0051418723815508,1.0232368110856649,51.0,2.786522184076944,48.0,56.0,0,19050,1066528
1.0083985479490865,0.0137689545707236,0.8365392072334267,1.1755666426324158,65.33333333333333,10.588562086460255,52.0,82.0,0,19080,1066528
1.0029086526981683,0.0019874220432616,0.9875540020649404,1.0297184331989693,59.25,14.328135068649184,51.0,83.0,0,19110,1066528
1.0054800136308917,0.0279556878719356,0.7221813231073065,1.2307912037569817,57.0,1.1881770515720091,56.0,59.0,0,19140,1066528
1.005235583218302,0.0013335096340184,0.9978885213973652,1.0124383935371375,52.833333333333336,3.053445498410723,50.0,57.0,0,19170,1066528
1.005268985812707,0.0011269705604387,1.0017097351409838,1.0095146137563338,52.16666666666666,1.098126747211439,51.0,54.0,0,19200,1066528
1.0052277111380696,0.0011003392695041,1.0015416570100717,1.0087941065195811,55.4,2.414243448488869,52.0,59.0,0,19230,1066528
1.0090161534379818,0.0265059596628725,0.8332658481089275,1.3142567086724344,55.5,4.3555238761019455,51.0,61.0,0,19260,1066528
1.0119745337188064,0.0034521252120171,0.9868642738853708,1.0512859463007436,61.8,0.4140393356054125,61.0,62.0,0,19290,1066528
1.0118820195010385,0.0014188182787712,1.0038784289882814,1.024329857976077,55.833333333333336,2.7493314695415982,52.0,59.0,0,19320,1066528
1.0119887689448297,0.0013269636393367,1.0059402840207317,1.0207994857751106,59.6,0.828078671210825,59.0,61.0,0,19350,1066528
1.011895377800773,0.0017063936318602,0.996034612835573,1.0343147307124896,60.142857142857146,0.8535639569308374,59.0,61.0,0,19380,1066528
1.0119476239989558,0.0012326948586908,1.0080493947477671,1.016187030220446,59.5,0.5144957554275266,59.0,60.0,0,19410,1066528
1.011867958036364,0.0014871310625672,0.9937430259710304,1.029440677097622,60.833333333333336,0.3834824944236852,60.0,61.0,0,19440,1066528
1.0119721200592986,0.0023671733430031,0.9848198798443246,1.0515951158663583,59.5,0.985184366143778,58.0,61.0,0,19470,1066528
1.0118917770449416,0.0017000094506566,0.9996679965039044,1.0293759004761915,57.0,0.0,57.0,57.0,0,19500,1066528
1.0119194257227804,0.0014406436874255,1.0056228590077991,1.017936266076521,56.0,1.4552137502179978,53.0,57.0,0,19530,1066528
1.011905800327875,0.0012874432904935,1.0071142769641088,1.015724240668268,56.833333333333336,1.7235394498804248,54.0,59.0,0,19560,1066528
1.0118873137340776,0.0013221083147565,1.0065533225256076,1.0172834337159382,58.333333333333336,1.4142135623730951,57.0,61.0,0,19590,1066528
1.0117690893216378,0.0013109449964563,1.0072820951860952,1.0168429985294878,58.0,1.1338934190276817,57.0,60.0,0,19620,1066528
1.011836097011,0.0013049453627569,1.0073183221372874,1.0165519348041443,57.71428571428572,1.0555973258234952,56.0,59.0,0,19650,1066528
1.011745277345902,0.0016642423247126,0.998818037025944,1.02346291747716,59.5,0.985184366143778,58.0,61.0,0,19680,1066528
1.0118243637387037,0.0013136550068841,1.007299540668152,1.0163256342654357,61.66666666666666,2.8284271247461903,59.0,65.0,0,19710,1066528
1.011808671621169,0.0025038022670077,0.9943903571588474,1.0533375164235537,63.8,0.4140393356054125,63.0,64.0,0,19740,1066528
1.0118532068266648,0.0012597465485002,1.0072663629607512,1.0166116995668504,63.16666666666666,1.098126747211439,62.0,65.0,0,19770,1066528
1.0116755711820935,0.0015356280732554,1.0021965103991533,1.016930707737071,60.4,1.0555973258234952,59.0,62.0,0,19800,1066528
1.0118845274514223,0.0036009609735344,0.9846686069932616,1.0474458709763763,66.0,3.4641016151377544,60.0,69.0,0,19830,1066528
1.0121862043507976,0.0017166015645504,0.9904610599490724,1.027476881798408,63.5,4.06201920231798,60.0,69.0,0,19860,1066528
1.012185456682284,0.0012512523709103,1.0081085237888676,1.01679525235922,59.0,0.9258200997725514,58.0,60.0,0,19890,1066528
1.0121380382296303,0.0012227195869849,1.007248303372366,1.0161128184737902,59.833333333333336,2.007339474206065,58.0,63.0,0,19920,1066528
1.0121593049946025,0.0013062571087787,1.0075702266916535,1.0165491132256572,65.83333333333333,2.093407017561676,63.0,69.0,0,19950,1066528
1.0122116197007365,0.0012915916629822,1.007084635976083,1.017604552477685,62.6,4.610546915187271,59.0,69.0,0,19980,1066528
1.0122368507238182,0.0024386278011972,0.988682575591504,1.059703872680906,61.66666666666666,3.235828832817663,59.0,67.0,0,20010,1066528
1.0121888663583878,0.0013112919774286,1.002493603649769,1.0241458368999503,62.333333333333336,3.0097879542273014,58.0,65.0,0,20040,1066528
1.012084749123552,0.0012778699539097,1.0074652703319604,1.0171924881487575,59.0,4.806245936279167,54.0,68.0,0,20070,1066528
1.0120126339585236,0.0014001804305648,1.0030784444743193,1.0204331326530565,62.8,3.098386676965934,59.0,67.0,0,20100,1066528
1.0121396409557093,0.0012910780506667,1.007264994589398,1.0236894859406782,58.5,0.5144957554275266,58.0,59.0,0,20130,1066528
1.0120064653949146,0.0022299688386508,0.970772213814492,1.0419919828761162,65.66666666666667,0.970142500145332,65.0,67.0,0,20160,1066528
1.0119569375346105,0.0020854775883482,0.997666131964682,1.0383723430762108,60.16666666666666,1.7235394498804248,59.0,63.0,0,20190,1066528
1.0119606207059086,0.0014466225737522,1.0020120423239385,1.0217640783354491,59.0,0.0,59.0,59.0,0,20220,1066528
1.0121186766645265,0.0011963112707428,1.0075168795355094,1.0157552866784696,62.8,2.3964259101539405,60.0,67.0,0,20250,1066528
1.012112930331058,0.0012605683793039,1.0072878041050333,1.017410404207943,61.8,0.7745966692414833,61.0,63.0,0,20280,1066528
1.01232216080669,0.0011966425385815,1.0081887116126524,1.016207355036156,65.0,4.024922359499621,59.0,68.0,0,20310,1066528
1.0123520321638797,0.0028135222364324,0.978681896663119,1.042820086158159,63.2,3.23375058672478,59.0,67.0,0,20340,1066528
1.0122425275655058,0.0012462954574687,1.007815280075858,1.015466838517231,62.4,0.50709255283711,62.0,63.0,0,20370,1066528
1.012403244687049,0.0012777253485381,1.0083867738331804,1.0169177807262002,60.16666666666666,3.1669246540936022,58.0,67.0,0,20400,1066528
1.012470949776566,0.0012298808513668,1.0083296061971057,1.0169701780927405,62.0,3.0292689857844075,59.0,67.0,0,20430,1066528
1.012420328666071,0.0017116196434802,0.9990594207847748,1.0236109703073035,65.0,2.5205041512504174,62.0,68.0,0,20460,1066528
1.012412720710718,0.0013627985087501,1.0039432670207318,1.0196479501269102,63.16666666666666,2.007339474206065,60.0,65.0,0,20490,1066528
1.0124301900354955,0.0012864831580773,1.0084907299010737,1.0168343848822678,64.33333333333333,3.0097879542273014,61.0,68.0,0,20520,1066528
1.0124274500949342,0.0013380942105986,1.007414489605649,1.021574294383962,68.0,0.0,68.0,68.0,0,20550,1066528
1.0123981382041145,0.0016529389249578,1.0010456199168998,1.0239954779838971,64.0,3.757345746510897,60.0,69.0,0,20580,1066528
1.0125201691489063,0.0020271038840735,1.00034624147607,1.056047169810331,64.2,3.668397859712446,58.0,68.0,0,20610,1066528
1.0125744527767249,0.0014826915742478,1.0042703514566036,1.0214648597764584,61.333333333333336,6.552951737239352,56.0,74.0,0,20640,1066528
1.0125488625374803,0.0012416706982401,1.008216114701476,1.0164110899162653,71.71428571428571,1.9530196400153568,69.0,74.0,0,20670,1066528
1.012208574886445,0.0015225938117685,1.0050730668378045,1.0173378727184494,62.6,4.171330722922843,59.0,68.0,0,20700,1066528
1.012433402535308,0.0022217334622691,0.9886316631088596,1.0382513206757022,62.333333333333336,2.196253494422878,60.0,65.0,0,20730,1066528
1.012554737644732,0.0028233374325836,0.9782532085025532,1.0491106273776518,66.5,1.1504474832710556,65.0,68.0,0,20760,1066528
1.0125113414953792,0.0012927721388856,1.005586036079564,1.0178697884083403,64.5,0.5144957554275266,64.0,65.0,0,20790,1066528
1.0125398212250296,0.00137219883098,1.0044045771143169,1.0197482317494353,63.2,1.207121724244435,62.0,65.0,0,20820,1066528
1.0125769260501294,0.0015518288089619,0.9977305475507604,1.0224074455077192,71.0,7.377572190671632,58.0,77.0,0,20850,1066528
1.0125301975966878,0.0012900821071175,1.0075912052313032,1.0170067127704714,58.16666666666666,1.2485285456935955,56.0,60.0,0,20880,1066528
1.0125768452428556,0.001914965243537,0.991489792718619,1.0317573920513532,58.8,0.4140393356054125,58.0,59.0,0,20910,1066528
1.0125820145811923,0.0013126743557067,1.0074202573678075,1.016738171336854,61.0,1.5491933384829668,59.0,64.0,0,20940,1066528
1.0126197233531058,0.0013086166882493,1.0033781197378284,1.019943136256399,61.5,2.706202027152575,58.0,65.0,0,20970,1066528
1.0127368423232406,0.0012713765627331,1.0081449251137506,1.0167468714277366,60.2,1.207121724244435,59.0,62.0,0,21000,1066528
1.0130581558795833,0.0044044679270319,0.9739685658549048,1.0517836711609665,59.8,1.52127765851133,58.0,62.0,0,21030,1066528
1.0128802998530673,0.0020193762175051,0.9808784911893522,1.0372844654972184,56.66666666666666,3.2899132833198976,53.0,61.0,0,21060,1066528
1.012719598268709,0.0013075383073223,1.0083378292907044,1.0170126431799262,63.2,0.7745966692414833,62.0,64.0,0,21090,1066528
1.012753327014673,0.0012976198841468,1.0078175773808176,1.0174924099453766,64.85714285714286,1.9309509130403677,63.0,68.0,0,21120,1066528
1.012594187337122,0.0013097944786193,1.008299790679766,1.0169891885615845,67.0,2.1712405933672376,63.0,69.0,0,21150,1066528
1.0125984214134318,0.0014096875161386,1.0039487267189944,1.026871629699224,65.0,1.816590212458495,63.0,69.0,0,21180,1066528
1.0126819033436445,0.0027431904579801,0.9867798403154778,1.034325187571003,64.6,0.50709255283711,64.0,65.0,0,21210,1066528
1.012662842502458,0.0015787599386506,1.0040469281383515,1.0209660061399009,65.0,3.2539568672798427,61.0,68.0,0,21240,1066528
1.0127788596361362,0.0016960684785644,1.0035204702948115,1.0259802799420172,64.83333333333333,2.4070973488953085,61.0,68.0,0,21270,1066528
1.012763423051643,0.0014621123489391,1.0059540144200776,1.0210473322046634,73.0,1.3093073414159542,71.0,74.0,0,21300,1066528
1.012809372971308,0.0013430318041107,1.007667956235411,1.0178534595020348,59.66666666666666,0.970142500145332,59.0,61.0,0,21330,1066528
1.0128800108027636,0.0015364168561539,1.0013763364107422,1.0245921471342878,62.16666666666666,2.549509756796392,59.0,65.0,0,21360,1066528
1.012775148004683,0.0012667643082303,1.0072682442332728,1.0172952528772017,62.333333333333336,0.7669649888473704,62.0,64.0,0,21390,1066528
1.0127555468737748,0.002632017848527,0.980116494380673,1.0754222536184008,62.16666666666666,1.098126747211439,61.0,64.0,0,21420,1066528
1.0094325090763698,0.0108108918236856,0.8195978141093533,1.1216333949988606,62.0,0.6546536707079771,61.0,63.0,0,21450,1066528
1.0092886485669297,0.0012953756322586,1.0048643222718827,1.013748696226111,56.6,6.853570498027183,48.0,62.0,0,21480,1066528
1.009322381702083,0.0034825075627447,0.962130425789612,1.0520719574101909,53.0,1.6803361008336115,50.0,55.0,0,21510,1066528
1.0086740610920624,0.002176265959251,0.9720667004809752,1.0550396486606226,59.333333333333336,5.167773442493506,54.0,65.0,0,21540,1066528
1.0086524379443915,0.0013039880040739,1.0045133975613565,1.0131941434508394,59.833333333333336,0.9235481451827988,59.0,61.0,0,21570,1066528
1.008534547222595,0.0013141974331567,1.003784188306361,1.0126595220065528,58.333333333333336,0.4850712500726659,58.0,59.0,0,21600,1066528
1.00860238185752,0.0021693976426156,0.9866834970376316,1.0346577158921737,58.66666666666666,0.4850712500726659,58.0,59.0,0,21630,1066528
1.008569158615897,0.0013430317201133,1.0033245633422716,1.014650978840744,60.0,0.9258200997725514,59.0,61.0,0,21660,1066528
1.008542643028442,0.0012755985252827,1.003903803426409,1.0139397681769071,59.833333333333336,0.9235481451827988,59.0,61.0,0,21690,1066528
1.0084485650588653,0.0013688686839821,1.0010769913774016,1.0143766771113971,62.2,1.65615734242165,61.0,65.0,0,21720,1066528
1.0085371556509424,0.0012405938606864,1.004388215917909,1.0128961708864044,62.66666666666666,1.137592917989042,62.0,65.0,0,21750,1066528
1.0084130426709952,0.0012803791166656,1.00428198109635,1.014142384891313,64.16666666666667,2.093407017561676,61.0,67.0,0,21780,1066528
1.008382598650294,0.0012802621890637,1.0012920382964303,1.0167312812483835,58.8,0.4140393356054125,58.0,59.0,0,21810,1066528
1.0084010224949498,0.0012468806773301,1.003638865788397,1.0129245159135256,62.66666666666666,0.7669649888473704,61.0,63.0,0,21840,1066528
1.0083410583159234,0.0035514228287406,0.9617487462379872,1.0477812989061075,60.6,1.4040757000349275,59.0,62.0,0,21870,1066528
1.0083913688453516,0.0011747600598028,1.004522290938444,1.012536281278834,58.333333333333336,1.137592917989042,57.0,60.0,0,21900,1066528
1.0083391164537894,0.0018432258000444,0.9918203535463668,1.025794876568893,60.0,2.786522184076944,56.0,63.0,0,21930,1066528
1.0082919978563325,0.0013912385782829,0.9985797460610294,1.0219348379625093,68.5,3.451342449813167,63.0,72.0,0,21960,1066528
1.0082856257112487,0.001192193833822,1.0033505049784048,1.0130374652281622,60.833333333333336,3.823303160726799,58.0,69.0,0,21990,1066528
1.0082520849095835,0.0078087490972771,0.8418401391330482,1.0990361624587155,61.16666666666666,2.176073095658108,59.0,64.0,0,22020,1066528
1.0081589840483218,0.0013602514955191,0.9993549051506676,1.0155802594014716,66.66666666666667,1.2833778958394957,65.0,68.0,0,22050,1066528
1.0082706381640427,0.0024817522410321,0.9782177410778952,1.029294418561769,65.33333333333333,0.7669649888473704,65.0,67.0,0,22080,1066528
1.008255943602252,0.0012169017344809,1.00405332570619,1.013108408498444,66.2,1.52127765851133,65.0,68.0,0,22110,1066528
1.0082175181282078,0.0011560036343651,1.0049922044955473,1.0127347237219873,63.833333333333336,1.098126747211439,62.0,65.0,0,22140,1066528
1.008141505345716,0.0011961836516017,1.0040124831135169,1.012674672695891,58.333333333333336,4.01467894841213,53.0,62.0,0,22170,1066528
1.008249830555608,0.0019856857565075,0.988509802326168,1.026350384031706,63.8,1.0141851056742195,62.0,65.0,0,22200,1066528
1.0081680502235757,0.0011959308934087,1.0044622192715762,1.012075259159614,61.0,1.5491933384829668,59.0,63.0,0,22230,1066528
1.0082141982841624,0.0012374177365575,1.0042685928678097,1.0132818178506215,59.833333333333336,2.255711704566354,57.0,62.0,0,22260,1066528
1.008117134174137,0.0020846637490955,0.9838831037291828,1.02664496472394,63.0,0.6546536707079771,62.0,64.0,0,22290,1066528
1.008099346148841,0.001350242213387,0.9988164315916064,1.0156286211914718,59.333333333333336,3.395498750508662,55.0,63.0,0,22320,1066528
1.0081151211777122,0.001229918610435,1.0016835863472555,1.012598483299126,55.6,1.0555973258234952,54.0,57.0,0,22350,1066528
1.008162315693903,0.0029547922676154,0.9870068289464112,1.0313253377624056,56.16666666666666,0.7071067811865476,55.0,57.0,0,22380,1066528
1.0081114772196933,0.005235522030264,0.9427753713462288,1.0650460446537229,59.6,2.229670058871619,57.0,62.0,0,22410,1066528
1.0080174709786989,0.0012039630697026,1.003310748637734,1.0141370376912582,55.2,4.003569835605647,50.0,62.0,0,22440,1066528
1.008014620001884,0.001179229965446,1.0038396653205333,1.0124513317291357,62.85714285714285,0.6546536707079771,62.0,64.0,0,22470,1066528
1.0079873724803468,0.0012280906986215,1.0030069248319025,1.0131412983605543,62.2,2.3964259101539405,59.0,65.0,0,22500,1066528
1.0079177653931697,0.0012907475307278,1.0024954761598175,1.0120126218604293,61.66666666666666,0.7669649888473704,60.0,62.0,0,22530,1066528
1.0080478352284514,0.0013033185444996,1.0021911112692727,1.0130818644959845,61.16666666666666,0.9235481451827988,60.0,62.0,0,22560,1066528
1.0080814264610023,0.0012598012484475,1.0042920119777765,1.0126721153341292,63.66666666666666,2.95057322446693,60.0,68.0,0,22590,1066528
1.008067479105356,0.0018022550609879,0.9963131389530604,1.0231383320277907,67.5,0.5144957554275266,67.0,68.0,0,22620,1066528
1.0080327795742658,0.0051351888197085,0.943649265948223,1.0626794839456204,68.0,0.0,68.0,68.0,0,22650,1066528
1.0079967787428394,0.0013389204579373,0.9977780056941574,1.013703025809285,68.0,0.5940885257860046,67.0,69.0,0,22680,1066528
1.0078711722829827,0.0012740060961494,1.001165769498708,1.013346130771283,70.0,1.4552137502179978,68.0,72.0,0,22710,1066528
1.0078814819435475,0.0018158398398506,0.9949665000890732,1.020229869031705,68.33333333333333,0.4850712500726659,68.0,69.0,0,22740,1066528
1.0079290918781827,0.0012206786586073,1.0044551125517007,1.0122479598103125,66.33333333333333,1.4142135623730951,65.0,68.0,0,22770,1066528
1.0078885211531698,0.0012754752629855,1.0012882726355032,1.013958853473971,65.4,0.8280786712108251,65.0,67.0,0,22800,1066528
1.0079537529312037,0.0012607069552697,1.0026632015674406,1.012240552527066,65.4,0.828078671210825,65.0,67.0,0,22830,1066528
1.0079670432735637,0.0015388322899585,0.99413489022437,1.024106545656896,69.85714285714286,1.388730149658827,68.0,71.0,0,22860,1066528
1.0080195345690397,0.00117038679724,1.0028675412429549,1.0114720429170645,64.0,2.3008949665421112,63.0,69.0,0,22890,1066528
1.0079904332970044,0.0011610638749192,1.0042867953248813,1.0120493439244256,62.0,0.6546536707079771,61.0,63.0,0,22920,1066528
1.0080553192240755,0.0019331750974104,0.9760830835617632,1.0293188245915887,63.75,0.4522670168666454,63.0,64.0,0,22950,1066528
1.008170342933502,0.0012276411964226,1.0045954108051909,1.0130990397857111,66.66666666666667,1.2833778958394957,65.0,68.0,0,22980,1066528
1.008171117861407,0.0024965187943314,0.96527477034072,1.0628422037464873,63.66666666666666,1.5339299776947408,63.0,67.0,0,23010,1066528
1.0081276350641115,0.001226029015607,1.0045603640919247,1.0127293693760886,62.333333333333336,0.7669649888473704,61.0,63.0,0,23040,1066528
1.008060060168309,0.0019463707891655,0.9928776894185658,1.0191620592073374,61.66666666666666,0.4850712500726659,61.0,62.0,0,23070,1066528
1.0080297839855028,0.0012520674734721,0.9997985893322516,1.0186808821561393,56.8,2.210365192839022,55.0,61.0,0,23100,1066528
1.008074277251484,0.0018301189149442,0.998333800672706,1.030274052703687,62.6,1.4040757000349275,61.0,64.0,0,23130,1066528
1.0080925160795535,0.0019946933074066,0.9994012281863476,1.0248532295542714,63.333333333333336,0.4850712500726659,63.0,64.0,0,23160,1066528
1.0079716905792675,0.0021011485205398,0.975804380346066,1.0277018604579102,58.0,0.9258200997725514,57.0,59.0,0,23190,1066528
1.0080160321238176,0.0014597138636661,0.9909467756594952,1.0258651268848844,59.16666666666666,0.3834824944236852,59.0,60.0,0,23220,1066528
1.0079979886631136,0.0056194785958083,0.9349351169470744,1.1515402623712556,60.833333333333336,1.3826657968874303,59.0,63.0,0,23250,1066528
1.0080332611187677,0.0012030463356706,1.0034109743004458,1.013628146134538,61.4,0.828078671210825,61.0,63.0,0,23280,1066528
1.0080486142265068,0.0016111255032006,0.9964727175019596,1.0209891403948477,59.285714285714285,0.4629100498862757,59.0,60.0,0,23310,1066528
1.0080926539196284,0.0011671078686583,1.0043659071000917,1.012054270446289,57.16666666666666,1.7235394498804248,54.0,59.0,0,23340,1066528
1.0080590575729358,0.0012420192995261,1.0038212557575676,1.0119332570546784,59.0,2.5895718474182514,55.0,61.0,0,23370,1066528
1.0080896840473257,0.0013956190109852,1.0027873619234788,1.0171605269326425,59.0,0.0,59.0,59.0,0,23400,1066528
1.007954726997306,0.0013194333768664,1.0031175397558552,1.0127910136088345,60.16666666666666,2.3326329481056884,57.0,64.0,0,23430,1066528
1.008179138682465,0.0020499846623495,0.993268155082151,1.0208331336144072,58.16666666666666,0.7071067811865476,57.0,59.0,0,23460,1066528
1.0082002233262422,0.0014380457561603,1.0014018237567726,1.0164406803148376,57.5,0.5144957554275266,57.0,58.0,0,23490,1066528
1.0082670104585685,0.0022334264987391,0.990323033387056,1.0233824105183214,58.333333333333336,0.4850712500726659,58.0,59.0,0,23520,1066528
1.0075908620890577,0.0181481173629037,0.8572207077786445,1.3026621529359177,59.333333333333336,0.7669649888473704,59.0,61.0,0,23550,1066528
1.0051098136444514,0.0013831861919884,0.99769032814448,1.011973194515591,58.6,1.0555973258234952,57.0,60.0,0,23580,1066528
1.0051417696446634,0.0015356920955107,0.9844302397613252,1.020106741063086,59.66666666666666,0.7669649888473704,59.0,61.0,0,23610,1066528
1.0051254290169245,0.0010926374630972,1.0004685177704795,1.0083576393162546,59.0,0.0,59.0,59.0,0,23640,1066528
1.005093836315327,0.0010956902767931,0.999801574921239,1.008865827500694,60.16666666666666,1.823054966742557,59.0,64.0,0,23670,1066528
1.004872323628497,0.0011129566390833,1.001099996776366,1.0082896305095128,65.0,0.0,65.0,65.0,0,23700,1066528
1.0048257297459229,0.0011189060809269,1.001208742649948,1.0089445103666206,61.833333333333336,2.007339474206065,60.0,65.0,0,23730,1066528
1.0048494415421958,0.0010781127378467,0.9993237813018712,1.0077590516192698,61.0,0.5940885257860046,60.0,62.0,0,23760,1066528
1.004811476046034,0.0011130227039607,1.0006363813048471,1.0083419160196905,61.0,0.0,61.0,61.0,0,23790,1066528
1.0047703734298663,0.0010885120121042,1.0010776805734158,1.0080773037206123,64.85714285714286,6.060410169994389,59.0,78.0,0,23820,1066528
1.0047925001007372,0.0019274208325626,0.9900764754423468,1.0235741265449023,64.6,0.50709255283711,64.0,65.0,0,23850,1066528
1.004833132131285,0.0011046147640954,1.0011362953404546,1.0088611270027654,64.83333333333333,0.3834824944236852,64.0,65.0,0,23880,1066528
1.0048234236558982,0.0011113179764069,1.0011530357709804,1.0081214736689472,65.2,2.808151400069855,60.0,67.0,0,23910,1066528
1.004754252598581,0.0011125931393001,1.0008644915980685,1.0087429882996064,62.42857142857143,1.4342743312012722,60.0,64.0,0,23940,1066528
1.0047725956330238,0.0015281482578034,0.9892194689301812,1.0210408320558242,57.333333333333336,1.6449566416599486,56.0,60.0,0,23970,1066528
1.0048482320166767,0.0013090467808357,0.9929323378216162,1.0199389736221969,59.0,3.4641016151377544,56.0,65.0,0,24000,1066528
1.0048818223879772,0.0014787809890778,0.9937268988884672,1.0113039077481012,64.6,1.919821420266553,63.0,68.0,0,24030,1066528
1.0049479880681835,0.0011564735579525,1.0005284522997284,1.0087900509982342,64.66666666666667,1.8470962903655976,61.0,67.0,0,24060,1066528
1.00485036648253,0.0016717693750943,0.989959229388918,1.0246150349697491,56.8,1.8973665961010275,55.0,59.0,0,24090,1066528
1.004769622028281,0.0011281515418219,1.0007942387831277,1.008727248565929,59.16666666666666,6.214309861828869,53.0,68.0,0,24120,1066528
1.0048003772061385,0.0010871485349952,1.0014689593404331,1.0087006774423917,68.16666666666667,2.8127859331777016,63.0,71.0,0,24150,1066528
1.00479556274672,0.0011423192375752,0.9979109552318232,1.009606369076711,62.333333333333336,0.7669649888473704,61.0,63.0,0,24180,1066528
1.0050934181812183,0.0025982277149372,0.9676446616664716,1.0266989549856715,63.833333333333336,3.222165877352759,59.0,68.0,0,24210,1066528
1.0051058596996396,0.0010964236177915,1.001689490867145,1.0092699837854835,57.6,2.1313979316066582,55.0,60.0,0,24240,1066528
1.0051367674937322,0.0011860077152927,0.9969851872757036,1.0106583369157105,58.142857142857146,0.3585685828003181,58.0,59.0,0,24270,1066528
1.0050913747373438,0.001183268559677,0.9997380293371708,1.0112624552446363,60.0,2.449489742783178,57.0,64.0,0,24300,1066528
1.0052339089071731,0.0012605741639648,0.9995853909926103,1.0103444572447062,68.0,2.8491484796029023,65.0,73.0,0,24330,1066528
1.005282366518068,0.0011714216281028,0.9996497775456812,1.0104474786533786,70.0,1.4552137502179978,69.0,72.0,0,24360,1066528
1.0050655793011098,0.0029895490010682,0.9445122015738124,1.029080163624258,65.66666666666667,1.4142135623730951,64.0,68.0,0,24390,1066528
1.0024846012659965,0.0078775737756789,0.9273356310667784,1.074539395572675,65.0,0.0,65.0,65.0,0,24420,1066528
1.002440035314236,0.002386806682494,0.984315442381948,1.034983509752706,56.833333333333336,1.2485285456935955,56.0,59.0,0,24450,1066528
1.0045024534955111,0.0481339358527501,0.6155660951374596,1.4177429095573462,59.5,1.5434872662825796,57.0,62.0,0,24480,1066528
0.9954458064991132,0.0022207093322247,0.979062569447617,1.0104272446758005,63.75,1.3568010505999362,62.0,65.0,0,24510,1066528
0.9956073522535946,0.0022573288448364,0.9742678597173468,1.0027523253323674,68.42857142857143,3.370036032024414,63.0,72.0,0,24540,1066528
0.9955276018726992,0.0020576757140612,0.9877496995732572,1.00191285061359,68.0,0.0,68.0,68.0,0,24570,1066528
0.9955543083401532,0.0018257608031251,0.9899546493141642,1.0023020608844124,59.66666666666666,0.4850712500726659,59.0,60.0,0,24600,1066528
0.9955088446864429,0.0023651223951182,0.9813403503242084,1.018468863971452,62.4,3.1121880222303866,60.0,67.0,0,24630,1066528
0.9954810184488386,0.0022732621007599,0.9813043769840936,1.0075917012727478,66.66666666666667,2.0291986247835694,63.0,68.0,0,24660,1066528
0.9955290795505386,0.0018262377640303,0.9882694306555222,1.0023031506013738,63.333333333333336,1.7489492643904123,60.0,65.0,0,24690,1066528
0.9954392164712056,0.0019171174400706,0.9889691173927524,1.0019709143557562,63.66666666666666,1.6449566416599486,61.0,65.0,0,24720,1066528
0.9955003866462514,0.002206204021583,0.982293779653531,1.00709101317727,63.4,0.50709255283711,63.0,64.0,0,24750,1066528
0.9954794177060132,0.0019806806132002,0.9882304315728444,1.0025097438496096,66.28571428571429,1.5212776585113297,64.0,68.0,0,24780,1066528
0.995390888376554,0.0018952644052783,0.9887031042572132,1.0023632061609504,61.2,1.52127765851133,60.0,64.0,0,24810,1066528
0.9954043586902462,0.0019355427757366,0.9890372086742388,1.002439300689837,62.333333333333336,2.6346112560657287,59.0,65.0,0,24840,1066528
0.9953732250329644,0.0022814435818461,0.972934323102752,1.0103276726950816,61.5,1.7573375583870183,60.0,65.0,0,24870,1066528
0.995316016253642,0.0019751269335935,0.9889910673505802,1.003644441404335,65.4,0.828078671210825,65.0,67.0,0,24900,1066528
0.9954086672277296,0.0023564466850914,0.9757882351230518,1.010112526530005,62.66666666666666,2.42535625036333,60.0,65.0,0,24930,1066528
0.9952968748797368,0.0019345520149288,0.9885884303508764,1.0021919959459764,63.66666666666666,2.700762419587999,60.0,68.0,0,24960,1066528
0.9953552337855288,0.0020096243125382,0.9889506427537068,1.002366219003359,65.0,3.086974532565159,61.0,68.0,0,24990,1066528
0.9953502950409016,0.0020354745891298,0.9888414824561366,1.0037057822295337,66.0,1.0289915108550531,65.0,67.0,0,25020,1066528
0.996130077726895,0.0019897965783552,0.9890611939294404,1.003073149067315,65.16666666666667,1.8230549667425568,64.0,69.0,0,25050,1066528
0.9960899825481646,0.0021786032074292,0.9813035246770184,1.0046860123157784,67.6,1.404075700034927,65.0,69.0,0,25080,1066528
0.9981883289560622,0.0425197680674684,0.422408116822499,1.4160253435232508,66.0,1.0289915108550531,65.0,67.0,0,25110,1066528
0.998515645042586,0.001692292400971,0.9857124667073964,1.0054142517741729,58.75,4.392659165636977,54.0,65.0,0,25140,1066528
0.9984512200199216,0.0014833680080069,0.9932657486835786,1.003065870185782,56.16666666666666,1.7235394498804248,54.0,58.0,0,25170,1066528
0.998522242994098,0.0015680124268596,0.9933696520719868,1.0036601381445316,57.66666666666666,0.7669649888473704,57.0,59.0,0,25200,1066528
0.9985577903204788,0.0015070220848226,0.993795476545456,1.0029331970886446,63.0,0.8401680504168059,62.0,64.0,0,25230,1066528
0.9985671315050194,0.0015478572772934,0.993328808277974,1.0039953442501364,61.5,2.2816402768493496,59.0,64.0,0,25260,1066528
0.9986294976894572,0.0015006734367015,0.9937366751504092,1.0035563730595007,61.66666666666666,2.765331593774861,59.0,65.0,0,25290,1066528
0.9985241005210138,0.001555291251443,0.9937335797521284,1.0037241456270043,59.2,0.4140393356054125,59.0,60.0,0,25320,1066528
0.9985510166525422,0.001580010001868,0.9934561533367188,1.0041437871976604,63.16666666666666,1.6179144164088315,61.0,65.0,0,25350,1066528
0.9985251657144956,0.0015879870283314,0.9933479261964612,1.0038913012000303,63.66666666666666,0.7669649888473704,63.0,65.0,0,25380,1066528
0.9985324568107116,0.0015999776630302,0.9936132203308338,1.0033427716437588,65.0,0.0,65.0,65.0,0,25410,1066528
0.9984990676006226,0.0015781848941408,0.9938035580251914,1.003672443433962,66.6,1.404075700034927,65.0,68.0,0,25440,1066528
0.9984677838263398,0.0015904476401488,0.9928224575907064,1.0026484765569688,64.0,1.1881770515720091,62.0,65.0,0,25470,1066528
0.998474836772244,0.001590094964117,0.9918806285438232,1.0037891399373924,65.0,0.0,65.0,65.0,0,25500,1066528
0.9984872494992508,0.001598626251741,0.9931977228737944,1.0033647801733974,64.85714285714286,1.01418510567422,64.0,67.0,0,25530,1066528
0.9984814888196648,0.0015655700533324,0.992597796805146,1.003084556249427,64.8,1.3732131246511905,63.0,67.0,0,25560,1066528
0.9984873087992208,0.0015740532126467,0.993580416397777,1.0033393219848707,64.16666666666667,0.9235481451827988,63.0,65.0,0,25590,1066528
0.9984518812939812,0.0015636507229143,0.9930003185896872,1.0032849413541798,62.2,1.52127765851133,61.0,65.0,0,25620,1066528
0.9984719915455922,0.0015936113904339,0.993012328136232,1.0030226336633188,63.833333333333336,0.9235481451827988,63.0,65.0,0,25650,1066528
0.9984647376837532,0.0016244826172306,0.9933858821846574,1.004124247644613,66.5,1.5434872662825796,65.0,68.0,0,25680,1066528
0.9984549069539728,0.001594831124153,0.9927852073881692,1.0028836333731097,64.33333333333333,0.4850712500726659,64.0,65.0,0,25710,1066528
0.998421923052482,0.0016368861763088,0.9933320466616086,1.004267039483518,66.0,2.0579830217101063,64.0,68.0,0,25740,1066528
0.9983950330754392,0.0015943177781358,0.9934265091825264,1.0038048302473694,66.2,1.01418510567422,65.0,67.0,0,25770,1066528
0.9983440018160696,0.0017588318023225,0.986828793467874,1.009300390981357,64.66666666666667,1.2833778958394957,63.0,67.0,0,25800,1066528
0.9983476682013231,0.0015495310830239,0.9929633772679132,1.0028252973828045,67.33333333333333,1.137592917989042,65.0,68.0,0,25830,1066528
1.0007974740653227,0.0606061909774702,0.5055584301484053,2.3015759958499613,72.66666666666667,6.019575908454603,68.0,85.0,0,25860,1066528
1.0101147979853875,0.060511787384956,0.5585439721599903,1.588987847139307,84.0,1.044465935734187,83.0,85.0,0,25890,1066528
1.0089071433193904,0.0014884658890954,1.0033119482746031,1.014813066752153,69.66666666666667,2.95057322446693,68.0,76.0,0,25920,1066528
1.00102805865874,0.041516261935794,0.6175076687548585,1.4288219008894076,56.5,0.985184366143778,55.0,58.0,0,25950,1066528
0.9894865732681062,0.0023111078807335,0.9716391080535716,1.002699891891158,72.66666666666667,0.4850712500726659,72.0,73.0,0,25980,1066528
0.9891828170374468,0.0014433160477008,0.9823121488955228,0.9936186456650962,68.0,1.6035674514745464,65.0,69.0,0,26010,1066528
0.9888280265543404,0.0015581038054576,0.9837386126758572,0.9936678815922804,68.33333333333333,2.275185835978084,65.0,71.0,0,26040,1066528
0.992052089460002,0.0499749865722733,0.6811207963396875,1.4429782357341498,68.0,0.0,68.0,68.0,0,26070,1066528
0.9890593003506172,0.0034745676484719,0.97299169769127,1.0062948829874323,75.25,12.714522834502713,59.0,87.0,0,26100,1066528
,,,,,,,,0,26130,1066528
,,,,62.0,0.0,62.0,62.0,0,26160,1066528
,,,,,,,,0,26190,1066528
,,,,,,,,0,26220,1066528
,,,,,,,,0,26250,1066528
,,,,,,,,0,26280,1066528
,,,,,,,,0,26310,1066528
,,,,,,,,0,26340,1066528
,,,,,,,,0,26370,1066528
,,,,60.0,0.0,60.0,60.0,0,26400,1066528
,,,,,,,,0,26430,1066528
,,,,,,,,0,26460,1066528
,,,,,,,,0,26490,1066528
,,,,,,,,0,26520,1066528
,,,,,,,,0,26550,1066528
,,,,,,,,0,26580,1066528
,,,,,,,,0,26610,1066528
,,,,,,,,0,26640,1066528
,,,,,,,,0,26670,1066528
,,,,,,,,0,26700,1066528
,,,,,,,,0,26730,1066528
,,,,,,,,0,26760,1066528
,,,,,,,,0,26790,1066528
,,,,,,,,0,26820,1066528
,,,,,,,,0,26850,1066528
,,,,,,,,0,26880,1066528
,,,,,,,,0,26910,1066528
,,,,,,,,0,26940,1066528
,,,,,,,,0,26970,1066528
,,,,,,,,0,27000,1066528
,,,,,,,,0,27030,1066528
,,,,,,,,0,27060,1066528
,,,,,,,,0,27090,1066528
,,,,,,,,0,27120,1066528
,,,,,,,,0,27150,1066528
,,,,,,,,0,27180,1066528
,,,,,,,,0,27210,1066528
,,,,,,,,0,27240,1066528
,,,,59.0,0.0,59.0,59.0,0,27270,1066528
,,,,,,,,0,27300,1066528
,,,,,,,,0,27330,1066528
0.9896206868441246,0.0014703531041919,0.9847601940713788,0.9932952265103462,,,,,0,27360,1066528
0.9906464676012274,0.0012926642053675,0.987145153956828,0.9952146791120196,,,,,0,27390,1066528
,,,,,,,,0,27420,1066528
,,,,,,,,0,27450,1066528
,,,,,,,,0,27480,1066528
,,,,,,,,0,27510,1066528
,,,,,,,,0,27540,1066528
,,,,,,,,0,27570,1066528
,,,,69.0,0.0,69.0,69.0,0,27600,1066528
,,,,,,,,0,27630,1066528
,,,,,,,,0,27660,1066528
,,,,,,,,0,27690,1066528
0.9955620651024132,0.0103714161440722,0.919320670948152,1.1390724501070553,,,,,0,27720,1066528
0.9957700285525948,0.0074649296774966,0.925831657465789,1.0919100413603768,,,,,0,27750,1066528
1.0027832488343125,0.0893831730725453,0.3533572533728153,1.8316074677035088,,,,,0,27780,1066528
0.9985264331383936,0.008710828412507,0.9136932299112104,1.0502383095734606,,,,,0,27810,1066528
,,,,,,,,0,27840,1066528
,,,,,,,,0,27870,1066528
,,,,,,,,0,27900,1066528
,,,,,,,,0,27930,1066528
0.9990041594831248,0.0045195759964224,0.9676549468829992,1.0213860625731583,60.0,0.0,60.0,60.0,0,27960,1066528
,,,,,,,,0,27990,1066528
,,,,,,,,0,28020,1066528
,,,,,,,,0,28050,1066528
,,,,,,,,0,28080,1066528
,,,,,,,,0,28110,1066528
,,,,,,,,0,28140,1066528
,,,,,,,,0,28170,1066528
,,,,,,,,0,28200,1066528
,,,,,,,,0,28230,1066528
,,,,,,,,0,28260,1066528
,,,,,,,,0,28290,1066528
,,,,67.0,0.0,67.0,67.0,0,28320,1066528
,,,,,,,,0,28350,1066528
0.9977718244169488,0.0302765718202907,0.7221383370969374,1.3584915985802268,,,,,0,28380,1066528
0.9947088507759192,0.1063500562923456,0.5955635700832616,1.8455959373122115,,,,,0,28410,1066528
,,,,,,,,0,28440,1066528
,,,,,,,,0,28470,1066528
,,,,69.0,0.0,69.0,69.0,0,28500,1066528
,,,,,,,,0,28530,1066528
