acc_mean,acc_std,acc_min,acc_max,hr_mean,hr_std,hr_min,hr_max,steps_sum,t,subject_id
0.9990527815068746,0.0658489981950664,0.7066778452799126,1.56781293497467,68.33333333333333,0.5773502691896257,68.0,69.0,0,0,5383425
0.996488046992267,0.0051683180881813,0.9723837310168963,1.0430167144431053,66.0,1.095445115010332,65.0,67.0,0,30,5383425
0.9961170063324484,0.001555504430528,0.9917731261346872,1.0002581399149622,63.2,1.3038404810405295,62.0,65.0,0,60,5383425
0.9961794119252716,0.0016864535145416,0.991466789874144,1.0060279877016294,66.5,2.073644135332772,64.0,69.0,0,90,5383425
1.0517951565342856,0.3187612192127351,0.1588099515304377,3.3576674312560617,69.0,0.0,69.0,69.0,0,120,5383425
1.0139501576980725,0.1409534284158855,0.5160771729789644,2.198007696013028,70.0,1.5491933384829668,69.0,72.0,0,150,5383425
1.0105993196365115,0.1217821476923503,0.5532266003542672,2.197447175894993,73.0,0.8944271909999159,72.0,74.0,0,180,5383425
0.9910808589619802,0.0219476611071639,0.9234791756192502,1.2561032260609355,72.4,1.3416407864998738,71.0,74.0,0,210,5383425
0.9942172562320744,0.0510112238340909,0.7943050889568442,1.687594791991546,69.8,1.095445115010332,69.0,71.0,0,240,5383425
0.9981893067771512,0.0928650261636201,0.5434005787556266,1.7654551643063925,67.66666666666667,0.5163977794943223,67.0,68.0,0,270,5383425
1.002079654538891,0.0856118311209518,0.8042017097644472,2.021058744384856,66.83333333333333,1.4719601443879746,65.0,68.0,0,300,5383425
0.994123209126094,0.0018977751884279,0.9874389556332988,1.0014866120376895,64.83333333333333,0.408248290463863,64.0,65.0,0,330,5383425
0.9954745122250872,0.0513262536408007,0.7330255493073212,1.423927307295418,65.0,0.0,65.0,65.0,0,360,5383425
0.9930204030923152,0.0492855437505998,0.6372889967029401,1.392969052384083,64.6,0.8944271909999159,63.0,65.0,0,390,5383425
1.0072243166923491,0.1645012301523204,0.39369763413423,3.05850457069989,65.28571428571429,1.6035674514745462,64.0,68.0,25,420,5383425
0.9970668404743068,0.024234903403547,0.8811331539565288,1.1103148980472612,64.83333333333333,0.408248290463863,64.0,65.0,0,450,5383425
0.9954711415167316,0.0577745109986865,0.5824747179633465,1.4639523628629485,68.6,1.51657508881031,67.0,71.0,0,480,5383425
0.9977996379720976,0.0116227561496194,0.9481765638122048,1.0407995158134538,68.5,0.5477225575051661,68.0,69.0,0,510,5383425
0.9981183766370736,0.0249760106144604,0.7609503027013919,1.331601875622793,69.33333333333333,0.816496580927726,69.0,71.0,0,540,5383425
0.9966158174614532,0.0073731744441925,0.9708601139543122,1.0367744018818656,71.4,0.8944271909999159,71.0,73.0,0,570,5383425
1.010900948696293,0.1253564285538519,0.4510993013591242,1.965306219947612,73.83333333333333,1.1690451944500122,73.0,76.0,0,600,5383425
1.0003238275848612,0.059031082769769,0.7681756773078603,1.5628267384714596,71.4,2.1908902300206643,69.0,73.0,0,630,5383425
0.9938756222285974,0.0161864535892723,0.911674425647018,1.1765287457868636,69.28571428571429,4.923220007078217,65.0,76.0,0,660,5383425
0.9923418119542003,0.0023264173944164,0.9849937260354148,0.9984589428093577,68.0,2.683281572999748,65.0,72.0,0,690,5383425
0.9922388830973472,0.003381486091263,0.965687799363169,1.0048692858475226,67.2,1.4832396974191324,65.0,69.0,0,720,5383425
0.9925423990332812,0.0024837586756113,0.9854192148027254,0.9997908402514248,67.16666666666667,0.408248290463863,67.0,68.0,0,750,5383425
0.9909635294627326,0.0093503427751867,0.9541109388699984,1.0656394072261546,66.33333333333333,1.632993161855452,65.0,69.0,0,780,5383425
0.9914919122625766,0.0027480022374505,0.9788337501554696,1.003366101124978,66.66666666666667,1.3662601021279464,65.0,68.0,0,810,5383425
0.993877541002408,0.0437385337625459,0.71406042167255,1.2924021379119,66.2,1.095445115010332,65.0,67.0,0,840,5383425
0.9919666405257064,0.0025454698578241,0.9831746653381688,0.9993203401521756,66.33333333333333,1.0327955589886446,65.0,67.0,0,870,5383425
0.9921596370353492,0.0025571238327802,0.9845615072029222,0.9997027022181644,64.83333333333333,0.408248290463863,64.0,65.0,0,900,5383425
0.9932332552619804,0.0111992930968143,0.9441404501591592,1.0933055189574687,64.0,0.7071067811865476,63.0,65.0,0,930,5383425
0.9925471028265724,0.0039172557715532,0.9664682893867288,1.0089457489548186,68.66666666666667,4.08248290463863,65.0,73.0,0,960,5383425
0.992629027214798,0.002651284720138,0.98347143680807,1.001521337702882,65.5,1.224744871391589,65.0,68.0,0,990,5383425
0.9924444548599578,0.0024366185138427,0.9851894002058996,1.00061209063062,65.8,1.095445115010332,65.0,67.0,25,1020,5383425
0.9925701428410436,0.0023218373629877,0.9845994154096376,1.0009696249586846,64.83333333333333,1.1690451944500122,64.0,67.0,0,1050,5383425
0.9928074464450146,0.0116586387378254,0.930497652529919,1.1092347763998838,65.83333333333333,3.188521078284832,62.0,69.0,0,1080,5383425
1.009883993148044,0.1383512727807297,0.3544541434583322,1.943755043066232,67.83333333333333,0.408248290463863,67.0,68.0,0,1110,5383425
1.0048010169705917,0.0046368884703557,0.9628975528331194,1.0534499154222807,70.0,2.280350850198276,68.0,73.0,0,1140,5383425
1.004860130027933,0.0010729128049428,1.0018066519208335,1.007705700357649,66.6,0.8944271909999159,65.0,67.0,0,1170,5383425
1.0049305723891715,0.0011351049550975,1.0022338073012405,1.008602350632012,64.2,2.280350850198276,61.0,67.0,0,1200,5383425
1.0049666500715584,0.0212025453267746,0.867926090588732,1.2352204987212971,61.66666666666666,1.3662601021279464,60.0,64.0,0,1230,5383425
1.0047246507709569,0.0011152275027604,1.0015733084571543,1.0081065924821888,64.33333333333333,1.0327955589886446,63.0,65.0,0,1260,5383425
1.0048104528099848,0.0010798170197885,1.0012211303251497,1.008200107191256,62.16666666666666,0.752772652709081,61.0,63.0,0,1290,5383425
1.0047950001528942,0.0011637044676306,1.0015849482923602,1.009399442036868,63.0,0.0,63.0,63.0,0,1320,5383425
1.004814709808461,0.0010892906343523,1.0010730799446512,1.0085889413389877,62.16666666666666,0.752772652709081,61.0,63.0,0,1350,5383425
1.004600958759789,0.0011497846001228,1.0017772810193393,1.0099261863110442,63.5,1.224744871391589,62.0,65.0,0,1380,5383425
1.0041343922845716,0.0010652911300435,1.0014805543973284,1.0072626077539115,63.333333333333336,1.9663841605003505,61.0,65.0,0,1410,5383425
1.0041861753955408,0.0011785637814104,1.0007469767154231,1.0086030587469978,64.0,1.0,63.0,65.0,0,1440,5383425
1.0042672211201022,0.0012015951184621,1.001129095769971,1.007926735595827,64.5,0.8366600265340756,63.0,65.0,0,1470,5383425
1.0041993377402647,0.0012369998973679,1.0009185604558943,1.0077095967394871,67.16666666666667,2.5625508125043424,65.0,71.0,0,1500,5383425
1.0043555188652662,0.0014273893748038,0.9986518974991484,1.017905210137555,64.0,1.2649110640673518,62.0,65.0,0,1530,5383425
1.004320620001914,0.0011186019952042,1.0008863644750283,1.0075447182053907,62.66666666666666,2.875181153713044,60.0,67.0,0,1560,5383425
1.004310192948777,0.0012836246531541,1.0001384509487374,1.008149700442221,67.4,3.286335345030997,65.0,73.0,0,1590,5383425
1.0043014271056634,0.0011497753075787,1.0015183046194314,1.007600241027105,62.0,0.0,62.0,62.0,0,1620,5383425
1.0043032601783433,0.001171976176197,1.00090229697433,1.0085477094051278,62.0,0.0,62.0,62.0,0,1650,5383425
1.004205599577931,0.0011881143039268,1.0009866205139957,1.0099838671528074,64.8,3.03315017762062,62.0,68.0,0,1680,5383425
1.00406629897432,0.0012675160690922,1.0008829071356249,1.0078793078563724,63.833333333333336,2.401388487243717,62.0,68.0,0,1710,5383425
1.004252262910676,0.0011418979297183,1.000787711760941,1.0077758457846917,62.5,0.8366600265340756,61.0,63.0,0,1740,5383425
1.0041285994264566,0.0012351078864083,1.0002950630443548,1.008522224934349,65.6,2.792848008753788,63.0,69.0,0,1770,5383425
1.003983983219082,0.0011892878227716,0.9999709163569158,1.0076888489635727,65.0,1.095445115010332,64.0,67.0,0,1800,5383425
1.0038849960498872,0.001179516288522,1.000460826056058,1.0080620225931636,65.66666666666667,1.0327955589886446,65.0,67.0,0,1830,5383425
1.0040547552920198,0.001383401695324,0.9983559075347076,1.0119421973532037,67.4,3.5777087639996634,65.0,73.0,0,1860,5383425
1.0042047542734758,0.0010419187251942,1.0013328818192728,1.0077370401475327,65.6,1.949358868961793,63.0,67.0,0,1890,5383425
1.003890762911653,0.0011307631676052,1.001055008692794,1.007876678910694,64.66666666666667,0.5163977794943223,64.0,65.0,0,1920,5383425
1.003831050762074,0.0010291764008904,1.0011752785759844,1.008594283417713,64.71428571428571,4.386125310350269,58.0,68.0,0,1950,5383425
1.004039130305957,0.0011084382038213,1.0001305027173857,1.0079761585650973,67.2,1.3038404810405295,65.0,68.0,0,1980,5383425
1.0039744051223116,0.0011223542279154,1.0008383718643086,1.0087647330435576,68.0,0.0,68.0,68.0,0,2010,5383425
1.0039327682354784,0.0010570334680098,1.0004507997506424,1.0075300497462,66.5,1.6431676725154984,65.0,68.0,0,2040,5383425
1.0038326553738792,0.0010629932582942,1.0002899228903035,1.0079726067698516,68.0,0.0,68.0,68.0,0,2070,5383425
1.0039399786314644,0.0010863399953642,1.0002050281520185,1.0080366479383822,68.16666666666667,0.7527726527090811,67.0,69.0,0,2100,5383425
1.0038754358467985,0.0011640414222899,1.0005193079091528,1.007936030640685,68.33333333333333,1.0327955589886446,67.0,69.0,0,2130,5383425
1.0037928413309325,0.001115981510338,1.0011010926322277,1.0080657210941957,68.4,0.5477225575051661,68.0,69.0,0,2160,5383425
1.003775966196171,0.0013233242848692,0.9922111446829096,1.0082473996118066,69.5,1.6431676725154984,68.0,71.0,0,2190,5383425
1.0039193317001482,0.0010033463217806,1.001117860184429,1.00733082496791,68.5,0.8366600265340756,67.0,69.0,0,2220,5383425
1.003868104761385,0.001163829026438,0.9999994183390858,1.0080366479383822,69.0,0.0,69.0,69.0,0,2250,5383425
1.0040600736841403,0.0011104812671508,0.9999994183390858,1.0094679404266882,69.33333333333333,1.3662601021279464,68.0,71.0,0,2280,5383425
1.0039333311690908,0.0010411224217025,1.000984328056184,1.0080657210941957,69.0,0.0,69.0,69.0,0,2310,5383425
1.003846741980883,0.001188168817148,0.9994451081948424,1.0080591013382996,69.83333333333333,1.7224014243685084,68.0,72.0,0,2340,5383425
1.00388967954636,0.0011571591700684,1.0008048277774344,1.008540845604034,70.5,1.6431676725154984,69.0,72.0,0,2370,5383425
1.0039579045786136,0.0011866322134018,1.0008994583986446,1.0079121463697371,71.5,1.51657508881031,69.0,73.0,0,2400,5383425
1.0039185712907288,0.0012229352816203,0.996471363305765,1.0076713270661422,72.0,1.0,71.0,73.0,0,2430,5383425
1.0037357544692105,0.0011285707565094,1.0008994583986446,1.0085425691363306,69.0,0.0,69.0,69.0,0,2460,5383425
1.003640675635297,0.001140011635065,0.9994345501604694,1.0067422738176093,72.0,0.0,72.0,72.0,0,2490,5383425
1.0037270505068303,0.0011712430745986,1.0003595528960323,1.0078578403518326,70.66666666666667,1.505545305418162,69.0,73.0,0,2520,5383425
1.0038472846912647,0.001188727716701,1.0008510253560516,1.0083829012986882,71.0,1.4142135623730951,69.0,73.0,0,2550,5383425
1.0037198895763753,0.0011338214271493,1.0006141057511333,1.0076311142987446,73.66666666666667,3.5023801430836525,68.0,77.0,0,2580,5383425
1.004976971698953,0.0015126826363694,1.0009885692244893,1.0093197083638314,69.66666666666667,2.1602468994692865,68.0,74.0,0,2610,5383425
1.005806827233609,0.0010838366297747,1.0030269041373916,1.0095247191541472,71.0,1.6733200530681511,69.0,73.0,0,2640,5383425
1.0057895216446089,0.0010848754814434,1.0027574639474592,1.0106910817095844,73.2,0.4472135954999579,73.0,74.0,0,2670,5383425
1.0056586344198517,0.0011618255830333,1.002125911591298,1.009784629575411,73.6,0.5477225575051661,73.0,74.0,0,2700,5383425
1.0056146797966834,0.0010791749191908,1.001784915469653,1.0096768076388651,73.0,1.2649110640673518,71.0,74.0,0,2730,5383425
1.0056733540827536,0.0012418003432374,1.0018821673128533,1.0103191658459518,73.33333333333333,0.816496580927726,72.0,74.0,0,2760,5383425
1.0056985979398172,0.0012501545471947,1.0014076818429796,1.0114216656384467,74.0,0.0,74.0,74.0,0,2790,5383425
1.005658827376407,0.0011079335974305,1.0025418724369024,1.0092462649991625,73.5,0.8366600265340756,72.0,74.0,0,2820,5383425
1.0055829447985984,0.001220481836303,1.0021440827771375,1.00974849069547,74.5,2.073644135332772,72.0,77.0,0,2850,5383425
1.0055205915667904,0.0012187865360764,1.0018150600364022,1.0111239539742791,75.6,1.51657508881031,73.0,77.0,0,2880,5383425
1.0055553673248483,0.001242957127686,1.0014457824696303,1.0105088580462815,75.42857142857143,0.9759000729485332,74.0,76.0,0,2910,5383425
1.005614594148577,0.0011937260633168,1.0022373708601122,1.0095850313494847,76.8,0.4472135954999579,76.0,77.0,0,2940,5383425
1.005646901835582,0.0011826366446318,1.0017344627020126,1.0105750193221923,76.5,1.224744871391589,74.0,77.0,0,2970,5383425
1.0056417512662204,0.0012657992814129,1.0021899526467075,1.0101535180834398,75.66666666666667,0.816496580927726,74.0,76.0,0,3000,5383425
1.005619578936498,0.0011986170982184,1.0012379643664888,1.0104594228064478,76.6,0.5477225575051661,76.0,77.0,0,3030,5383425
1.0055540492640027,0.001311738883361,1.0020304459726013,1.0109844313760374,77.0,0.0,77.0,77.0,0,3060,5383425
1.0057173929894785,0.0011784051882976,1.0028368591488896,1.0094876581655123,77.2,0.4472135954999579,77.0,78.0,0,3090,5383425
1.005519447417565,0.0011456267040559,1.002143423223727,1.0101056664860464,77.66666666666667,0.5163977794943223,77.0,78.0,0,3120,5383425
1.005622435910985,0.0011689127305857,1.0017897149350357,1.0097799244659451,77.33333333333333,0.5163977794943223,77.0,78.0,0,3150,5383425
1.0054983928681398,0.001161267255956,1.002266426110752,1.0097172920886766,76.66666666666667,1.3662601021279464,74.0,78.0,0,3180,5383425
1.005542425747786,0.0012742548302405,1.00220124325098,1.0097799244659451,76.2,1.3038404810405295,74.0,77.0,0,3210,5383425
1.005310363953836,0.0010914923722451,1.001819695259037,1.0104594228064478,77.5,0.5477225575051661,77.0,78.0,0,3240,5383425
1.0054648851320012,0.0011882819831156,1.0017549013769935,1.008863111244821,76.0,1.6733200530681511,74.0,78.0,0,3270,5383425
1.0055641294690378,0.0012649982623398,1.0009439680933394,1.0108634164395307,78.2,1.095445115010332,77.0,80.0,0,3300,5383425
1.005329449277499,0.001174378635507,1.00227341456398,1.0090848600131803,77.5,0.5477225575051661,77.0,78.0,0,3330,5383425
1.0052247805255987,0.0011979488953711,1.0009581919124195,1.0103575259203543,77.5,0.5477225575051661,77.0,78.0,0,3360,5383425
1.005119181618644,0.0012352728137946,1.001264959941563,1.009847536444829,77.66666666666667,1.2110601416389968,77.0,80.0,0,3390,5383425
1.0056935218367815,0.0182747490285599,0.8791763190066768,1.1901832742684548,77.0,0.0,77.0,77.0,0,3420,5383425
1.0050845045077963,0.0011728322480711,1.001344787426938,1.0099859002553946,77.0,4.09878030638384,72.0,81.0,0,3450,5383425
1.005124210928484,0.0010656308577962,1.0016369837423986,1.0096320474049048,73.66666666666667,0.816496580927726,72.0,74.0,0,3480,5383425
1.0048944493808407,0.0010971953873708,1.000740903510439,1.007756547227856,75.66666666666667,1.3662601021279464,74.0,77.0,0,3510,5383425
1.0048950929831733,0.0011352573074694,1.0013305809570534,1.007957361810404,77.0,0.0,77.0,77.0,0,3540,5383425
1.004941574391122,0.0012286075270834,1.0010581747954213,1.0087642855849823,77.8,1.3038404810405295,77.0,80.0,0,3570,5383425
1.0048968816470665,0.0011302533059849,1.001202944225465,1.009147132750304,77.0,0.0,77.0,77.0,0,3600,5383425
1.004909759798948,0.001074999956709,1.0009177818996176,1.0079162755867277,78.33333333333333,1.3662601021279464,77.0,80.0,0,3630,5383425
1.0048754147464978,0.0011716077280686,1.0014108133941837,1.0090022776880436,77.83333333333333,0.408248290463863,77.0,78.0,0,3660,5383425
1.0049417592366474,0.0011198594206268,1.000922037473134,1.008863005269898,78.0,0.0,78.0,78.0,0,3690,5383425
1.00486246798435,0.0011446099078414,1.0020578430871043,1.008507835746877,80.5,0.5477225575051661,80.0,81.0,0,3720,5383425
1.0048316322071658,0.0011756244161714,1.001188604110804,1.0098167607081197,81.0,0.0,81.0,81.0,0,3750,5383425
1.0047731398941948,0.0011611819552425,1.000636089791134,1.0086607854766092,80.6,0.5477225575051661,80.0,81.0,0,3780,5383425
1.0049245590603906,0.0012480823200222,1.0013958725279628,1.0103921516901495,81.66666666666667,0.5163977794943223,81.0,82.0,0,3810,5383425
1.0048875057489628,0.0011859624410335,1.0006276654211843,1.0106772961453918,78.16666666666667,1.834847859269718,77.0,81.0,0,3840,5383425
1.0046812188934484,0.0010743367018406,1.0013293318229823,1.0077595893581812,79.83333333333333,1.4719601443879744,78.0,81.0,0,3870,5383425
1.004741544805008,0.0012480907196655,1.0005679309016755,1.0088381550938932,81.2,0.8366600265340756,80.0,82.0,0,3900,5383425
1.0045267644358835,0.0010390432158162,1.0015950270839855,1.0086689192550595,81.33333333333333,2.065591117977289,78.0,83.0,0,3930,5383425
1.0045371126697438,0.0011416879501485,1.0010412124515655,1.00803949570994,80.33333333333333,1.632993161855452,78.0,83.0,0,3960,5383425
1.004669165132298,0.0011630932810514,1.0008699977297053,1.008720738103847,81.0,0.0,81.0,81.0,0,3990,5383425
1.004599352305806,0.0011961432633626,1.001337928709689,1.0090765643249326,82.0,0.0,82.0,82.0,0,4020,5383425
1.0045340056217649,0.0011547975483624,1.0015041287639956,1.007403958741383,81.5,0.8366600265340756,80.0,82.0,0,4050,5383425
1.0045790215232164,0.0011967421464035,1.001065772843573,1.008644717817498,82.5,0.5477225575051661,82.0,83.0,0,4080,5383425
1.0046558367259544,0.0012947557090919,1.0000891412736066,1.008403914702923,82.0,0.6324555320336759,81.0,83.0,0,4110,5383425
1.0045955808745533,0.0011652407723904,1.0011372811918104,1.0093654499336948,82.4,0.8944271909999159,81.0,83.0,0,4140,5383425
1.0045057971446731,0.0013155503591603,1.0007390230762965,1.0086718090722322,83.16666666666667,1.602081978759722,81.0,86.0,0,4170,5383425
1.0045862223257287,0.0012106836958563,1.0009686394285189,1.0091684470386897,83.5,1.224744871391589,83.0,86.0,0,4200,5383425
1.0045095330754965,0.0012195989954813,1.001287127776988,1.0079398137087898,82.0,1.6733200530681511,80.0,85.0,0,4230,5383425
1.0044853701958982,0.0011913217302843,1.0006593052946242,1.008332112497931,82.4,1.51657508881031,81.0,85.0,0,4260,5383425
1.0044976816531983,0.0011162310450151,1.0017415200420217,1.00736957665475,79.66666666666667,2.065591117977289,78.0,83.0,0,4290,5383425
1.004546932916932,0.0012223591683216,1.001065772843573,1.009301066022413,81.66666666666667,0.5163977794943223,81.0,82.0,0,4320,5383425
1.0044198975699243,0.0012027201851025,1.0003291086734905,1.0086718087109454,82.66666666666667,0.5163977794943222,82.0,83.0,0,4350,5383425
1.004489455382276,0.0012183229648399,1.0007879313989754,1.0088158211584264,82.4,0.8944271909999159,81.0,83.0,0,4380,5383425
1.0041115900388888,0.0013351615507108,1.0003542247883896,1.009069747761422,81.33333333333333,0.816496580927726,81.0,83.0,0,4410,5383425
1.0040701508404526,0.0011626263104691,1.0004626252364752,1.0078421057293547,83.0,0.0,83.0,83.0,0,4440,5383425
1.0041858473687384,0.0066369914877741,0.9480887410551664,1.1019354605860818,82.33333333333333,1.0327955589886446,81.0,83.0,0,4470,5383425
0.996253215901237,0.0328104964020957,0.6006797770517832,1.259697667846067,88.0,3.6742346141747673,85.0,92.0,0,4500,5383425
0.996141601697423,0.0152844970587838,0.9277906986794058,1.1429849044772202,92.25,4.193248541803041,86.0,95.0,0,4530,5383425
0.9963098942519923,0.0022595681004541,0.989361323887254,1.0031919711592243,71.2,2.588435821108957,68.0,74.0,0,4560,5383425
0.9962963313685016,0.0024203660502978,0.9902293732177208,1.00295643561573,76.83333333333333,1.4719601443879742,74.0,78.0,0,4590,5383425
0.9964421051170234,0.0024483276869023,0.99046386338132,1.0037773331686266,77.66666666666667,0.5163977794943223,77.0,78.0,0,4620,5383425
0.9965488601304084,0.0024159868601875,0.989722371561874,1.0036865546638551,79.83333333333333,2.0412414523193148,77.0,82.0,0,4650,5383425
0.9961599891682204,0.0023486906994623,0.9907499402351232,1.0035715537073278,80.33333333333333,0.5163977794943223,80.0,81.0,0,4680,5383425
0.9962137150149852,0.0023126911543847,0.9896256219274084,1.003343099433494,83.33333333333333,0.816496580927726,83.0,85.0,0,4710,5383425
0.996341906440074,0.0026991653453157,0.9900781577313632,1.0040329862041086,81.66666666666667,1.3662601021279464,80.0,83.0,0,4740,5383425
0.9962886127943228,0.0026425996741831,0.9889106876503764,1.0039733841907612,82.66666666666667,0.816496580927726,81.0,83.0,0,4770,5383425
0.9962986061802588,0.0026131219615943,0.9890230316200984,1.00306721303143,84.2,1.6431676725154984,83.0,86.0,0,4800,5383425
0.9964455749835348,0.0026166248597734,0.9905157648613728,1.004127681932522,83.83333333333333,1.834847859269718,81.0,86.0,0,4830,5383425
0.9962107000585348,0.0025520724362789,0.9903227952891218,1.00435515333944,83.0,1.7320508075688772,82.0,86.0,0,4860,5383425
0.9960883068415902,0.0026071153337212,0.9895529302416368,1.004993235960367,81.83333333333333,1.4719601443879744,80.0,83.0,0,4890,5383425
0.996710212985122,0.0028403392059146,0.9901873998344456,1.0045422574753589,84.16666666666667,1.3291601358251257,82.0,85.0,0,4920,5383425
0.9962126121822408,0.0025260617657542,0.9895638071911128,1.0025151640881698,83.5,1.6431676725154984,82.0,86.0,0,4950,5383425
0.9964195978152364,0.00294965315017,0.9856054658771428,1.0101504950870934,81.0,2.7386127875258306,78.0,83.0,0,4980,5383425
0.9981587513437424,0.0310748882596425,0.8048045099709928,1.2839340846390246,78.33333333333333,4.033195589934446,74.0,83.0,0,5010,5383425
0.9950854208513428,0.0020075499231529,0.9898247212667808,1.000738083862526,74.0,2.5298221281347035,71.0,77.0,0,5040,5383425
0.9949991950936514,0.0021388515120168,0.9892929479567164,1.000237320572233,79.0,3.4641016151377544,74.0,82.0,0,5070,5383425
0.9950787168148526,0.0021818433876337,0.9886814279731312,1.0010011944091326,81.5,1.6431676725154984,80.0,83.0,0,5100,5383425
0.9950001741428072,0.0022555334292117,0.9884833677242628,1.0000949609341203,84.16666666666667,1.834847859269718,83.0,87.0,0,5130,5383425
0.9950111172280648,0.002243733681959,0.9877515386230892,1.001075969765202,83.16666666666667,1.4719601443879744,82.0,85.0,0,5160,5383425
0.9948016090474868,0.0021626807554986,0.9877643157747602,1.0003554791569345,84.0,2.0,81.0,86.0,0,5190,5383425
0.9948815642902428,0.0022601350843,0.9879139732804976,1.000364421138682,84.33333333333333,1.0327955589886446,83.0,85.0,0,5220,5383425
0.9950776973835866,0.0024809413797626,0.9886901874279272,1.0154121752897884,82.33333333333333,0.816496580927726,81.0,83.0,0,5250,5383425
0.994897350199944,0.0023162989386569,0.9892566632909884,1.0043652254690074,83.66666666666667,2.3380903889000244,81.0,86.0,0,5280,5383425
0.9950135300098024,0.0027104712622681,0.9847417194631392,1.0055992619612897,85.0,2.8284271247461903,81.0,87.0,0,5310,5383425
0.995043692970952,0.0021218054971223,0.9893341691314416,1.0014618454301392,79.5,3.271085446759225,77.0,85.0,0,5340,5383425
0.9948466827536232,0.0021653377356583,0.9888888329986996,1.0007911654229815,82.83333333333333,3.311595788538611,78.0,86.0,0,5370,5383425
0.9948123841473024,0.0023629093464019,0.9886915734835864,1.0004529287039845,83.6,1.3416407864998738,83.0,86.0,0,5400,5383425
0.9950037632262616,0.0021739910276928,0.9893552312010332,1.0010985869853828,82.33333333333333,3.444802848737017,78.0,85.0,0,5430,5383425
0.9952291160467844,0.0021377885729042,0.9887435643996374,1.0009272806804448,79.5,2.8809720581775866,76.0,83.0,0,5460,5383425
0.9949296364277582,0.0019385907075572,0.9898010904917208,1.0010109136010703,80.6,2.4083189157584592,78.0,83.0,0,5490,5383425
0.9947733607533826,0.0022892990709762,0.9888460122389178,1.0003034926926229,78.0,2.898275349237888,74.0,83.0,0,5520,5383425
0.994856018079188,0.0021567729344251,0.9893746759466102,1.001584006319994,82.33333333333333,1.0327955589886446,81.0,83.0,0,5550,5383425
0.9949282235808058,0.0023098368810417,0.9887652110887902,1.000252790908928,85.0,2.1908902300206643,83.0,87.0,0,5580,5383425
0.9951818265482248,0.0024176917949407,0.9880400163446014,1.0015657975719467,86.4,0.5477225575051661,86.0,87.0,0,5610,5383425
0.99510071021479,0.0023808539074007,0.9882878382503146,1.001006045244683,83.0,2.5298221281347035,80.0,86.0,0,5640,5383425
0.9959805589592896,0.0137172298411075,0.9404540688859716,1.1786567789036,82.66666666666667,2.581988897471611,78.0,86.0,0,5670,5383425
0.9949201819497292,0.0016038224287014,0.990474055071858,0.999717828818002,79.66666666666667,3.07679486912382,76.0,83.0,0,5700,5383425
0.9949505280814672,0.0017846918471791,0.9894843446349872,0.9995031095297804,83.83333333333333,2.1369760566432805,81.0,86.0,0,5730,5383425
0.9950888108293175,0.0017590298944858,0.9904487802698432,1.0007446869909675,81.83333333333333,3.188521078284832,78.0,86.0,0,5760,5383425
0.9948364081995352,0.0017519356053034,0.9898008781121028,0.9997333883222916,82.4,1.51657508881031,81.0,85.0,0,5790,5383425
0.9949866274693004,0.0018708959709737,0.9888348728071992,1.0006829552617251,83.0,1.7888543819998317,81.0,85.0,0,5820,5383425
0.9951151914935776,0.0018584129534735,0.9898271701502036,1.000451212371343,83.0,0.0,83.0,83.0,0,5850,5383425
0.995165942569588,0.0019738695361402,0.9878471379781034,1.0008604010191633,84.33333333333333,1.505545305418162,83.0,86.0,0,5880,5383425
0.995117830473088,0.0018740824761548,0.988752596264652,0.9995560440736078,84.0,1.4142135623730951,83.0,86.0,0,5910,5383425
0.9948465740838988,0.0019093061434371,0.9887395603235162,1.0003765916876304,83.0,1.6733200530681511,81.0,86.0,0,5940,5383425
0.9949214202702654,0.0019643714978249,0.9888204992134012,0.9998934811156488,83.66666666666667,1.505545305418162,82.0,86.0,0,5970,5383425
0.9951815226778132,0.0017828172951401,0.989559863643332,1.0003839999929227,86.0,0.0,86.0,86.0,0,6000,5383425
0.9949067112201748,0.0017755608800724,0.990187524879414,1.0014600805071912,83.66666666666667,2.6583202716502514,81.0,87.0,0,6030,5383425
0.9990106562488218,0.0425653221100019,0.8761260774793831,1.4985830650532057,92.4,0.8944271909999159,92.0,94.0,0,6060,5383425
0.9958839859417832,0.0028555247071618,0.988068377560546,1.0026985548712484,81.83333333333333,4.62240918425302,77.0,90.0,0,6090,5383425
0.9951861682442612,0.0027284942523242,0.9874978595273916,1.0025349313188343,84.33333333333333,1.505545305418162,83.0,86.0,0,6120,5383425
0.9958148813221376,0.0029869003678509,0.9876871892813333,1.0043373658223864,85.0,1.5491933384829668,83.0,86.0,0,6150,5383425
0.9951097773563958,0.0028458213131058,0.9863077326179746,1.0023756711554954,85.0,0.0,85.0,85.0,0,6180,5383425
0.9961084112746804,0.0032816666217052,0.9870217357831234,1.008115763231049,85.33333333333333,1.505545305418162,83.0,87.0,0,6210,5383425
0.9951460450358264,0.0029126001480754,0.9866400586392892,1.0049780296981323,84.5,1.6431676725154984,83.0,86.0,0,6240,5383425
0.9951778832681608,0.0027150619257915,0.9885702809836536,1.003258425861692,85.83333333333333,0.408248290463863,85.0,86.0,0,6270,5383425
0.9954029312209756,0.0027707962203446,0.987509199967737,1.002195214492441,85.16666666666667,1.1690451944500122,83.0,86.0,0,6300,5383425
0.9955292791296212,0.0028636478693136,0.9878795999943212,1.0034078986620496,84.8,1.7888543819998317,83.0,87.0,0,6330,5383425
0.9959833287594028,0.0029674213196306,0.9885888636910848,1.003425220250049,85.83333333333333,1.4719601443879742,83.0,87.0,0,6360,5383425
0.995495868883172,0.0028081609177332,0.9864752773563916,1.003537270940412,86.0,0.8944271909999159,85.0,87.0,0,6390,5383425
0.9955418019772904,0.0029495024306674,0.9870251719256302,1.003258425861692,85.33333333333333,2.875181153713043,83.0,90.0,0,6420,5383425
0.99538310516629,0.0027914802652954,0.9867394443160212,1.0026953892406258,85.5,2.345207879911715,83.0,89.0,0,6450,5383425
0.9950530807318142,0.0027517063688917,0.9871216732479436,1.001565114640511,85.66666666666667,2.338090388900024,83.0,89.0,0,6480,5383425
0.9953587363554572,0.0027387919931347,0.987953112821808,1.002015103430652,86.8,2.04939015319192,85.0,89.0,0,6510,5383425
0.994955091067644,0.0026122335236645,0.9860817921699296,1.0030506318166643,86.33333333333333,0.5163977794943223,86.0,87.0,0,6540,5383425
0.9954924540094476,0.0028482832905884,0.9877761923514556,1.002285791316793,86.5,0.5477225575051661,86.0,87.0,0,6570,5383425
0.9949748048741724,0.0029264694518221,0.9859757890006328,1.0022624827606388,87.33333333333333,0.816496580927726,87.0,89.0,0,6600,5383425
0.9953463949926564,0.002605457122192,0.9880960406006746,1.0020166525801957,81.5,3.5071355833500366,78.0,87.0,0,6630,5383425
0.9950483119468198,0.002834211088784,0.9877418626535832,1.0025013300231476,83.8,1.6431676725154982,82.0,86.0,0,6660,5383425
0.99507208245413,0.0026322833843601,0.9881852780413752,1.0025349313188343,86.0,0.0,86.0,86.0,0,6690,5383425
0.9951468575566932,0.0027576427358555,0.988138447332574,1.002943344938656,85.33333333333333,1.2110601416389966,83.0,86.0,0,6720,5383425
0.9956191247571629,0.0162754663076197,0.8998525536691941,1.2402011816289606,87.4,1.51657508881031,86.0,90.0,0,6750,5383425
0.9950654583205004,0.0021665302946595,0.9900591220482996,1.000777607592601,82.83333333333333,7.600438583836243,74.0,92.0,0,6780,5383425
0.9953679489638724,0.0024473527258934,0.988693502366866,1.001525371983316,84.33333333333333,1.505545305418162,83.0,86.0,0,6810,5383425
0.9949579532097532,0.0025229932755104,0.9882756879004412,1.001999531386023,85.2,1.3038404810405295,83.0,86.0,0,6840,5383425
0.9956594909084528,0.0026596433504266,0.9895835820262734,1.0041875145467902,86.85714285714286,1.0690449676496976,86.0,89.0,0,6870,5383425
0.9952793149459734,0.0024708529951367,0.9875129171552696,1.0025770752799457,85.16666666666667,1.1690451944500122,83.0,86.0,0,6900,5383425
0.9954772270782086,0.0025695877537223,0.9888097247665296,1.0016531074614057,85.4,1.949358868961793,82.0,87.0,0,6930,5383425
0.9956118042610852,0.0024424152354495,0.9885959270588616,1.0016482959616664,84.83333333333333,1.4719601443879742,82.0,86.0,0,6960,5383425
0.9953503023770444,0.0027395998962651,0.9884005001861542,1.002671690298285,86.66666666666667,0.5163977794943222,86.0,87.0,0,6990,5383425
0.9949239808857444,0.0024624821614876,0.9882341447963128,1.0015418368193565,87.6,2.701851217221259,85.0,91.0,0,7020,5383425
0.995294774813544,0.0023782973065,0.988597574931428,1.0025496194344148,86.5,0.5477225575051661,86.0,87.0,0,7050,5383425
0.9951662826555514,0.0023533618105287,0.9883118835148044,1.002035006875179,86.16666666666667,0.408248290463863,86.0,87.0,0,7080,5383425
0.9953507540791428,0.0024618146152167,0.9870555239456846,1.0013647320722356,87.0,3.03315017762062,83.0,91.0,0,7110,5383425
0.995522075078008,0.0025570100049514,0.9888179667273144,1.0047274356274392,85.66666666666667,0.5163977794943223,85.0,86.0,0,7140,5383425
0.9952014273771476,0.0024347484795196,0.987338542425216,1.0010292685092927,87.66666666666667,1.505545305418162,86.0,89.0,0,7170,5383425
0.9952163780342748,0.0024405695589365,0.9872029723609274,1.0026925401217464,87.2,1.095445115010332,86.0,89.0,0,7200,5383425
0.9954003742527024,0.0025725456420826,0.9880497707844378,1.0016867778357514,86.16666666666667,0.408248290463863,86.0,87.0,0,7230,5383425
0.995756170104062,0.0024701677289425,0.9884967203096122,1.0016446225824904,86.5,0.5477225575051661,86.0,87.0,0,7260,5383425
0.9955688485339316,0.0024140796557202,0.9884654549740672,1.0022635559971935,86.5,0.5477225575051661,86.0,87.0,0,7290,5383425
0.9953609186936364,0.0093633879915176,0.9424049028845616,1.123957354772969,82.0,6.442049363362563,74.0,87.0,0,7320,5383425
0.9947755116737286,0.0026556935223763,0.988438631950912,1.002194136075536,80.33333333333333,2.7325202042558927,76.0,83.0,0,7350,5383425
0.9950022003982278,0.0027336810815835,0.9883574015934672,1.0029700785117222,83.6,2.3021728866442674,81.0,86.0,0,7380,5383425
0.9949209904703844,0.0029379734838416,0.9864115939580088,1.0020956723801826,83.33333333333333,0.816496580927726,83.0,85.0,0,7410,5383425
0.9948908189852,0.0027037136000853,0.9875893246268208,1.0007389034025358,81.16666666666667,3.0605010483034745,77.0,85.0,0,7440,5383425
0.9947604981472368,0.0027907173709398,0.9878589348740132,1.0022386651039863,85.6,0.5477225575051661,85.0,86.0,0,7470,5383425
0.9952194793513868,0.0028361466925088,0.9880599520386452,1.0016503994002948,84.66666666666667,1.3662601021279464,83.0,86.0,0,7500,5383425
0.9946354220772214,0.0028448808482579,0.9861593364360244,1.0020751583079186,86.6,0.5477225575051661,86.0,87.0,0,7530,5383425
0.9950663076887072,0.0028237510167363,0.9885328476614372,1.0028665775923984,85.83333333333333,0.7527726527090811,85.0,87.0,0,7560,5383425
0.995136201489909,0.0029106090538846,0.9872427576545648,1.0023138514634276,85.8,0.4472135954999579,85.0,86.0,0,7590,5383425
0.9953084007406486,0.0027226426378053,0.98897165215048,1.0029759705201615,85.5,1.224744871391589,83.0,86.0,0,7620,5383425
0.9950525901245154,0.0104963827282463,0.925896466239255,1.0903830358608346,86.16666666666667,0.752772652709081,85.0,87.0,0,7650,5383425
0.9948321250038812,0.0051434718514207,0.9530509102687328,1.0364849532760858,79.33333333333333,5.08592829940284,73.0,85.0,0,7680,5383425
0.994959141418834,0.002208370306941,0.9882439063649168,1.0011940107547688,83.0,0.0,83.0,83.0,0,7710,5383425
0.9949940656638137,0.0024110419520973,0.988999716298852,1.002474400693913,84.33333333333333,1.0327955589886446,83.0,85.0,0,7740,5383425
0.9957865305713148,0.0502702125480464,0.5835480564833885,1.4975817386849943,86.2,0.8366600265340756,85.0,87.0,0,7770,5383425
0.996245951504972,0.0024932800477984,0.9912440244499788,1.004392130951124,79.33333333333333,5.785038173311103,74.0,87.0,0,7800,5383425
0.9965944852802328,0.0025693021587643,0.9909322063197412,1.0049996831482635,81.33333333333333,0.5163977794943223,81.0,82.0,0,7830,5383425
0.996446413336756,0.0027489822185996,0.9891836694119904,1.0029344152584905,82.0,2.0976176963403037,80.0,86.0,0,7860,5383425
0.9964084327613928,0.0026236255883311,0.9892569219065136,1.0030506475553715,83.5,2.073644135332772,81.0,86.0,0,7890,5383425
0.9961820863895208,0.00256869486521,0.9896880722932856,1.0028237031696696,82.8,1.3038404810405295,82.0,85.0,0,7920,5383425
0.996223491201866,0.0025232673037528,0.9907834469588348,1.0035060760849484,83.66666666666667,1.0327955589886446,83.0,85.0,0,7950,5383425
0.996522244241858,0.0027910008377889,0.989932179014684,1.0040532326947114,85.2,0.4472135954999579,85.0,86.0,0,7980,5383425
0.996591531614323,0.0026149072532822,0.989527170079958,1.0029610638730648,86.0,1.7320508075688772,85.0,89.0,0,8010,5383425
0.996328814472065,0.0028919433869588,0.9847297413669752,1.0062562426631252,85.28571428571429,1.7043362064926932,83.0,87.0,0,8040,5383425
0.996552066583726,0.0026091515381399,0.989042437435447,1.0025979667774865,85.5,0.5477225575051661,85.0,86.0,0,8070,5383425
0.996464497994658,0.0026524171537127,0.9902908118415872,1.0030446845427825,86.0,0.0,86.0,86.0,0,8100,5383425
0.9966063215095532,0.0027225342132077,0.989724561803616,1.003019927488208,86.16666666666667,0.7527726527090811,85.0,87.0,0,8130,5383425
0.9963224548502831,0.0030379778258132,0.9817978967075556,1.0140048483060966,84.83333333333333,0.9831920802501752,83.0,86.0,0,8160,5383425
0.9964268569259876,0.0026062445514169,0.9900659755517964,1.0025561898204958,84.0,1.4142135623730951,83.0,86.0,0,8190,5383425
0.9963007341697186,0.0026220283408457,0.9902789139970768,1.0026666333832843,84.83333333333333,0.9831920802501752,83.0,86.0,0,8220,5383425
0.9963311128742262,0.0126959145099469,0.8623083496398432,1.0732964322579437,85.33333333333333,1.2110601416389966,83.0,86.0,0,8250,5383425
1.0073671456493951,0.0313594172369287,0.7560291633699655,1.198422389855455,89.6,4.9295030175464944,86.0,95.0,0,8280,5383425
1.006750872430275,0.0008818153735189,1.004502762330806,1.0095547927918622,80.33333333333333,16.083117442419756,65.0,95.0,0,8310,5383425
1.0068845718274069,0.0008731868922538,1.0045237229265869,1.00955281581788,73.4,2.8809720581775866,69.0,77.0,0,8340,5383425
1.0068212643764327,0.0008654753453573,1.0031988668794836,1.0100127439193924,77.33333333333333,0.816496580927726,76.0,78.0,0,8370,5383425
1.00687819624513,0.0008612833173699,1.0044001068361004,1.0092829631921665,75.83333333333333,2.6394443859772205,72.0,78.0,0,8400,5383425
1.0068423830368245,0.0009212458137223,1.0042497885106123,1.0095784046181902,78.5,1.6431676725154984,77.0,80.0,0,8430,5383425
1.006911935033295,0.0008512632330701,1.004684865730633,1.0096046625049628,77.83333333333333,1.1690451944500122,77.0,80.0,0,8460,5383425
1.0069580474274544,0.0009456203930467,1.004544781560847,1.009889703909402,78.83333333333333,1.7224014243685084,77.0,81.0,0,8490,5383425
1.006943519881329,0.0009835272775489,1.0044116441725377,1.0097387650786416,77.4,0.5477225575051661,77.0,78.0,0,8520,5383425
1.0067168373653932,0.0008756811137483,1.004430432583009,1.0088782638995946,77.83333333333333,1.7224014243685084,76.0,81.0,0,8550,5383425
1.0067608988377408,0.0008722434679159,1.0041221629291228,1.009311103065155,76.6,0.5477225575051661,76.0,77.0,0,8580,5383425
1.0072531657983506,0.0011281472133678,1.0045961494704676,1.011237823147063,79.5,1.224744871391589,78.0,81.0,0,8610,5383425
1.0067393585892337,0.0009116129953015,1.0042716021768665,1.0090314292124205,76.33333333333333,1.96638416050035,74.0,78.0,0,8640,5383425
1.0066777028880995,0.0009581762042253,1.0041173292806225,1.0094737323097565,77.8,0.4472135954999579,77.0,78.0,0,8670,5383425
1.0066984849241032,0.0008728556714028,1.004426327770066,1.0094648537752118,78.33333333333333,0.816496580927726,78.0,80.0,0,8700,5383425
1.0067046896363503,0.0009024470318888,1.004411412207418,1.0091595125460395,80.16666666666667,1.1690451944500122,78.0,81.0,0,8730,5383425
1.006566160589801,0.0008688650851244,1.0036864119485378,1.0091900482994864,79.33333333333333,1.505545305418162,78.0,81.0,0,8760,5383425
1.0066875595147975,0.0009142240009841,1.0044465045629558,1.0093065535906969,80.83333333333333,0.9831920802501752,80.0,82.0,0,8790,5383425
1.00659275915189,0.00096015059842,1.003539897634932,1.0096110313945366,80.8,0.8366600265340756,80.0,82.0,0,8820,5383425
1.006568564890497,0.0009516392482818,1.003560753917759,1.0094696543606103,80.0,1.2649110640673518,78.0,82.0,0,8850,5383425
1.0064941294018286,0.0009040511948267,1.0038710978867258,1.0085971860117051,78.33333333333333,0.816496580927726,78.0,80.0,0,8880,5383425
1.0065248250948269,0.0009529200697525,1.003543947291642,1.00887240617872,79.33333333333333,1.0327955589886446,78.0,80.0,0,8910,5383425
1.0063832135085995,0.0016082319268296,0.9975944374510164,1.0118894676016843,81.4,2.3021728866442674,78.0,83.0,0,8940,5383425
1.0065158128485576,0.0009338566360609,1.0040003546546834,1.0097907112902802,80.66666666666667,0.5163977794943223,80.0,81.0,0,8970,5383425
1.006527727445535,0.000996566284204,1.0041506121525696,1.0090435733935428,79.83333333333333,2.6394443859772205,76.0,82.0,0,9000,5383425
1.0063758684779762,0.0009742749463184,1.003543947291642,1.0094902340375265,78.5,1.6431676725154984,77.0,81.0,0,9030,5383425
1.0064441719797697,0.0008983530513759,1.0034152679890216,1.009326647630077,78.6,1.3416407864998738,77.0,80.0,0,9060,5383425
1.0068767594612609,0.0037733507595442,1.0004475962047836,1.063045060439796,78.16666666666667,0.9831920802501752,77.0,80.0,0,9090,5383425
1.0063868441568975,0.0009824549734764,1.0037047780054702,1.0090618116099923,71.5,2.7386127875258306,69.0,74.0,0,9120,5383425
1.0063229369265123,0.000912628869858,1.0041019316622242,1.0095095827249685,74.2,3.5637059362410923,69.0,78.0,0,9150,5383425
1.0063783348520503,0.0009281529322438,1.0043142293881382,1.0087446408839356,77.5,0.5477225575051661,77.0,78.0,0,9180,5383425
1.0064154227561843,0.0010376110166572,1.0036773373801064,1.0092025436073129,78.33333333333333,1.8618986725025253,76.0,81.0,0,9210,5383425
1.00653703294781,0.003188099720723,0.9802244180047904,1.0317277416905974,78.4,1.51657508881031,77.0,81.0,0,9240,5383425
1.006382071930077,0.0013893654758697,0.992659954795372,1.0098440886436728,73.83333333333333,3.0605010483034745,69.0,77.0,0,9270,5383425
1.00668373318852,0.0009902569303539,1.0031181549890371,1.0090281006100572,73.83333333333333,3.0605010483034745,71.0,78.0,0,9300,5383425
1.006549850251515,0.0009792852683821,1.0035535388290802,1.00908810704932,74.66666666666667,1.96638416050035,72.0,77.0,0,9330,5383425
1.0065396325730327,0.0009984120003809,1.00292605719186,1.0091833125656904,74.83333333333333,1.834847859269718,73.0,78.0,0,9360,5383425
1.0065028008918382,0.0010708359759077,1.00326328917202,1.009241226814229,75.0,1.5491933384829668,74.0,77.0,0,9390,5383425
1.006551082489902,0.0011581349591501,1.0029564276024507,1.0102018499828338,76.8,0.4472135954999579,76.0,77.0,0,9420,5383425
1.0064048053780303,0.0010365503000264,1.0031389191453894,1.0096210291525132,77.5,0.5477225575051661,77.0,78.0,0,9450,5383425
1.0066258149459104,0.0010021708173216,1.00414038093416,1.0095318178993815,79.33333333333333,1.505545305418162,78.0,81.0,0,9480,5383425
1.0065055613220428,0.0011042696248074,1.0036115041917617,1.0091182434909003,78.66666666666667,1.505545305418162,77.0,81.0,0,9510,5383425
1.0066053012605218,0.0010221627024319,1.0038083288382549,1.009387229358134,80.66666666666667,2.3380903889000244,78.0,83.0,0,9540,5383425
1.0066898400671875,0.0009711454397801,1.0035202566058594,1.0096210291525132,78.0,0.0,78.0,78.0,0,9570,5383425
1.0068038125548913,0.0193514797805406,0.848278886202315,1.1014870658849971,77.83333333333333,0.408248290463863,77.0,78.0,0,9600,5383425
0.9957571078549496,0.0461569261777163,0.6503491094051409,1.5861206318735532,81.33333333333333,2.422120283277993,78.0,85.0,0,9630,5383425
0.9944609049321624,0.0024561104292384,0.9886017731660256,1.001302135663382,72.83333333333333,4.215052391924288,69.0,77.0,0,9660,5383425
0.9948205532921508,0.0025741595570455,0.988591285790508,1.0021445030718323,72.83333333333333,0.9831920802501752,72.0,74.0,0,9690,5383425
0.9948703475381356,0.0025786776289746,0.986794780426052,1.0028435604021646,74.33333333333333,1.505545305418162,72.0,76.0,0,9720,5383425
0.9949086420746436,0.0027707792515268,0.984903668922088,1.002756367074959,73.66666666666667,0.5163977794943223,73.0,74.0,0,9750,5383425
0.9947287776428648,0.0025694629821013,0.9880136272177322,1.0009574656167264,75.16666666666667,1.3291601358251257,74.0,77.0,0,9780,5383425
0.9946334898652552,0.0025686550488229,0.986981392028406,1.001254639971521,75.83333333333333,1.4719601443879744,74.0,77.0,0,9810,5383425
0.9949175542548032,0.0030997188129978,0.9856213653595838,1.0059641276561058,76.4,1.51657508881031,74.0,78.0,0,9840,5383425
0.9947875073405086,0.0026120292694828,0.988219064940588,1.0026450234024054,77.33333333333333,0.5163977794943223,77.0,78.0,0,9870,5383425
0.9949004229065788,0.0027332848711976,0.9884908597250104,1.0021693156309714,77.2,0.4472135954999579,77.0,78.0,0,9900,5383425
0.9947456259166244,0.0027203847243537,0.987859934796133,1.005071890799887,78.5,1.224744871391589,78.0,81.0,0,9930,5383425
0.994959712039359,0.0026257359724381,0.9892636756655728,1.003544042358685,74.83333333333333,2.562550812504343,71.0,77.0,0,9960,5383425
0.995096151796058,0.0028698791593126,0.9814641967202982,1.0029828726990957,74.83333333333333,1.7224014243685084,73.0,77.0,0,9990,5383425
0.995028148955248,0.002737915110668,0.9890080347105578,1.002633564549028,77.66666666666667,0.5163977794943223,77.0,78.0,0,10020,5383425
0.9951491145344468,0.0030886442885787,0.9827420143131208,1.0043501516783775,77.6,0.5477225575051661,77.0,78.0,0,10050,5383425
0.9949088435384792,0.0029583497289109,0.9844579989627846,1.003564694692704,77.83333333333333,0.408248290463863,77.0,78.0,0,10080,5383425
0.9951656309379968,0.0028895281930084,0.9871852511776044,1.005931196689356,77.5,0.5477225575051661,77.0,78.0,0,10110,5383425
0.9986920458559936,0.0330780193906317,0.8218550357470957,1.2889507220662433,81.33333333333333,5.955389715767279,77.0,89.0,0,10140,5383425
0.9973391164309524,0.0009739750876525,0.9946234052547828,0.9997867273740034,77.6,6.50384501660364,71.0,87.0,0,10170,5383425
0.9973176836472962,0.0009683654908139,0.9944983963357608,0.9999753839867158,70.83333333333333,0.9831920802501752,69.0,72.0,0,10200,5383425
0.997355123320688,0.0010402780772953,0.9932567058053724,1.0001169170368185,73.5,1.378404875209022,72.0,76.0,0,10230,5383425
0.9975148698841456,0.0010626892632321,0.9945970888019984,1.0003529069923922,74.5,1.760681686165901,72.0,77.0,0,10260,5383425
0.9976194420376168,0.0010209284079955,0.9942054491923186,1.0004601507148798,76.2,2.0493901531919194,73.0,78.0,0,10290,5383425
0.9976559587027292,0.0010645757128455,0.9929648746390832,1.0005171015000294,75.33333333333333,1.0327955589886446,74.0,76.0,0,10320,5383425
0.9977733186442448,0.0010077312669399,0.9952086916839552,1.0003793311701217,74.83333333333333,1.3291601358251257,74.0,77.0,0,10350,5383425
0.9979256717441404,0.0009930198138211,0.9946317848410484,1.0005163995200628,73.8,3.834057902536163,69.0,78.0,0,10380,5383425
0.9978514272473136,0.0009937450658819,0.9952474032347234,1.0007778542494232,73.0,2.0,69.0,74.0,0,10410,5383425
0.9978157901710688,0.0010783844452517,0.9948352383715908,1.0009523809197818,75.2,1.7888543819998317,74.0,78.0,0,10440,5383425
0.9978570410202292,0.0009871221690626,0.9954986522001824,1.0003955628174337,73.5,0.5477225575051661,73.0,74.0,0,10470,5383425
0.9978015173285746,0.0010459965721774,0.9951966701024124,1.0007640824565247,73.5,0.5477225575051661,73.0,74.0,0,10500,5383425
0.997948474377663,0.0010806626679757,0.994772833178314,1.0066193207605942,73.66666666666667,2.875181153713043,69.0,77.0,0,10530,5383425
0.9979043603548888,0.0009784254503204,0.9944802008879464,1.0004928194364715,76.0,1.7320508075688772,73.0,77.0,0,10560,5383425
0.9979276358996072,0.0009354592358813,0.9958588628496812,1.000419218458507,73.83333333333333,1.7224014243685084,72.0,77.0,0,10590,5383425
0.9980340623100812,0.0009415370277834,0.9959335286856498,1.001693957302978,71.4,2.3021728866442674,69.0,74.0,0,10620,5383425
0.9979645974130446,0.0009610474989494,0.9950406069680724,1.0007550695341694,74.16666666666667,0.9831920802501752,73.0,76.0,0,10650,5383425
0.9981138316540288,0.001162915212383,0.995717970814658,1.0065858714129758,75.66666666666667,2.3380903889000244,71.0,77.0,0,10680,5383425
0.997971675718884,0.0022338231602007,0.9671432155390688,1.0063973757755382,73.2,1.9235384061671343,71.0,76.0,0,10710,5383425
0.9980842447377052,0.0013509214341497,0.9905142304345405,1.00331712808167,79.57142857142857,5.442338432975996,71.0,86.0,0,10740,5383425
0.998085874425842,0.0010173310478449,0.9952061398148276,1.0009830378953033,69.6,1.3416407864998738,68.0,71.0,0,10770,5383425
0.9980195116598888,0.0010802359822371,0.9943438972333716,1.001328247826176,72.83333333333333,0.9831920802501752,72.0,74.0,0,10800,5383425
0.9980693584091624,0.0009890601486614,0.9952834292890492,1.0010749155508694,71.4,2.1908902300206643,68.0,74.0,0,10830,5383425
0.9980867477963178,0.0009887937300547,0.9952363606457212,1.0016217738427065,76.42857142857143,1.8126539343499315,74.0,78.0,0,10860,5383425
0.9981619809661412,0.000913115870541,0.9957394346300944,1.0014075550913224,76.4,1.949358868961793,73.0,78.0,0,10890,5383425
0.9981173949925676,0.0009623290615996,0.9953581384986764,1.0008316679515192,73.0,0.6324555320336759,72.0,74.0,0,10920,5383425
0.998164956579194,0.0009775232502318,0.994891700315748,1.000544701235267,75.0,1.095445115010332,74.0,76.0,0,10950,5383425
0.9982539389817484,0.0010793651601224,0.995535133675658,1.0013291822978745,75.0,1.5491933384829668,73.0,77.0,0,10980,5383425
0.9982300086363858,0.0011449428229317,0.9946607510251574,1.0034521605623707,73.5,2.7386127875258306,71.0,77.0,0,11010,5383425
0.997926201183816,0.0037059190499667,0.981350244310022,1.033022068391794,77.66666666666667,3.1411250638372654,74.0,81.0,0,11040,5383425
0.9974134411297064,0.0009801787864286,0.9947457029622796,1.0004956437264532,74.0,1.224744871391589,73.0,76.0,0,11070,5383425
0.99733183169896,0.0009109563897471,0.9946083107909012,0.9998792784301014,76.0,0.0,76.0,76.0,0,11100,5383425
0.9974376413640652,0.0009786720336021,0.9943044470922224,1.000344138225386,76.2,0.4472135954999579,76.0,77.0,0,11130,5383425
0.9973674266364044,0.0009960065404378,0.9943064863789284,1.0003338986813004,72.71428571428571,1.2535663410560174,71.0,74.0,0,11160,5383425
0.9973306802027716,0.0009702134839564,0.9946093973264882,0.9997292941508616,75.0,1.8973665961010275,73.0,77.0,0,11190,5383425
0.9974193828578076,0.0009383781924683,0.9946228429093462,0.9995657083371008,75.33333333333333,1.505545305418162,74.0,77.0,0,11220,5383425
0.997401840948298,0.000928155491472,0.994921659905035,0.999727150345183,76.2,1.3038404810405295,74.0,77.0,0,11250,5383425
0.9974769653372212,0.0008971369373347,0.9947381100034824,1.000044386418188,73.33333333333333,2.065591117977289,71.0,77.0,0,11280,5383425
0.9973840832863212,0.0008750205693647,0.99508640709967,0.9995789250710072,71.33333333333333,2.943920288775949,68.0,74.0,0,11310,5383425
0.9974989064402534,0.0009431389019323,0.9946119985678136,1.0000451124075254,74.33333333333333,1.3662601021279464,73.0,76.0,0,11340,5383425
0.9981798844956836,0.073455888249781,0.6371646070316288,1.7160589866359637,81.0,4.289522117905444,77.0,86.0,0,11370,5383425
0.9931748586507054,0.0010868318036244,0.989585757526168,0.9974667105890253,72.83333333333333,1.8348478592697175,71.0,76.0,0,11400,5383425
0.99305515439972,0.0010290426482813,0.9893736393046816,0.9961593881942438,72.16666666666667,1.1690451944500122,71.0,74.0,0,11430,5383425
0.9930064831327896,0.0010532382069311,0.9894864354333566,0.9956183109321012,74.8,1.095445115010332,74.0,76.0,0,11460,5383425
0.9930485693042658,0.0010766811879596,0.9905494316462454,0.9961769170661704,74.8,1.7888543819998317,74.0,78.0,0,11490,5383425
0.9928873680582914,0.0010314521702191,0.9896863446533402,0.9963779546649804,72.16666666666667,1.8348478592697175,69.0,74.0,0,11520,5383425
0.9928409101034926,0.0010705726024082,0.9899205672926844,0.9959227799205168,73.0,2.0,69.0,74.0,0,11550,5383425
0.992907484170066,0.0010672441333925,0.9892709066903412,0.9964757163674788,74.6,1.816590212458495,73.0,77.0,0,11580,5383425
0.9928445489386286,0.0010429545994008,0.9895816375718528,0.9958375041486536,74.5,1.9748417658131496,73.0,77.0,0,11610,5383425
0.9927977243043468,0.0010767503124688,0.9898437065963648,0.9959306689364829,73.5,2.949576240750525,71.0,77.0,0,11640,5383425
0.9928981866707264,0.0010897702046393,0.9898997537270277,0.9957095971495704,73.5,0.5477225575051661,73.0,74.0,0,11670,5383425
0.992751274735264,0.0011710857766737,0.9893450691460992,0.9953942840820916,74.83333333333333,1.3291601358251257,73.0,76.0,0,11700,5383425
0.9928208426845352,0.001101622052712,0.9895193017080768,0.9954857878154264,72.8,1.3038404810405295,71.0,74.0,0,11730,5383425
0.9926979662783064,0.0010730576199943,0.9891325005789364,0.9957898459790098,74.16666666666667,0.9831920802501752,73.0,76.0,0,11760,5383425
0.9926376876340324,0.0012035263127449,0.9890689783957132,0.9952512937725576,72.5,1.224744871391589,71.0,74.0,0,11790,5383425
0.9926431628695844,0.0010407131390152,0.9897872527046052,0.995919775357644,74.83333333333333,1.834847859269718,72.0,76.0,0,11820,5383425
0.9926282812239196,0.0011562144799953,0.9889267058821852,0.9956361035198252,74.16666666666667,1.4719601443879744,73.0,77.0,0,11850,5383425
0.9926497558693896,0.0011504404741363,0.9888771643312632,0.9957756379638688,76.8,0.8366600265340756,76.0,78.0,0,11880,5383425
0.9926276827779752,0.0010698222176306,0.9896903699456312,0.9952797193075622,73.5,1.6431676725154984,71.0,76.0,0,11910,5383425
0.9926438388347916,0.0010850501046508,0.9899870228197286,0.9953657373502216,71.83333333333333,2.3166067138525404,69.0,74.0,0,11940,5383425
0.9924279851841258,0.0010746895652653,0.989405168614931,0.99514204045512,73.66666666666667,2.065591117977289,71.0,77.0,0,11970,5383425
0.9920212224146197,0.0011356881966891,0.989281198723275,0.9949420913531802,74.83333333333333,3.0605010483034745,72.0,80.0,0,12000,5383425
0.9920385506966138,0.0011085598558032,0.9893377487528716,0.9955516414152056,75.66666666666667,0.816496580927726,74.0,76.0,0,12030,5383425
0.9920923127284592,0.0011568680142981,0.9886862597814284,0.9962913080471294,74.6,1.816590212458495,73.0,77.0,0,12060,5383425
0.9919449647451002,0.0010610278883802,0.9889436327651188,0.995170616811027,76.33333333333333,1.2110601416389968,74.0,77.0,0,12090,5383425
0.9920261682826976,0.0011195483135937,0.988967589865214,0.9948461046162568,75.0,1.5491933384829668,73.0,77.0,0,12120,5383425
0.9921047044844282,0.0012413118211736,0.988981272125873,0.995170616811027,75.16666666666667,1.3291601358251257,74.0,77.0,0,12150,5383425
0.9921394329841394,0.0011324308621631,0.9889045858138488,0.9950469941857468,74.33333333333333,0.816496580927726,74.0,76.0,0,12180,5383425
0.9920011069213184,0.0010859512248302,0.9893337981233482,0.995170616811027,73.66666666666667,0.5163977794943223,73.0,74.0,0,12210,5383425
0.9920946377340324,0.0012038471539113,0.9886403686245724,0.9958687667832244,73.0,2.9154759474226504,69.0,77.0,0,12240,5383425
0.9920229633551302,0.0010087534740241,0.988874741355461,0.995065231520296,73.57142857142857,3.25868802112869,69.0,77.0,0,12270,5383425
0.992161691950308,0.0011255121113493,0.9892499466221568,0.995323431654706,75.2,1.6431676725154982,74.0,77.0,0,12300,5383425
0.9921557563719232,0.0010806301397732,0.988811090702031,0.9948815290902432,75.66666666666667,1.3662601021279464,74.0,77.0,0,12330,5383425
0.9922460038568556,0.001216823560567,0.9891838370246252,0.995798161505724,75.0,1.095445115010332,74.0,76.0,0,12360,5383425
0.9921898272834966,0.0010992365548105,0.9889012460160468,0.9947479229994602,72.8,1.3038404810405295,71.0,74.0,0,12390,5383425
0.9921508299895444,0.0009918320544334,0.9899278495734172,0.9955812688210038,74.0,1.095445115010332,73.0,76.0,0,12420,5383425
0.9920333489123466,0.0010519475901112,0.9894133896395684,0.9961956940983484,74.83333333333333,1.3291601358251257,74.0,77.0,0,12450,5383425
0.9920570163755936,0.0010850394187941,0.9890009728141474,0.994921393352716,72.83333333333333,1.1690451944500122,71.0,74.0,0,12480,5383425
0.9920246195151612,0.0010926915170216,0.9896669816394352,0.9956837983374944,75.66666666666667,1.3662601021279464,73.0,77.0,0,12510,5383425
0.9921428575169496,0.0010825297003952,0.9893433510031844,0.995798161505724,76.2,0.4472135954999579,76.0,77.0,0,12540,5383425
0.9918812172365388,0.0010439631297587,0.9889601717241804,0.9949529018497408,74.0,0.0,74.0,74.0,0,12570,5383425
0.9919945256131152,0.0010395818036962,0.9885207174607824,0.994415111047831,73.5,0.8366600265340756,72.0,74.0,0,12600,5383425
0.9920079082382824,0.0010725814869502,0.9893122921615096,0.9960314174937456,74.16666666666667,1.4719601443879746,73.0,76.0,0,12630,5383425
0.9920249090651416,0.0011209224392119,0.989419931055242,0.995039475491209,73.8,1.4832396974191324,72.0,76.0,0,12660,5383425
0.9920267191761464,0.0010901177808521,0.988971906551713,0.9948132900899044,75.5,1.6431676725154984,74.0,77.0,0,12690,5383425
0.9919176832746248,0.001101964030512,0.9889984122973454,0.994592932562081,75.66666666666667,1.3662601021279464,74.0,77.0,0,12720,5383425
0.991884561487886,0.0010517276763884,0.9888789921871936,0.9948074206096928,74.8,1.095445115010332,74.0,76.0,0,12750,5383425
0.9917350565615622,0.0010921652199332,0.9887903821181414,0.9951444076494778,73.66666666666667,2.250925735484551,72.0,77.0,0,12780,5383425
0.9919605334252584,0.0010655682261314,0.9888938163569282,0.9952707539685922,74.0,0.0,74.0,74.0,0,12810,5383425
0.9918942528248704,0.0010470096836912,0.989138122863617,0.9948898754062884,75.4,1.3416407864998738,74.0,77.0,0,12840,5383425
0.9917296615687426,0.0010163854834364,0.9890449606715812,0.9945939445410122,76.66666666666667,0.816496580927726,76.0,78.0,0,12870,5383425
0.9919064999940193,0.0010912126221071,0.9889452872564436,0.9950179265524064,75.5,2.5099800796022267,74.0,80.0,0,12900,5383425
0.9918685898110474,0.0009648555489232,0.989651589730492,0.9945464490031272,75.0,1.8708286933869709,73.0,77.0,0,12930,5383425
0.9918244295247628,0.0009871057080949,0.98933201568382,0.9955107848088688,76.0,1.095445115010332,74.0,77.0,0,12960,5383425
0.9919412358730028,0.0010885935923326,0.988922861446306,0.996171816480596,75.2,1.6431676725154982,74.0,77.0,0,12990,5383425
0.9920199874748696,0.0009792295423227,0.9885749618367744,0.9944776332517944,73.57142857142857,2.225394561056747,71.0,77.0,0,13020,5383425
0.991896152996668,0.001142940521487,0.9887903821181414,0.9949217939952618,76.0,0.0,76.0,76.0,0,13050,5383425
0.9920969547317126,0.0011696445043511,0.9893660034658458,0.995174069990944,74.33333333333333,0.816496580927726,74.0,76.0,0,13080,5383425
0.9919628179688752,0.0011479336187857,0.9886432595890694,0.9948887074890036,76.16666666666667,0.408248290463863,76.0,77.0,0,13110,5383425
0.991987150773017,0.0011265628774115,0.9884514646863144,0.9953662356353916,76.33333333333333,1.3662601021279464,74.0,78.0,0,13140,5383425
0.9920025143339584,0.0011333710550518,0.989213406493801,0.995234960707616,75.6,1.51657508881031,74.0,77.0,0,13170,5383425
0.9919497746988516,0.001090357290352,0.989080128949834,0.9946887720577277,76.0,1.5491933384829668,74.0,77.0,0,13200,5383425
0.9918993428771844,0.0011360498020601,0.9886940683280192,0.9946950349811292,77.0,0.8944271909999159,76.0,78.0,0,13230,5383425
0.9920112458086456,0.0010836845018287,0.9885639780747324,0.9959239530274888,74.0,0.0,74.0,74.0,0,13260,5383425
0.9920871227081204,0.0010508678842095,0.9891044260235266,0.9948576426751016,75.16666666666667,2.48327740429189,72.0,77.0,0,13290,5383425
0.9920226519868356,0.001064033507526,0.9884665790439402,0.9951226217807984,75.33333333333333,1.505545305418162,74.0,77.0,0,13320,5383425
0.9919550208566814,0.0011197741875143,0.9883938414845824,0.9948243218677608,74.0,0.0,74.0,74.0,0,13350,5383425
0.991882358960577,0.0010488416245963,0.9890032213714676,0.9950863141375124,74.0,0.0,74.0,74.0,0,13380,5383425
0.9919359425418152,0.0011283873660238,0.9874322217703096,0.9954626324738464,76.0,1.5491933384829668,74.0,77.0,0,13410,5383425
0.9920704280539836,0.0011297284646966,0.9890215716992122,0.9955008551013405,76.0,1.095445115010332,74.0,77.0,0,13440,5383425
0.9924324326569472,0.001028754791311,0.9898513728357656,0.9958978502582582,76.0,0.0,76.0,76.0,0,13470,5383425
0.9922539494822716,0.001003875518539,0.989257629812548,0.9958414542215092,76.5,1.224744871391589,74.0,77.0,0,13500,5383425
0.9923532120504392,0.001147038691152,0.9889102899350628,0.9956755195364904,75.0,1.4142135623730951,74.0,77.0,0,13530,5383425
0.9922502977822124,0.0010028579553683,0.989028984934385,0.9959725548228726,74.66666666666667,1.0327955589886446,74.0,76.0,0,13560,5383425
0.9923840991008972,0.0010370641413468,0.9901635378106488,0.995743965304666,77.83333333333333,0.408248290463863,77.0,78.0,0,13590,5383425
0.9922796832697652,0.0011035061528321,0.9887191174320744,0.995599272421952,76.66666666666667,0.5163977794943223,76.0,77.0,0,13620,5383425
0.9923262141162756,0.0010057514633728,0.9896313305746286,0.9951183689942166,76.2,2.0493901531919194,74.0,78.0,0,13650,5383425
0.99223785948417,0.0010544474371154,0.9894228142488984,0.9951432736815388,74.66666666666667,1.632993161855452,72.0,76.0,0,13680,5383425
0.9922311405617924,0.0010067120650513,0.9894152368694856,0.9951098086435788,74.0,0.0,74.0,74.0,0,13710,5383425
0.9921208725425557,0.0010809266925184,0.9893190668764198,0.9952097033378292,75.33333333333333,1.0327955589886446,74.0,76.0,0,13740,5383425
0.9921470188470168,0.001099450742303,0.9893028866815512,0.9963830499006192,75.6,1.51657508881031,74.0,77.0,0,13770,5383425
0.9922331976078196,0.0010022431703364,0.988817631806174,0.9956538075579132,74.66666666666667,1.0327955589886446,74.0,76.0,0,13800,5383425
0.9922061617537954,0.0010571884545644,0.988676154135352,0.995431549833498,75.16666666666667,1.3291601358251257,74.0,77.0,0,13830,5383425
0.9923441271336012,0.0010285717094229,0.9896701478023978,0.9952866205276246,74.8,2.16794833886788,72.0,77.0,0,13860,5383425
0.9922053964999438,0.0010653106682745,0.98918646273231,0.9955543651273544,73.6,0.5477225575051661,73.0,74.0,0,13890,5383425
0.992096300984088,0.0010372245384582,0.989435589627066,0.9955127860747996,74.0,0.0,74.0,74.0,0,13920,5383425
0.9921698495380606,0.0010177142182365,0.9893873297922002,0.9951098086435788,75.5,1.224744871391589,74.0,77.0,0,13950,5383425
0.9920268268341522,0.0009871575386116,0.9893873297922002,0.9944771185883864,76.33333333333333,1.2110601416389968,74.0,77.0,0,13980,5383425
0.9921013231353356,0.0010415188255544,0.9884332610749904,0.9952424446442084,75.16666666666667,2.0412414523193148,73.0,77.0,0,14010,5383425
0.9921157792250748,0.0010533577201466,0.9893924025207136,0.9949299799108277,76.6,1.6733200530681511,74.0,78.0,0,14040,5383425
0.992144769515917,0.0010079925871353,0.9886469902286256,0.9952447555918896,75.5,1.224744871391589,74.0,77.0,0,14070,5383425
0.9921253739711796,0.001031406436125,0.9886819481058357,0.9955909782845463,74.8,2.0493901531919194,73.0,77.0,0,14100,5383425
0.9922518661334429,0.0010830260399482,0.9898540341540768,0.9963737043598904,77.0,0.6324555320336759,76.0,78.0,0,14130,5383425
0.9921901455347892,0.0010185821824081,0.9893150647502796,0.9950183777776668,77.0,0.6324555320336759,76.0,78.0,0,14160,5383425
0.992228350268706,0.0009983868559702,0.989828117133773,0.9953460016419716,75.66666666666667,1.3662601021279464,74.0,77.0,0,14190,5383425
0.9922185728929832,0.0009889340573777,0.9897919095222693,0.9951801363787413,74.6,1.816590212458495,73.0,77.0,0,14220,5383425
0.9921836942276604,0.0009935447011736,0.989448688337829,0.9953482359080816,72.16666666666667,2.48327740429189,69.0,74.0,0,14250,5383425
0.9923297002889122,0.0010554995714493,0.9895244908733942,0.9954208091691624,75.16666666666667,1.3291601358251257,74.0,77.0,0,14280,5383425
0.9922686045995428,0.0009898177367804,0.9894183333664178,0.9946370921189598,74.0,1.224744871391589,73.0,76.0,0,14310,5383425
0.9921560935257928,0.00101222610645,0.9890808559631008,0.9949405726103244,74.66666666666667,1.0327955589886446,74.0,76.0,0,14340,5383425
0.9919994465614737,0.0010356918019971,0.9894021588437888,0.9951079915180462,72.2,2.1679483388678804,69.0,74.0,0,14370,5383425
0.9919488026041038,0.0010289047685515,0.989257629812548,0.9945693055834672,74.66666666666667,1.0327955589886444,74.0,76.0,0,14400,5383425
0.9918030409960727,0.0009615108919993,0.9888595101684668,0.9947432315612356,74.66666666666667,1.505545305418162,73.0,77.0,0,14430,5383425
0.9918093277726296,0.0009875210471123,0.9885845133587364,0.9941601655760354,76.66666666666667,0.5163977794943223,76.0,77.0,0,14460,5383425
0.991861726599507,0.0009586237863458,0.9893873297922002,0.9941246029030768,75.83333333333333,0.9831920802501752,74.0,77.0,0,14490,5383425
0.9919274717012698,0.0009957893703247,0.9885260037101856,0.9946328690447496,75.33333333333333,1.0327955589886446,74.0,76.0,0,14520,5383425
0.9919278572789794,0.0009623704870236,0.9895528436571086,0.9947367965950038,74.2,1.095445115010332,73.0,76.0,0,14550,5383425
0.9917889745974136,0.0010533613678433,0.98840541161706,0.9947089031839716,73.16666666666667,0.9831920802501752,72.0,74.0,0,14580,5383425
0.991840512578503,0.001064468376736,0.9890045706304194,0.994841336279032,75.5,1.224744871391589,74.0,77.0,0,14610,5383425
0.9917343252097977,0.0010462961006014,0.9888122502177702,0.99498518393854,74.33333333333333,0.816496580927726,74.0,76.0,0,14640,5383425
0.9918181788941738,0.0009947895959759,0.9889413909815586,0.9953186351331718,75.66666666666667,1.3662601021279464,74.0,77.0,0,14670,5383425
0.9918381068843112,0.0009557906669162,0.9889109560022176,0.9953118269320524,73.83333333333333,2.228601953392904,72.0,77.0,0,14700,5383425
0.9918518276106416,0.0010302697294687,0.9894513216087996,0.9942241661767228,74.16666666666667,0.9831920802501752,73.0,76.0,0,14730,5383425
0.991858788365344,0.0009819738268078,0.9891614644871028,0.994388465136684,72.6,1.3416407864998738,71.0,74.0,0,14760,5383425
0.99194879320825,0.0009864999962186,0.988841307650272,0.9947420664597382,73.0,0.8944271909999159,72.0,74.0,0,14790,5383425
0.9918730001629876,0.0009814723619111,0.9890811439148004,0.9943943307111168,73.0,1.2649110640673518,71.0,74.0,0,14820,5383425
0.991817313732186,0.0009463133864055,0.9895880291166268,0.9947367965950038,72.2,1.3038404810405295,71.0,74.0,0,14850,5383425
0.991792467890487,0.0009695369763989,0.9885601900240624,0.9942541037335072,70.33333333333333,1.505545305418162,69.0,72.0,0,14880,5383425
0.9918372888186786,0.0010516519333999,0.9886377489197244,0.995106424680848,73.5,0.8366600265340756,72.0,74.0,0,14910,5383425
0.9918690708336928,0.0009327207969846,0.9892426428987228,0.9947010620334584,73.66666666666667,0.5163977794943223,73.0,74.0,0,14940,5383425
0.9917910097785778,0.0009336009359113,0.9888793877634268,0.9945382541406892,73.0,1.0,72.0,74.0,0,14970,5383425
0.9918482210171536,0.0009689220145727,0.9890808559631008,0.995249449877346,73.0,0.7071067811865476,72.0,74.0,0,15000,5383425
0.9917670887923608,0.0009745831858174,0.9888821534213822,0.9950606189280984,70.83333333333333,2.0412414523193148,69.0,73.0,0,15030,5383425
0.9918029274475824,0.0010384620540311,0.9890058604218732,0.9945983947530028,70.16666666666667,2.3166067138525404,68.0,74.0,0,15060,5383425
0.9919078454946744,0.0010141442423028,0.9896847564630415,0.9953482359080816,73.0,0.0,73.0,73.0,0,15090,5383425
0.991832623486288,0.0009693596674033,0.98897191917331,0.994939970441192,73.4,0.8944271909999159,72.0,74.0,0,15120,5383425
0.9918910411315506,0.0009560040463325,0.9892089831733788,0.9951774131917434,73.33333333333333,0.5163977794943223,73.0,74.0,0,15150,5383425
0.9917491161629758,0.0009906145162394,0.9880882683043352,0.9941989127192856,70.4,1.949358868961793,68.0,73.0,0,15180,5383425
0.991803737278608,0.0009654048172236,0.9890045706304194,0.994329771885012,73.33333333333333,0.816496580927726,72.0,74.0,0,15210,5383425
0.9917580163227732,0.0008972827692591,0.989141119055158,0.9944621365029692,69.16666666666667,2.9268868558020253,65.0,73.0,0,15240,5383425
0.9923154526779774,0.0009876974709715,0.9891612461026212,0.9955371216003148,72.2,0.4472135954999579,72.0,73.0,0,15270,5383425
0.9924556526898988,0.0034082745527415,0.971511187442888,1.0192036551431467,70.83333333333333,1.4719601443879744,69.0,72.0,0,15300,5383425
0.996623947328742,0.0029961092691665,0.9796562836807304,1.0103402550064458,86.5,8.043631020876083,72.0,94.0,0,15330,5383425
0.9956340439211212,0.001078392587198,0.9911941682610628,0.9982869062863292,78.25,11.412712210513329,63.0,87.0,0,15360,5383425
0.995579256792886,0.0009308860960907,0.9930624871309256,0.9993663165841242,62.333333333333336,0.816496580927726,61.0,63.0,0,15390,5383425
0.995533188076694,0.0012978121025409,0.989941280966432,1.0015665107340053,73.5,5.856620185738529,68.0,80.0,0,15420,5383425
0.9954970874874468,0.0010469513370354,0.992413011833546,0.9987829005421748,70.33333333333333,4.589843860815602,65.0,76.0,0,15450,5383425
0.9956196878668256,0.0010125464165257,0.9922123789576958,0.998296423397084,68.2,1.095445115010332,67.0,69.0,0,15480,5383425
0.9956136919858914,0.000999671968793,0.9922923333938743,0.9981098128678376,67.33333333333333,1.505545305418162,65.0,69.0,0,15510,5383425
0.9956450705253512,0.0009604865826235,0.993200058773352,0.998296423397084,66.5,1.6431676725154984,64.0,68.0,0,15540,5383425
0.9957273910197172,0.0010023897601354,0.9923450683550809,0.9987023576651756,68.0,0.6324555320336759,67.0,69.0,0,15570,5383425
0.9956461589967928,0.0010039416854471,0.9923450683550809,0.9983622263221752,67.16666666666667,1.1690451944500122,65.0,68.0,0,15600,5383425
0.9955876830231146,0.0010039236043184,0.9928020897703732,0.998268662408402,68.5,0.5477225575051661,68.0,69.0,0,15630,5383425
0.9956719848265292,0.0011314644691562,0.9899933809140896,1.0020243996607916,68.33333333333333,0.5163977794943223,68.0,69.0,0,15660,5383425
0.9956589815167124,0.0010418212159425,0.9910560618015812,0.9988177932595014,67.2,1.3038404810405295,65.0,68.0,0,15690,5383425
0.9958599312648736,0.0009924695674991,0.9932113850281872,0.998651770689343,69.16666666666667,2.7141603981096374,67.0,73.0,0,15720,5383425
0.9955993432045952,0.0011089286259726,0.9902061651789388,0.9987258931238592,70.16666666666667,2.228601953392904,68.0,73.0,0,15750,5383425
0.9957239728893228,0.0009548045779963,0.9933817577713312,0.9987946025974008,68.66666666666667,0.5163977794943223,68.0,69.0,0,15780,5383425
0.9957781143493049,0.0010301533362204,0.9931683322336148,0.9996657600317668,70.0,1.4142135623730951,69.0,72.0,0,15810,5383425
0.9956675443276978,0.000968775227591,0.9930909384156418,0.9987725781228478,72.5,1.378404875209022,71.0,74.0,0,15840,5383425
0.9957525380681768,0.0010980366451167,0.9926976245728456,0.9988987016121804,76.0,2.8284271247461903,71.0,78.0,0,15870,5383425
0.9958376957352814,0.0009925316075605,0.992979223011776,0.9990924546756372,74.33333333333333,4.589843860815602,69.0,80.0,0,15900,5383425
0.9957360637163668,0.0011669840456769,0.990244854875702,1.0028246341283953,71.0,2.6076809620810595,68.0,74.0,0,15930,5383425
0.9957556917311114,0.0012474988832513,0.9919583384119366,1.002976025901482,69.2,2.7748873851023217,67.0,74.0,0,15960,5383425
0.9957122807783496,0.0009817576087531,0.9930942147718362,0.998368149755059,67.85714285714286,0.3779644730092272,67.0,68.0,0,15990,5383425
0.9955057750027576,0.0010024424410092,0.9929405268441458,0.9989721152857872,69.0,0.0,69.0,69.0,0,16020,5383425
0.9956002127534616,0.0011174373090696,0.9924852299931168,1.000309994793764,67.6,1.51657508881031,65.0,69.0,0,16050,5383425
0.9956915993924916,0.0015019893668444,0.991742990839668,1.0051670056654962,69.16666666666667,1.602081978759722,67.0,71.0,0,16080,5383425
0.9969305497913526,0.0045731851694008,0.9734644226977428,1.015946187276029,78.8,9.06642156531451,69.0,87.0,0,16110,5383425
0.995723581291594,0.0010806865068723,0.9927261265958552,0.9989429064995308,68.66666666666667,7.284687135812126,61.0,78.0,0,16140,5383425
0.9957024141288158,0.0012073027424319,0.9920139199025938,0.9991927346914908,65.33333333333333,2.943920288775949,63.0,69.0,0,16170,5383425
0.9956756859463464,0.0010570049567204,0.9916982631963918,0.9986322032939304,69.83333333333333,1.3291601358251257,69.0,72.0,0,16200,5383425
0.9956007260327034,0.0010250307581183,0.992637247398172,0.9987601932722988,67.83333333333333,0.408248290463863,67.0,68.0,0,16230,5383425
0.9957040663251472,0.0010449395876603,0.992609670872574,0.9983571826609252,69.16666666666667,0.9831920802501752,68.0,71.0,0,16260,5383425
0.9979425381669474,0.0280817001285633,0.9888036388002928,1.4675496907615326,71.0,2.345207879911715,68.0,73.0,0,16290,5383425
0.995717003164602,0.0009958799321802,0.992603631075194,0.9977794589963956,67.5,1.378404875209022,65.0,69.0,0,16320,5383425
0.9961737807034332,0.0090915186151465,0.9579302990731268,1.1125342207841968,73.4,1.6733200530681511,72.0,76.0,0,16350,5383425
0.9985331498671308,0.0757598612095137,0.6916448478562969,1.6568023649843364,80.14285714285714,9.546876826630642,71.0,90.0,0,16380,5383425
0.9946412837952414,0.0011667337953736,0.9907872012862096,0.9975366104599368,73.4,14.240786495134316,63.0,89.0,0,16410,5383425
0.9945555054115208,0.0012773160226106,0.9908064404618492,0.9984075747022856,68.66666666666667,2.581988897471611,64.0,71.0,0,16440,5383425
0.9946452759595656,0.0013053057826341,0.9908456680975398,0.9981859730255078,71.0,1.5491933384829668,69.0,72.0,0,16470,5383425
0.9947128214873516,0.0012710460383915,0.990948667733102,0.9973895054122184,67.5,1.378404875209022,65.0,69.0,0,16500,5383425
0.9946195918964944,0.0013795269384167,0.9878912033380244,0.9983570906700716,66.5,2.8106938645110398,65.0,72.0,0,16530,5383425
0.9947149594804094,0.0013195637158883,0.9904069545815496,0.9981429279379832,66.8,4.764451699828639,63.0,72.0,0,16560,5383425
0.994695927059778,0.0013722279846909,0.9908544912443856,0.99981859333061,66.5,1.9748417658131496,64.0,68.0,0,16590,5383425
0.9946594790832652,0.0012356169321666,0.991141484364634,0.9983344820827588,66.6,2.1908902300206643,65.0,69.0,0,16620,5383425
0.994794643586678,0.0013096295058526,0.9914112403895822,0.9981764824782487,68.6,0.5477225575051661,68.0,69.0,0,16650,5383425
0.9948428293298204,0.0012549301408291,0.9908605113866432,0.9986718694065784,66.83333333333333,1.4719601443879744,65.0,68.0,0,16680,5383425
0.9948013365818958,0.0012208070912016,0.9910969783804812,0.9983729346536996,66.83333333333333,0.9831920802501752,65.0,68.0,0,16710,5383425
0.9949063715874232,0.0012746656543649,0.9910139851369304,0.998202965173987,68.83333333333333,1.1690451944500122,68.0,71.0,0,16740,5383425
0.9949755241967192,0.0013097167143575,0.9908156740820816,0.9987756381174352,68.2,2.16794833886788,67.0,72.0,0,16770,5383425
0.994801648148217,0.0012394021153629,0.9913477034981824,0.9980250980660706,70.5,1.6431676725154984,69.0,72.0,0,16800,5383425
0.9949385581635616,0.0012199761917496,0.9908688395772924,0.9984319820907432,68.33333333333333,3.444802848737017,65.0,73.0,0,16830,5383425
0.9948807262627258,0.0013257822001895,0.9915528541230972,0.99775675962949,66.5,1.6431676725154984,65.0,68.0,0,16860,5383425
0.9950846202617036,0.001325867679743,0.99035379027857,0.9981215578723216,67.16666666666667,1.1690451944500122,65.0,68.0,0,16890,5383425
0.9947697177005052,0.001231266167253,0.9911696334545868,0.9978903319137628,68.66666666666667,1.7511900715418265,67.0,72.0,0,16920,5383425
0.9949723620921548,0.0013460777150973,0.9902207128832138,0.9987413834568136,66.4,1.949358868961793,65.0,69.0,0,16950,5383425
0.9949095637329812,0.0012841831647771,0.9905013816927718,0.9986193103638692,70.16666666666667,4.262237284181474,65.0,74.0,0,16980,5383425
0.995001889352393,0.0013089414574828,0.9915306426192284,0.9979825996631154,67.66666666666667,2.065591117977289,65.0,69.0,0,17010,5383425
0.994997473377072,0.0012288499707131,0.9918719003240792,0.9995790085823182,67.5,0.8366600265340756,67.0,69.0,0,17040,5383425
0.994944637194444,0.0014381187729162,0.9899973601633744,0.999849008191817,67.0,1.224744871391589,65.0,68.0,0,17070,5383425
0.9949777326892608,0.0013241639291071,0.9910937630572044,0.998537773062156,66.5,1.6431676725154984,65.0,68.0,0,17100,5383425
0.9949447078413828,0.0013206747936066,0.9904455921493264,0.9992083569796492,66.8,1.7888543819998317,65.0,69.0,0,17130,5383425
0.9949503514567752,0.0012680349580668,0.991641974938884,0.9986545465825208,65.66666666666667,1.505545305418162,64.0,68.0,0,17160,5383425
0.9951060038242022,0.001227509832607,0.9909063118786056,0.99804923258434,65.2,1.095445115010332,64.0,67.0,0,17190,5383425
0.9949663322901844,0.0012641163343511,0.9921911537404928,0.9989182159287616,66.5,1.760681686165901,65.0,69.0,0,17220,5383425
0.995004342785398,0.0013438235540766,0.9918046531831406,0.9987757615935722,68.0,0.0,68.0,68.0,0,17250,5383425
0.9949971079091826,0.0011951035227011,0.9919149473216944,0.9981649760936516,66.0,1.8973665961010275,64.0,68.0,0,17280,5383425
0.9949831133383296,0.0012851353216251,0.9916523512635514,0.9991326972945336,63.833333333333336,1.4719601443879744,61.0,65.0,0,17310,5383425
0.9949333871013146,0.0012649873360026,0.9913063357443852,0.9982138593256508,68.2,0.4472135954999579,68.0,69.0,0,17340,5383425
0.9950305706641892,0.0013304455904769,0.9913746206840176,0.99972522447378,66.83333333333333,1.4719601443879744,65.0,68.0,0,17370,5383425
0.994991481812592,0.0011752834695085,0.9916207366888664,0.9977863947735808,66.16666666666667,1.3291601358251257,64.0,67.0,0,17400,5383425
0.9950162408397556,0.0013128857833207,0.9916169340744088,1.000056795614959,65.16666666666667,1.602081978759722,63.0,68.0,0,17430,5383425
0.99510384823052,0.0013001049874969,0.9916700756699478,0.9983843060206726,65.0,1.095445115010332,64.0,67.0,0,17460,5383425
0.9949940045570724,0.001265946603538,0.9921290564562354,0.9989624644784508,67.0,1.5491933384829668,65.0,68.0,0,17490,5383425
0.9950061431244414,0.0012772099415136,0.9905895028463052,0.9984321737067472,65.2,1.6431676725154982,64.0,68.0,0,17520,5383425
0.994987777969227,0.0013016658412737,0.9915051596340988,0.9987777638242954,64.5,1.9748417658131496,63.0,67.0,0,17550,5383425
0.995159314941003,0.0012597053141364,0.991281947825446,0.9982697658103494,65.16666666666667,0.9831920802501752,64.0,67.0,0,17580,5383425
0.9950205120001832,0.0012319878386375,0.9915281738503804,0.9980546202744668,65.0,0.0,65.0,65.0,0,17610,5383425
0.9942374333859716,0.0026628179711903,0.973767837137174,1.0058043869725617,68.2,2.280350850198276,65.0,71.0,0,17640,5383425
0.994542992560378,0.0088200392120353,0.9301469294760962,1.0499979816274982,80.28571428571429,2.4299715851758235,77.0,83.0,0,17670,5383425
0.9955711384337008,0.0025105287378686,0.9824909501628348,1.0133443803572455,82.4,4.505552130427524,78.0,87.0,0,17700,5383425
0.9951184589808408,0.0010685770419133,0.9926664834607644,0.997775895444423,65.16666666666667,1.940790217067952,63.0,68.0,0,17730,5383425
0.9953326373357496,0.0011156372882665,0.992069478357776,0.9981138532320548,70.0,2.9664793948382653,68.0,76.0,0,17760,5383425
0.995465884392168,0.0010706409871246,0.9926940044136108,0.9977878735879586,68.66666666666667,6.0882400303098,64.0,77.0,0,17790,5383425
0.9953560129967408,0.0009820806312154,0.9925187516867578,0.997953908391595,65.0,0.0,65.0,65.0,0,17820,5383425
0.995457586154722,0.0010114932799981,0.992009674314021,0.9979652946311308,61.5,2.16794833886788,59.0,65.0,0,17850,5383425
0.9954949819442576,0.0009532253474559,0.9925666755278156,0.9980894746706932,65.0,1.095445115010332,64.0,67.0,0,17880,5383425
0.9955486925152772,0.0009600703444451,0.9927950924019064,0.9982188314466672,64.83333333333333,0.408248290463863,64.0,65.0,0,17910,5383425
0.995455597174564,0.0009540290179494,0.9925208823750964,0.998637981768053,63.16666666666666,1.6020819787597222,60.0,64.0,0,17940,5383425
0.9952440059852048,0.0013322133103278,0.9908316333547996,1.0029293152400822,66.66666666666667,1.7511900715418265,64.0,68.0,0,17970,5383425
0.9954051985974084,0.0009242134630223,0.9928687125220784,0.9981001981948404,63.0,2.1908902300206643,61.0,65.0,0,18000,5383425
0.995640615866709,0.001053383460024,0.9923247558133276,0.9981518107095432,64.0,1.224744871391589,62.0,65.0,0,18030,5383425
0.9955529256035456,0.0009791316145567,0.9926759349431062,0.9990682097655694,64.83333333333333,2.7141603981096374,62.0,68.0,0,18060,5383425
0.9954997108732082,0.0010170974772723,0.992543507472302,0.9981001981948404,64.8,0.4472135954999579,64.0,65.0,0,18090,5383425
0.994716808886128,0.002780398386542,0.9760237241113814,1.0102778491240962,68.66666666666667,3.777124126457412,65.0,76.0,0,18120,5383425
0.9941096722448746,0.0011299046287715,0.98998588223256,0.9971861828397344,76.16666666666667,6.306081720582652,64.0,82.0,0,18150,5383425
0.9941974305958862,0.0011210794638255,0.991203067820762,0.9971424045473596,63.333333333333336,0.816496580927726,62.0,64.0,0,18180,5383425
0.9941737488227258,0.0011349710324657,0.9907881758615612,0.997475442249422,63.333333333333336,1.632993161855452,61.0,65.0,0,18210,5383425
0.9941664722122084,0.001140143823768,0.9908719813251206,0.997067856234439,68.8,4.324349662087931,64.0,74.0,0,18240,5383425
0.9941220974243076,0.0011024345742904,0.9907139193252156,0.9972494307799078,63.57142857142857,1.5118578920369088,61.0,65.0,0,18270,5383425
0.9943299727989354,0.001039106385497,0.9910472253582367,0.9976009200544574,65.4,0.8944271909999159,65.0,67.0,0,18300,5383425
0.9943184810672308,0.0011044720891663,0.990830363052001,0.997273667989795,61.66666666666666,1.0327955589886444,60.0,63.0,0,18330,5383425
0.9942276244245144,0.001057952115346,0.991420179928919,0.996577240145464,64.66666666666667,0.5163977794943223,64.0,65.0,0,18360,5383425
0.9942182691477652,0.0011028766114871,0.9908046164679594,0.9965965398192942,63.8,2.280350850198276,61.0,67.0,0,18390,5383425
0.9944227551635398,0.0012252335291628,0.9907198264722676,0.9978188832184024,65.0,0.0,65.0,65.0,0,18420,5383425
0.9942111580773044,0.0011295297289546,0.9909198314483922,0.9972065813018584,66.33333333333333,1.505545305418162,65.0,68.0,0,18450,5383425
0.99417728306455,0.0011471997507499,0.9909889783150466,0.9975632680919742,65.83333333333333,1.8348478592697175,63.0,68.0,0,18480,5383425
0.9942704573074396,0.0011870107656763,0.9907615116998842,0.9971070241958332,67.0,0.0,67.0,67.0,0,18510,5383425
0.994307051621744,0.001119550170762,0.9905251816228956,0.9976116056362868,65.0,3.2145502536643185,59.0,68.0,0,18540,5383425
0.9942941299155496,0.0011200371666977,0.9909771538384172,0.99744941956214,67.0,1.5491933384829668,65.0,68.0,0,18570,5383425
0.9943835205342116,0.0011717738639685,0.9912345733928472,0.9975803107912116,68.0,0.0,68.0,68.0,0,18600,5383425
0.9941839505619176,0.0011954365794534,0.9905755183708812,0.9971187135489334,66.0,1.5491933384829668,65.0,68.0,0,18630,5383425
0.9941946957092954,0.001153042047708,0.9903735997308794,0.997268053950782,65.83333333333333,1.3291601358251257,65.0,68.0,0,18660,5383425
0.9942144167553094,0.0011544835130522,0.9904940878197356,0.997273667989795,68.0,0.0,68.0,68.0,0,18690,5383425
0.9942097791340888,0.0011658021850265,0.9902573981170248,0.9976845699874736,64.83333333333333,0.408248290463863,64.0,65.0,0,18720,5383425
0.9942379423753585,0.0011060282078987,0.9907026906690322,0.9975455110819657,63.5,1.0488088481701516,62.0,65.0,0,18750,5383425
0.9942996147957806,0.0011631231576358,0.9913344885552656,0.9973337411527998,63.4,1.140175425099138,62.0,65.0,0,18780,5383425
0.9942197838298388,0.0011741276438424,0.990770651009955,0.9989313464971156,64.66666666666667,0.5163977794943223,64.0,65.0,0,18810,5383425
0.9942255015586102,0.0011457921523838,0.9911199530641132,0.9980486896043648,65.33333333333333,1.505545305418162,63.0,67.0,0,18840,5383425
0.9940626045196213,0.0012269965288093,0.9895413832560466,0.9971989554179196,67.16666666666667,1.3291601358251257,65.0,69.0,0,18870,5383425
0.9938942509457294,0.0011709487318653,0.9910570586551009,0.9975825593054692,68.6,0.5477225575051661,68.0,69.0,0,18900,5383425
0.9942413131475484,0.0012051564756879,0.9906415743475842,0.9991391804016744,66.33333333333333,1.505545305418162,64.0,68.0,0,18930,5383425
0.9939569200012168,0.0013249638388819,0.9863176435764596,0.9982200055311504,65.5,1.224744871391589,64.0,67.0,0,18960,5383425
0.9941603627464176,0.0014468013770223,0.9903067520671864,1.0048432589006209,65.8,1.095445115010332,65.0,67.0,0,18990,5383425
0.99415941808074,0.0014213755430734,0.9892454519228936,1.0050990349282254,67.66666666666667,2.422120283277993,65.0,71.0,0,19020,5383425
0.9941234054700312,0.0013070681956709,0.9894831240083176,0.9991245429115132,66.0,1.095445115010332,65.0,67.0,0,19050,5383425
0.9941568523806148,0.0012886967563255,0.9886557390428128,0.9979184042425012,65.4,0.8944271909999159,65.0,67.0,0,19080,5383425
0.994100744428314,0.0011706603134738,0.9911715602480178,0.9972092181014022,65.66666666666667,1.505545305418162,64.0,67.0,0,19110,5383425
0.994135661428076,0.001162540976713,0.9911385152288,0.996824056209891,68.33333333333333,0.816496580927726,67.0,69.0,0,19140,5383425
0.9941669613972236,0.0012857386495224,0.9884600260832606,0.9976901341534254,65.66666666666667,1.9663841605003496,64.0,69.0,0,19170,5383425
0.9941450535295436,0.0013739706266456,0.9906768418330066,0.9995760959151936,69.5,2.073644135332772,67.0,72.0,0,19200,5383425
0.9940552548960206,0.0012290141350921,0.9899779743966328,0.9977281467839524,72.0,2.0,69.0,74.0,0,19230,5383425
0.994166170370916,0.0014057824367246,0.989514317488888,1.0074907842827794,73.16666666666667,2.401388487243717,69.0,76.0,0,19260,5383425
0.99412648606886,0.0011927354335373,0.9906885650714355,0.9970108393347836,69.2,3.8340579025361614,67.0,76.0,0,19290,5383425
0.9940936684636118,0.0012194015240259,0.9902912092377928,0.997099470685874,66.0,1.095445115010332,65.0,67.0,0,19320,5383425
0.9983347925619084,0.0981401444770564,0.5896631091674297,1.705082945045469,78.66666666666667,9.912954487269005,69.0,92.0,0,19350,5383425
0.9932503043461536,0.0026048159191315,0.9859752973285132,1.0010256332436946,78.4,18.63598669241852,57.0,92.0,0,19380,5383425
0.9925794909279816,0.0026416013649312,0.9843190450400368,1.000691088135799,62.0,2.5298221281347035,58.0,65.0,0,19410,5383425
0.9930515935853318,0.0028319498912822,0.9840999202765692,1.0035045915715384,67.0,2.756809750418044,64.0,71.0,0,19440,5383425
0.9927852039699682,0.0027495686360608,0.9826598950221488,0.9993598003687812,67.8,0.4472135954999579,67.0,68.0,0,19470,5383425
0.9930445393147376,0.0027000972592441,0.9852650526071296,1.0004052133140902,66.66666666666667,1.8618986725025253,65.0,69.0,0,19500,5383425
0.9926061994139044,0.0026388391018119,0.9854428132523418,0.9986966223246077,69.83333333333333,1.3291601358251257,69.0,72.0,0,19530,5383425
0.9928590301728722,0.0048831914351912,0.9405641141388182,1.0175772902276514,67.33333333333333,1.3662601021279464,65.0,69.0,0,19560,5383425
0.9928350655038825,0.0028012175154317,0.971490042182698,0.9997374996630164,70.0,2.0,67.0,72.0,0,19590,5383425
0.9927315845417112,0.002573006589042,0.9852180582097854,1.001143375412353,71.33333333333333,1.632993161855452,69.0,74.0,0,19620,5383425
0.9927422844954036,0.0027098157249822,0.9843334717567008,1.0011074746902553,70.83333333333333,1.602081978759722,69.0,73.0,0,19650,5383425
0.9929518495103276,0.002693147277088,0.9842952365716344,1.0015980867370455,72.16666666666667,1.834847859269718,69.0,74.0,0,19680,5383425
0.9925678236317984,0.0028652589908438,0.9850019705696532,1.0034519668940314,71.2,2.16794833886788,69.0,74.0,0,19710,5383425
0.9929791787929416,0.002308506339777,0.9841665786778832,0.9994253111961592,69.16666666666667,2.401388487243717,68.0,74.0,0,19740,5383425
0.9936310853836422,0.0132731228756829,0.93777288562676,1.117233209388859,68.2,0.4472135954999579,68.0,69.0,0,19770,5383425
0.9931677930782822,0.034755400768029,0.7246647678047692,1.3062056084665692,73.66666666666667,10.44349877515513,64.0,87.0,0,19800,5383425
0.9917414938503744,0.0018590936696443,0.9856948088477742,1.0009091267554762,65.0,0.0,65.0,65.0,0,19830,5383425
0.9923187558395572,0.0062152876706593,0.9302272866466452,1.0281182903727957,69.66666666666667,2.250925735484551,68.0,73.0,0,19860,5383425
0.9919886591931204,0.0021619089549017,0.9822150023781656,0.9978212027029942,68.66666666666667,2.2509257354845507,65.0,71.0,0,19890,5383425
0.9919502126382368,0.0022440217743724,0.981238470088174,1.0038999844338827,69.0,1.095445115010332,68.0,71.0,0,19920,5383425
0.9919787888263416,0.0018526103690288,0.9836782634620174,0.9965087549085004,73.2,2.16794833886788,71.0,76.0,0,19950,5383425
0.9919255238748274,0.0042684269674673,0.9516396621883412,1.0427753809240847,76.16666666666667,1.7224014243685084,74.0,78.0,0,19980,5383425
0.991903428514716,0.001749419062591,0.9872810214192006,0.9967290169792892,70.4,6.54217089351845,65.0,78.0,0,20010,5383425
0.992337053301913,0.0105063040125639,0.9484630091047992,1.1046558644979847,70.33333333333333,2.6583202716502514,67.0,73.0,0,20040,5383425
0.9905894135680254,0.0019607685259994,0.9842120889080412,0.9955812593360172,67.6,0.5477225575051661,67.0,68.0,0,20070,5383425
0.9902804427717256,0.0021917330924065,0.9818302276279388,0.9976988277206754,69.0,1.5491933384829668,68.0,71.0,0,20100,5383425
0.990363322389915,0.0023400792920847,0.9737507183903588,0.9967426550436026,68.83333333333333,0.408248290463863,68.0,69.0,0,20130,5383425
0.9902277798460072,0.0024693237974347,0.9821870322024976,0.99766535118055,71.0,2.6076809620810595,68.0,74.0,0,20160,5383425
0.989907138460522,0.0026727944999954,0.9829844073265608,1.0025307505601262,68.83333333333333,0.408248290463863,68.0,69.0,0,20190,5383425
0.9920304440756952,0.010496927554875,0.9384366022975926,1.0579467098951676,71.5,2.16794833886788,69.0,74.0,0,20220,5383425
0.992058266514545,0.0032143421180009,0.9535611673554244,0.998583261854799,67.8,0.4472135954999579,67.0,68.0,0,20250,5383425
0.9922701863792176,0.0025965282030767,0.9832546878090844,1.0054306188739082,69.33333333333333,2.250925735484551,67.0,73.0,0,20280,5383425
0.9923485486485092,0.0023405398415103,0.985374399686586,1.003211566799317,71.8,2.588435821108957,69.0,74.0,0,20310,5383425
0.9912103436638502,0.020830637364286,0.8684743199137555,1.1452805677671565,71.33333333333333,4.4121045620731465,68.0,77.0,0,20340,5383425
0.992539831766615,0.0021517678969688,0.9857879163433227,0.9985515573721668,64.2,1.7888543819998317,63.0,67.0,0,20370,5383425
0.9922028495865192,0.0024467412695861,0.9841467032196216,1.007053368057031,64.14285714285714,2.2677868380553634,62.0,67.0,0,20400,5383425
0.9921989753077864,0.0022638575051059,0.9842714151964234,0.998109191053454,67.33333333333333,2.338090388900024,65.0,71.0,0,20430,5383425
0.9921717753054596,0.0025888532103875,0.9802816371141764,0.9984756233046505,69.0,1.224744871391589,68.0,71.0,0,20460,5383425
0.9928320249079884,0.0023703790162285,0.986239513401339,0.9996505426073152,72.33333333333333,1.96638416050035,69.0,74.0,0,20490,5383425
0.9919826072700094,0.0023459572222074,0.9838627732204224,0.9978711500449042,71.2,0.4472135954999579,71.0,72.0,0,20520,5383425
0.9920334054709364,0.0024147381874576,0.9849993082079094,0.997610959168558,72.5,2.7386127875258306,69.0,77.0,0,20550,5383425
0.992192311328452,0.0026886176024645,0.9769378437425996,1.0011117259631963,68.0,0.0,68.0,68.0,0,20580,5383425
0.9919834383777132,0.0024292688882434,0.9828401235557692,0.999744655342558,68.4,0.5477225575051661,68.0,69.0,0,20610,5383425
0.9956144097543732,0.0305184571294175,0.8911643601940217,1.2767121423079244,68.5,0.5477225575051661,68.0,69.0,0,20640,5383425
0.9922209254377,0.0025506173242904,0.9818442317719293,1.0039905895334675,69.0,4.381780460041329,65.0,77.0,0,20670,5383425
0.9917622286927796,0.0020565064729851,0.983882926309965,0.9962346193615488,67.83333333333333,0.408248290463863,67.0,68.0,0,20700,5383425
0.9918884183359848,0.002285198171072,0.9835604347551654,1.0006699434241342,68.33333333333333,0.5163977794943223,68.0,69.0,0,20730,5383425
0.9920542437905298,0.0021223105962541,0.986276195562161,0.9982541067889478,71.6,2.8809720581775866,68.0,74.0,0,20760,5383425
0.9916011649102796,0.0023202856042084,0.980420129370598,0.9990205695192969,69.16666666666667,0.9831920802501752,68.0,71.0,0,20790,5383425
0.9986922950531713,0.0467731479624861,0.7845745678405208,1.4500600044455298,69.16666666666667,1.940790217067952,68.0,73.0,0,20820,5383425
1.0068120193661847,0.0114523360997537,0.9864122433133724,1.1495192365513027,83.16666666666667,5.154286242213045,77.0,89.0,0,20850,5383425
1.0050941144968668,0.001136255611813,1.0020248570998027,1.0084904000673531,67.0,7.280109889280518,63.0,80.0,0,20880,5383425
1.0049960194905847,0.0012486818390988,1.0007309221178988,1.0079746867298307,66.0,1.5491933384829668,64.0,68.0,0,20910,5383425
1.0049823820048651,0.0012840531957655,1.000983158881971,1.0088355666170874,67.5,1.9748417658131496,65.0,69.0,0,20940,5383425
1.0051668884029792,0.0013292697779634,1.0017484913505286,1.0101697015838922,66.0,1.8973665961010275,64.0,68.0,0,20970,5383425
1.0071996166740045,0.0011948674675773,1.002912740764664,1.0106244904280224,68.33333333333333,0.5163977794943223,68.0,69.0,0,21000,5383425
1.0068293732203886,0.0054926826068724,0.9798372221879968,1.0408332926732793,68.0,0.0,68.0,68.0,0,21030,5383425
1.0078323538641871,0.054415193712641,0.6480860765057679,1.590791820220226,62.16666666666666,3.12516666222246,59.0,68.0,0,21060,5383425
0.994252313192413,0.0677285344628218,0.6241498604633186,1.6329617641112544,67.16666666666667,7.054549359574052,61.0,77.0,0,21090,5383425
0.9896144898239166,0.0023268097030076,0.982185691823771,0.9964112938383124,64.8,0.4472135954999579,64.0,65.0,0,21150,5383425
0.9893059704989788,0.0024610096536405,0.9817842476689111,1.0014435566516218,69.83333333333333,4.355073669487884,65.0,74.0,0,21180,5383425
0.9897408370468505,0.0022770228401534,0.9826710862432608,0.9968576965808208,66.2,1.095445115010332,65.0,67.0,0,21210,5383425
0.9894043352359,0.0031991465897705,0.9756166500515558,1.0221755022559922,65.33333333333333,0.816496580927726,65.0,67.0,0,21240,5383425
0.989200856256247,0.0024463252568791,0.9803627258105032,0.996260476195864,66.0,1.095445115010332,65.0,67.0,0,21270,5383425
0.9895938792121094,0.0023568260998339,0.9824780446791114,0.995788504666302,67.33333333333333,1.505545305418162,65.0,69.0,0,21300,5383425
0.9891810835623536,0.0023546418602821,0.9820157056889468,0.9956319322903368,68.0,0.0,68.0,68.0,0,21330,5383425
0.9890034390894707,0.0028010365726374,0.9677207156524344,0.9974624960099402,69.0,1.5491933384829668,68.0,71.0,0,21360,5383425
0.9892609161300336,0.0025627609555152,0.9812901009274272,0.9974506645421768,70.5,1.6431676725154984,69.0,72.0,0,21390,5383425
0.9894094766333492,0.0023074346287739,0.9835168193540058,0.9955604825120824,65.0,2.0976176963403037,63.0,69.0,0,21420,5383425
0.9891576971933358,0.0024735827002091,0.9813079383306802,0.9947026772251748,63.16666666666666,0.983192080250175,62.0,65.0,0,21450,5383425
0.9893909382250048,0.002397249521031,0.9806600380887304,0.9952045727075816,64.2,0.8366600265340756,63.0,65.0,0,21480,5383425
0.9892728671147296,0.0039293469449325,0.9455901198186188,1.0090993788442544,66.66666666666667,1.3662601021279464,65.0,68.0,0,21510,5383425
0.9891299319189664,0.0021831248172357,0.9824544375016584,0.995266304185332,65.0,0.0,65.0,65.0,0,21540,5383425
0.9902554907267138,0.003272735608412,0.9803730236177556,1.0031358632480498,66.16666666666667,1.3291601358251257,65.0,68.0,0,21570,5383425
0.9908447685966112,0.0026018951676904,0.9835292618240802,0.9974474305387828,71.0,3.3466401061363023,67.0,74.0,0,21600,5383425
0.9907632607848036,0.0025248518606129,0.9833970163274952,0.9982749635984116,66.83333333333333,2.0412414523193148,65.0,69.0,0,21630,5383425
0.9911681625291616,0.0023365679598917,0.9826885647653024,0.9985900547339032,64.5,1.51657508881031,63.0,67.0,0,21660,5383425
0.9912578100319018,0.0023378133481566,0.9836621331615192,0.999052548656621,60.75,2.0615528128088303,59.0,63.0,0,21690,5383425
0.9912063357844876,0.0024198248879663,0.984059471339319,0.9988543124595148,64.57142857142857,0.7867957924694432,63.0,65.0,0,21720,5383425
0.9911027836139784,0.0025140339595084,0.9836552251654236,0.999599127412134,65.0,0.0,65.0,65.0,0,21750,5383425
0.991246112136769,0.0025157613452856,0.983654292578836,0.9974366434062568,68.66666666666667,1.3662601021279464,67.0,71.0,0,21780,5383425
0.9911993811688896,0.0024611920796722,0.982942310671252,0.9982052278227358,68.0,0.0,68.0,68.0,0,21810,5383425
0.9909759048997102,0.0024132989030481,0.9839748793718516,0.9980942966814058,68.5,0.5477225575051661,68.0,69.0,0,21840,5383425
0.9911054721797002,0.0022957209208792,0.9841550876527796,0.9971613269655016,67.0,1.5491933384829668,65.0,68.0,0,21870,5383425
0.990984953318528,0.0024804011194617,0.9838618018750448,0.9978959950980612,67.5,2.8809720581775866,64.0,72.0,0,21900,5383425
0.99119904718993,0.0026353719955935,0.9817070233215408,0.9978733413463804,74.0,0.0,74.0,74.0,0,21930,5383425
0.9911148898601352,0.0027831248178216,0.980862048001991,1.0013836190568777,76.33333333333333,1.2110601416389968,74.0,77.0,0,21960,5383425
0.9911778261263048,0.0026095583375762,0.9817184833197348,0.9997773485165434,73.2,2.4899799195977463,71.0,77.0,0,21990,5383425
0.9907273900615104,0.0023495724655984,0.9819548775143284,0.9976669647514697,69.0,0.0,69.0,69.0,0,22020,5383425
0.9910497985801142,0.0023689723466261,0.9828476848955487,0.9967904424851294,69.8,1.095445115010332,69.0,71.0,0,22050,5383425
0.990971213990986,0.0023401784822762,0.9848572566938522,0.9973052230237892,69.0,1.224744871391589,68.0,71.0,0,22080,5383425
0.9907835978900524,0.0025309378854702,0.9827150631614996,0.998829867314414,69.85714285714286,1.772810520855837,68.0,72.0,0,22110,5383425
0.99076917804158,0.0022594649074906,0.9847993709633348,0.9974291184646104,66.5,1.760681686165901,65.0,69.0,0,22140,5383425
0.9906181304430716,0.0025409936239667,0.9817940115189284,0.996865006243764,73.0,0.7071067811865476,72.0,74.0,0,22170,5383425
0.9906760625692972,0.0024499466279556,0.9808985844147448,0.9972005683824342,72.16666666666667,1.4719601443879746,71.0,74.0,0,22200,5383425
0.9907899701029544,0.002454214828758,0.9828089821687122,0.9962380835659616,71.0,2.9664793948382653,68.0,74.0,0,22230,5383425
0.9910821360281588,0.0024985872734261,0.982601660981407,0.997832724057685,70.16666666666667,1.8348478592697175,69.0,73.0,0,22260,5383425
0.9907300120038792,0.0025541566609194,0.9836215726257888,0.9971264679338224,69.4,1.51657508881031,68.0,71.0,0,22290,5383425
0.9907165447089308,0.0025229155003119,0.9832541176352224,0.9974170932442756,73.0,1.2649110640673518,71.0,74.0,0,22320,5383425
0.9908066219244616,0.0023347303526003,0.9830783354421864,0.9968854168738602,70.4,1.3416407864998738,69.0,72.0,0,22350,5383425
0.990500279269986,0.0024500786678789,0.9825261795550132,0.9977910549276788,71.16666666666667,1.7224014243685084,69.0,73.0,0,22380,5383425
0.9904970742209812,0.0026342533698961,0.9816258769636272,0.9983115664486012,72.16666666666667,0.9831920802501752,71.0,73.0,0,22410,5383425
0.990661218651238,0.0025325178686371,0.9825791015291032,0.9978164835200358,71.0,1.095445115010332,69.0,72.0,0,22440,5383425
0.9906106013698336,0.0031838394504222,0.9721009049222924,1.0045021244920989,70.2,1.6431676725154982,68.0,72.0,0,22470,5383425
0.9909616916772446,0.0024659475994813,0.9823904831435512,0.9978049734634268,72.16666666666667,2.48327740429189,69.0,74.0,0,22500,5383425
0.990453844329214,0.0026079803842899,0.9807836745807966,0.9961530637921764,75.83333333333333,0.9831920802501752,74.0,77.0,0,22530,5383425
0.9901073627209148,0.0023685957545413,0.982663704260364,0.9960096022936176,69.66666666666667,2.422120283277993,68.0,74.0,0,22560,5383425
0.9905067634310308,0.0024838835045687,0.9828525374087864,0.9968614151785292,73.16666666666667,0.9831920802501752,72.0,74.0,0,22590,5383425
0.9908593968059328,0.0024909136732938,0.9821447548339604,0.998242723907848,72.5,0.8366600265340756,72.0,74.0,0,22620,5383425
0.9909290592771648,0.002476879320014,0.983616213795823,0.997524186828174,71.5,1.378404875209022,69.0,73.0,0,22650,5383425
0.9906492827594284,0.0024768450024065,0.9837181384282442,0.9968576965808208,71.66666666666667,2.875181153713043,68.0,74.0,0,22680,5383425
0.9906538522649128,0.0024212726458062,0.9828675687606444,0.9966696592053006,69.66666666666667,3.1411250638372654,68.0,76.0,0,22710,5383425
0.9901688499208592,0.0024411466333939,0.9833636466606795,0.9963383404247024,71.4,3.361547262794322,69.0,76.0,0,22740,5383425
0.9903756724764288,0.0025972278572208,0.9823876263357962,0.9968468583125194,70.83333333333333,0.9831920802501752,69.0,72.0,0,22770,5383425
0.9905866654138168,0.0025977880093284,0.980479927038152,0.9985463600594816,72.33333333333333,0.816496580927726,71.0,73.0,0,22800,5383425
0.990541710459388,0.0025631548414376,0.9821702413246952,0.996876377635828,73.16666666666667,2.3166067138525404,71.0,76.0,0,22830,5383425
0.9905330268255867,0.00250613993099,0.9830992072547612,0.9970688608663796,71.66666666666667,0.5163977794943222,71.0,72.0,0,22860,5383425
0.9904267171339682,0.002545632134599,0.9833296596076974,0.9970085773921205,70.4,2.8809720581775866,68.0,74.0,0,22890,5383425
0.9906502814719048,0.0024643555566227,0.9815959411292308,0.9964948483443152,72.5,0.5477225575051661,72.0,73.0,0,22920,5383425
0.990459196439053,0.0025002055203603,0.9817182388604432,0.996847315829325,72.0,0.0,72.0,72.0,0,22950,5383425
0.9904172314743994,0.0025088728213559,0.9840219014527776,0.9968893936108708,72.4,2.073644135332772,69.0,74.0,0,22980,5383425
0.9902211931398592,0.0025027564272448,0.9820513918541076,0.9959265580081949,73.16666666666667,0.752772652709081,72.0,74.0,0,23010,5383425
0.9899697993088664,0.002530041422179,0.9811148918643168,0.9978099680663948,72.66666666666667,3.444802848737017,69.0,77.0,0,23040,5383425
0.9905743155931512,0.0024714996438068,0.98242438812046,0.997411559580001,72.0,1.4142135623730951,71.0,74.0,0,23070,5383425
0.990129426598322,0.0024788513461665,0.981801744451511,0.9966285431776174,73.66666666666667,0.5163977794943223,73.0,74.0,0,23100,5383425
0.9903689320175972,0.0026551264381991,0.9807002335849218,0.9968933451621492,75.83333333333333,0.9831920802501752,74.0,77.0,0,23130,5383425
0.990010583894136,0.0025311188901259,0.9821310719323872,0.9964696310430488,70.0,2.23606797749979,69.0,74.0,0,23160,5383425
0.9902538468597256,0.0025723895577203,0.9820291321325452,0.996019677275153,72.33333333333333,0.5163977794943222,72.0,73.0,0,23190,5383425
0.98980140961592,0.0025166347976026,0.9824406940382612,0.9968194985387124,73.0,2.549509756796392,69.0,76.0,0,23220,5383425
0.9901565965531602,0.0024366776324619,0.9826428257564342,0.9960638440570412,70.16666666666667,1.3291601358251257,69.0,72.0,0,23250,5383425
0.9901269122725248,0.0024118276188829,0.9815959411292308,0.9958366368694466,73.33333333333333,0.816496580927726,72.0,74.0,0,23280,5383425
0.9902127465455676,0.0024934408219095,0.9815613818538146,0.9959235600295738,72.83333333333333,1.4719601443879744,71.0,74.0,0,23310,5383425
0.9901656435937792,0.0024194659672549,0.9839405341662372,0.9968933826248724,69.4,1.949358868961793,68.0,72.0,0,23340,5383425
0.990156469632045,0.002717153031934,0.9834406314233564,1.0026753691420769,67.0,1.2649110640673518,65.0,69.0,0,23370,5383425
0.9908972064760824,0.0025180191170892,0.9828710554755034,0.9983624367391284,67.33333333333333,1.8618986725025253,65.0,69.0,0,23400,5383425
0.9904956766870984,0.0024480538087947,0.9836106234656526,0.997015593203687,64.4,1.51657508881031,63.0,67.0,0,23430,5383425
0.9888822616967132,0.0476576934714284,0.6857887267380093,1.3074926902240256,70.0,1.7320508075688772,67.0,71.0,0,23460,5383425
0.993963081271114,0.0013577846127143,0.9898465272937468,0.9994159010416934,91.2,15.20526224699857,64.0,98.0,0,23490,5383425
0.9941413086384402,0.0011374426648468,0.9911709983636224,0.9970013179796604,61.16666666666666,1.1690451944500122,59.0,62.0,0,23520,5383425
0.994162723810021,0.0011406538113009,0.990916081049692,0.99730722996894,65.66666666666667,1.505545305418162,64.0,68.0,0,23550,5383425
0.9943244939069886,0.0011087030549679,0.9910370829943498,0.9971784339452444,70.66666666666667,2.250925735484551,68.0,73.0,0,23580,5383425
0.994288892407666,0.00109871958016,0.9913350606670028,0.997607884681326,69.0,3.0,65.0,72.0,0,23610,5383425
0.9942998553878676,0.0010950131340349,0.9906284660614088,0.99734645390459,67.16666666666667,1.1690451944500122,65.0,68.0,0,23640,5383425
0.9943066597834804,0.0011088952988525,0.9912929290249224,0.997205319475147,67.66666666666667,1.505545305418162,65.0,69.0,0,23670,5383425
0.994471752118869,0.001054671051513,0.991467581508044,0.9971999952007772,68.33333333333333,0.5163977794943223,68.0,69.0,0,23700,5383425
0.9943364387672596,0.0011348234150884,0.9911448825932212,0.997687534469866,67.83333333333333,4.262237284181474,62.0,74.0,0,23730,5383425
0.9944108103344366,0.0011022326442676,0.9911656160941722,0.9976031517171244,66.83333333333333,0.9831920802501752,65.0,68.0,0,23760,5383425
0.9944331605668713,0.0010995531594976,0.9908005510827445,0.9975796044772618,67.4,1.3416407864998738,65.0,68.0,0,23790,5383425
0.994364813869174,0.0011933753402239,0.990942460857178,1.002018108545135,68.6,1.3416407864998738,68.0,71.0,0,23820,5383425
0.9942822884616892,0.0011106098539133,0.9912562246675226,0.9976228022044152,69.66666666666667,2.065591117977289,67.0,71.0,0,23850,5383425
0.9937773696853144,0.0010992602002694,0.9894494469842612,0.9970747488450152,68.66666666666667,2.2509257354845507,65.0,71.0,0,23880,5383425
0.9938402491284348,0.0010793191610379,0.9902820356625884,0.9962422010435716,69.0,1.095445115010332,68.0,71.0,0,23910,5383425
0.9937405975169008,0.0010897969801112,0.9910636477536092,0.9967962217983674,68.8,0.4472135954999579,68.0,69.0,0,23940,5383425
0.9937987871267254,0.0010431004986522,0.9910636477536092,0.9965167291778196,69.66666666666667,1.505545305418162,68.0,72.0,0,23970,5383425
0.9936674447117898,0.0011036869862742,0.9906350189084172,0.9966992630273436,69.33333333333333,1.3662601021279464,68.0,72.0,0,24000,5383425
0.9938422007829532,0.0011052568238822,0.9909764878198724,0.997672775940298,68.83333333333333,0.408248290463863,68.0,69.0,0,24030,5383425
0.9938147844318904,0.0009554588606466,0.9914270957974872,0.9970560406091976,69.6,1.3416407864998738,69.0,72.0,0,24060,5383425
0.9936248410295158,0.001227277584517,0.9899816451477572,1.001499036968104,73.0,0.8944271909999159,72.0,74.0,0,24090,5383425
0.9937624155247872,0.001094627726645,0.9909539862158586,0.9971349997475016,72.33333333333333,4.320493798938574,68.0,80.0,0,24120,5383425
0.9937330863620192,0.0010374133816795,0.9910772884374456,0.9963037240161556,71.83333333333333,1.8348478592697175,69.0,74.0,0,24150,5383425
0.9937295036131156,0.0011326365095666,0.9910734457723354,0.9968223887683904,71.6,2.4083189157584592,69.0,74.0,0,24180,5383425
0.9937632524309,0.0010049708356222,0.9910197663242544,0.9963412714611696,68.0,0.816496580927726,67.0,69.0,0,24210,5383425
0.993577292287822,0.0010789529203421,0.9904029793426512,0.9966424055307752,69.0,0.0,69.0,69.0,0,24240,5383425
0.9935828536738446,0.0013145267337317,0.9871091965548948,0.9969886037820544,70.66666666666667,1.96638416050035,69.0,73.0,0,24270,5383425
0.9937799858162926,0.0015448028645243,0.9888637768081304,1.0014424571650085,73.16666666666667,1.1690451944500122,71.0,74.0,0,24300,5383425
0.9936623030216012,0.0010815606808666,0.9902182659922306,0.9964908670999952,69.0,0.0,69.0,69.0,0,24330,5383425
0.9936737627530924,0.0009952648619091,0.9912627272710752,0.9969440387406758,70.0,2.0,68.0,73.0,0,24360,5383425
0.9937174983189246,0.0011118017646711,0.9902255935649664,0.9965964080464568,71.0,1.5491933384829668,69.0,72.0,0,24390,5383425
0.9936459343978616,0.0010433753531482,0.9907620743968958,0.9966501167295622,74.0,3.794733192202055,69.0,78.0,0,24420,5383425
0.9937281422820274,0.0010803888414969,0.990601952713894,0.996537518205612,71.16666666666667,1.3291601358251257,69.0,73.0,0,24450,5383425
0.9936092998378572,0.0010972940007693,0.990755610511028,0.9962057985842936,72.0,0.7071067811865476,71.0,73.0,0,24480,5383425
0.9936237087972952,0.0010562395669487,0.9901095121067772,0.9962040683647152,69.33333333333333,1.3662601021279464,68.0,71.0,0,24510,5383425
0.9936405708905164,0.0011367822450954,0.9905967050117772,0.996910623769418,70.16666666666667,1.3291601358251257,69.0,72.0,0,24540,5383425
0.9938469297069176,0.0011820202409357,0.9909410573410812,0.9971737339682238,68.83333333333333,1.1690451944500122,68.0,71.0,0,24570,5383425
1.0008815469507553,0.0164418997552632,0.9115889400886016,1.095661668879358,77.8,6.260990336999411,72.0,87.0,0,24600,5383425
1.0025347994653755,0.000926163567706,1.00013978766021,1.0054122983687537,81.4,10.285912696499032,63.0,86.0,0,24630,5383425
1.0026379368925862,0.0010116763373215,1.0001627735748817,1.0056686877240637,62.66666666666666,1.505545305418162,61.0,65.0,0,24660,5383425
1.0026538043855164,0.0010442802629304,0.9996375297460226,1.0053394206761117,66.33333333333333,2.3380903889000244,64.0,69.0,0,24690,5383425
1.0025822959565855,0.0010476762218229,0.9997112022286186,1.0051670106157982,69.33333333333333,2.422120283277993,67.0,74.0,0,24720,5383425
1.0024811686786428,0.0010332237783025,1.000075985630817,1.005753042783272,65.6,1.949358868961793,64.0,69.0,0,24750,5383425
1.002544849888906,0.0009987219528897,0.9998167048585904,1.005388358950923,70.16666666666667,3.0605010483034745,68.0,76.0,0,24780,5383425
1.0024076864477776,0.0010717658798672,0.9993155540647058,1.0054275492999634,66.16666666666667,2.5625508125043424,63.0,69.0,0,24810,5383425
1.0024485549174855,0.0011206154332011,0.9992853288612418,1.0060797052906842,68.5,0.5477225575051661,68.0,69.0,0,24840,5383425
1.002366187191856,0.0010526323214479,0.9992079552799006,1.0052405517414724,67.0,1.6733200530681511,65.0,69.0,0,24870,5383425
1.0024859781318831,0.0010683426977027,0.999048920247277,1.0048207627063743,70.8,2.588435821108957,68.0,73.0,0,24900,5383425
1.0024890247684108,0.0010580706462483,0.9991414318973064,1.0056629907710586,78.0,3.847076812334269,74.0,83.0,0,24930,5383425
1.0022640345753075,0.0010590397292893,0.9990102643326544,1.0049329691055318,71.33333333333333,5.316640543300504,68.0,82.0,0,24960,5383425
1.002193117183134,0.0009486034360609,0.9995897254752673,1.0049444994703989,69.0,1.7320508075688772,68.0,72.0,0,24990,5383425
1.0022950178817729,0.0010043155889,0.9999589396617992,1.0051677032212436,67.33333333333333,4.033195589934446,64.0,73.0,0,25020,5383425
1.0023334998972933,0.0010539475734464,0.9989501131101344,1.005198854559211,67.5,1.224744871391589,65.0,68.0,0,25050,5383425
1.002510448447646,0.0011757944340953,0.9994869084642428,1.0059468565337486,66.2,1.095445115010332,65.0,67.0,0,25080,5383425
1.0022748470537584,0.0010345089358871,0.9983850108034374,1.0053455720093911,64.66666666666667,1.8618986725025253,63.0,67.0,0,25110,5383425
1.0021576411943118,0.0009378928989447,0.9989903619525716,1.0062991126313288,66.66666666666667,1.7511900715418265,64.0,68.0,0,25140,5383425
1.0024421293002463,0.0011575888686476,0.9950798556321448,1.0054439843602925,67.4,0.5477225575051661,67.0,68.0,0,25170,5383425
1.0022585448709591,0.0016141107221912,0.9941080047023564,1.008154065326471,66.16666666666667,1.3291601358251257,64.0,67.0,0,25200,5383425
1.0022879031207204,0.0060308811766669,0.9573352768222062,1.0673244332479088,68.66666666666667,5.715476066494083,64.0,78.0,0,25230,5383425
1.0016494480882754,0.0011542537947724,0.996926328987664,1.0057051042542935,79.5,6.348228099241551,71.0,86.0,0,25260,5383425
1.0015681080376473,0.0014388509835423,0.9884953059326332,1.0042171673142966,66.83333333333333,0.9831920802501752,65.0,68.0,0,25290,5383425
1.0014327622868726,0.0010952735922998,0.998462129972194,1.0049398452926572,67.66666666666667,0.5163977794943222,67.0,68.0,0,25320,5383425
1.001329620123557,0.001127771736105,0.9949032460007656,1.0055238118432452,66.16666666666667,1.7224014243685084,64.0,68.0,0,25350,5383425
1.001358606049023,0.0010321794920958,0.9986259430210292,1.0041805735700229,66.6,1.51657508881031,65.0,68.0,0,25380,5383425
1.0013846902107693,0.0011001716533628,0.996865970819232,1.0043686213038567,67.33333333333333,1.2110601416389968,65.0,68.0,0,25410,5383425
0.999333573716742,0.0261039360679394,0.7510075834155472,1.1788727680284925,73.33333333333333,4.718756898449704,68.0,82.0,0,25440,5383425
0.9920101004294186,0.0017330586072894,0.9875115333013889,0.9974240637301318,74.66666666666667,5.609515724790035,69.0,83.0,0,25470,5383425
0.9924533251941584,0.0020982773834577,0.9842711019229304,0.9983662105498814,70.8,1.6431676725154982,69.0,72.0,0,25500,5383425
0.9921120929703178,0.0037991050670663,0.9635029614448624,1.0287099537493016,73.66666666666667,1.505545305418162,72.0,76.0,0,25530,5383425
0.9924906602855152,0.002047251947163,0.9880119544038928,0.998894566602597,69.5,1.224744871391589,69.0,72.0,0,25560,5383425
0.9926497016751036,0.0024527037276183,0.9786806188802196,1.0034307646239575,68.33333333333333,0.5163977794943223,68.0,69.0,0,25590,5383425
0.9926644605741332,0.00208113733034,0.9866666787166322,1.0004273178016183,68.4,0.5477225575051661,68.0,69.0,0,25620,5383425
0.9910159598367968,0.00245693311256,0.9842404673371544,1.0044901274741778,71.0,2.5298221281347035,68.0,74.0,0,25650,5383425
1.0072401784026943,0.0594979085957227,0.6689121181799594,1.580234618336518,78.5,4.54972526643093,74.0,86.0,0,25680,5383425
1.0073580396707769,0.001059754497769,1.004130390132865,1.0113358720604002,67.2,0.4472135954999579,67.0,68.0,0,25740,5383425
1.00759961887462,0.0013970111578151,1.0044423820633068,1.0219404574788689,68.5,0.5477225575051661,68.0,69.0,0,25770,5383425
1.0075517205611784,0.0012119012331683,1.0035180132803894,1.0134808226083265,67.5,1.51657508881031,65.0,69.0,0,25800,5383425
1.0074579613184342,0.001205351892716,0.9987347050469908,1.011465434818788,67.0,1.6733200530681511,65.0,69.0,0,25830,5383425
1.0075394150880916,0.0011369007794131,1.0041957553973877,1.0152874503601923,70.4,1.816590212458495,68.0,72.0,0,25860,5383425
1.007657055912177,0.0016794742173932,0.9939374676435636,1.020890805274624,69.0,0.0,69.0,69.0,0,25890,5383425
1.0074512121418464,0.0010446064303037,1.0038763373210866,1.0131645472136743,66.2,1.7888543819998317,65.0,69.0,0,25920,5383425
1.0075105461070335,0.0013256157500541,1.0030432691674374,1.0167355198590338,68.28571428571429,0.7559289460184545,67.0,69.0,0,25950,5383425
1.0071473515144862,0.0057648128236994,0.9585474061148358,1.0336578432978534,75.5,7.681145747868608,71.0,87.0,0,25980,5383425
1.006936671266874,0.0010075103004583,1.0031758649316729,1.0111531659179878,79.5,2.588435821108957,77.0,83.0,0,26010,5383425
1.0068900891936845,0.0010309220587967,1.0031440230272322,1.0094286159178418,67.5,0.8366600265340756,67.0,69.0,0,26040,5383425
1.0071347716349597,0.0021867945667676,0.9951954574734404,1.0299396998576713,67.0,0.0,67.0,67.0,0,26070,5383425
1.0068633569959238,0.0020189481809774,0.9970682108399304,1.014952147816817,67.83333333333333,0.408248290463863,67.0,68.0,0,26100,5383425
1.007138634357549,0.0012172433593246,0.9988217480631216,1.0106024813662788,66.16666666666667,1.834847859269718,64.0,69.0,0,26130,5383425
1.007123098201431,0.001078828424421,1.0037558873183958,1.010304820125941,67.2,0.4472135954999579,67.0,68.0,0,26160,5383425
1.0070894959111307,0.0014730057771266,0.99598534990067,1.014407461481401,65.33333333333333,0.816496580927726,65.0,67.0,0,26190,5383425
1.0068832523430924,0.0011212574064784,1.0032395844467512,1.012276903990425,70.0,2.0,67.0,72.0,0,26220,5383425
1.0028911664536213,0.0412936207341978,0.7715939431924735,1.2677547429439693,74.2,5.357238094391549,69.0,80.0,0,26250,5383425
0.9958067204353696,0.0011698742349722,0.9921661585006012,0.9989874157293374,84.16666666666667,9.988326519826366,64.0,90.0,0,26280,5383425
0.9956415326145756,0.0012352929422093,0.9925202270410614,0.9985654395373896,64.85714285714286,0.3779644730092272,64.0,65.0,0,26310,5383425
0.9952773799311307,0.0012100879013317,0.9920450553643518,0.998519364864052,67.2,1.3038404810405295,65.0,68.0,0,26340,5383425
0.9954360197376344,0.0012061068670947,0.9918592565649372,0.9990351491674204,68.0,1.095445115010332,67.0,69.0,0,26370,5383425
0.9953613755507128,0.0011660146857186,0.9920285297727732,0.9979875196982524,70.5,3.0166206257996717,67.0,74.0,0,26400,5383425
0.9953748670598936,0.0012150645562566,0.991755136561828,0.9997130618884452,67.83333333333333,0.408248290463863,67.0,68.0,0,26430,5383425
0.9953089089645952,0.0011186388785575,0.991806350049575,0.999061690201296,68.0,0.0,68.0,68.0,0,26460,5383425
0.9953966375942428,0.0011690391588268,0.9919810313757264,1.0005654089817566,68.2,0.4472135954999579,68.0,69.0,0,26490,5383425
0.9955472564791094,0.0013301555830648,0.992147926822704,1.0034808033346827,65.71428571428571,1.976047040118708,64.0,69.0,0,26520,5383425
0.995587375307162,0.0014223386958396,0.9919287171239172,1.007463079595178,68.0,1.8973665961010275,65.0,71.0,0,26550,5383425
0.9952764135896736,0.0013677929330833,0.9918059719976988,0.999928062205812,66.33333333333333,1.505545305418162,65.0,68.0,0,26580,5383425
0.9953427115682556,0.0015102376558809,0.9863648400466534,1.0054573566023075,69.66666666666667,2.3380903889000244,67.0,73.0,0,26610,5383425
0.9955024222445992,0.0013362581412541,0.992099540223636,1.000147816502556,68.4,0.5477225575051661,68.0,69.0,0,26640,5383425
0.9954318598827944,0.0012315503825508,0.9911172229413632,0.9983189274607188,66.0,1.5491933384829668,65.0,68.0,0,26670,5383425
0.9953163450400412,0.0015518338646279,0.9821638105028204,0.9997688788315278,65.0,0.0,65.0,65.0,0,26700,5383425
0.9954478101116958,0.0012481900942825,0.9910648035313028,0.9989513309485952,68.16666666666667,0.408248290463863,68.0,69.0,0,26730,5383425
0.995636858578224,0.0031643767860553,0.9559420999015422,1.0071157477043091,68.4,0.5477225575051661,68.0,69.0,0,26760,5383425
0.9954423456506072,0.0013353400720148,0.9911904203853616,0.9991943605892948,71.0,2.449489742783178,68.0,73.0,0,26790,5383425
0.9953938689014624,0.0012351993939043,0.9891694588128416,0.9991484302362988,71.33333333333333,1.96638416050035,69.0,73.0,0,26820,5383425
0.9953210700468936,0.0014942517373085,0.9900574657541148,1.0028723790514176,71.33333333333333,2.250925735484551,69.0,74.0,0,26850,5383425
0.995515873024938,0.0028579700581773,0.9662895883793896,1.0233118186385468,72.0,0.0,72.0,72.0,0,26880,5383425
0.994331785020838,0.035824175356287,0.7486376870396921,1.216253022753218,74.83333333333333,1.3291601358251257,73.0,76.0,0,26910,5383425
0.992158146051295,0.0027695284784297,0.9840063099595652,1.0060973635712898,77.83333333333333,3.65604522218567,72.0,83.0,0,26940,5383425
0.9916091320234136,0.0026884669371962,0.9846607691081736,1.0003951377471854,68.16666666666667,0.408248290463863,68.0,69.0,0,26970,5383425
0.9977762997001656,0.0652500991785112,0.687132124144178,1.9429479129539704,73.0,6.855654600401044,68.0,81.0,0,27000,5383425
0.9921010317914702,0.0024121450792289,0.983835251485781,0.9992732825371446,67.57142857142857,1.1338934190276817,65.0,68.0,0,27030,5383425
0.99214515164772,0.0023234327534825,0.98561495247453,1.0021987977899645,66.5,1.224744871391589,65.0,68.0,0,27060,5383425
0.99216367761443,0.0023627799333628,0.9857352879168778,1.0004992393799457,68.6,0.5477225575051661,68.0,69.0,0,27090,5383425
0.9922229567547418,0.0022260184720118,0.9864253088639708,0.99873458132233,67.83333333333333,1.602081978759722,65.0,69.0,0,27120,5383425
0.9922781370839602,0.0022201130579216,0.9859478797361096,0.9993464631628164,68.33333333333333,0.5163977794943223,68.0,69.0,0,27150,5383425
0.9921287138907996,0.0021979187327084,0.9869913379668028,0.9984948903931256,68.0,0.0,68.0,68.0,0,27180,5383425
0.9922138004663136,0.0026719522817302,0.9823878836428868,1.0093356962322,71.8,1.7888543819998317,69.0,73.0,0,27210,5383425
0.992378975215296,0.0023284490998182,0.986670981100534,0.9989682726766452,70.5,2.258317958127243,68.0,74.0,0,27240,5383425
0.9924788748020368,0.0023160321419002,0.9871760841886772,0.9992476076000932,70.0,2.0,68.0,73.0,0,27270,5383425
0.9923400666632648,0.0022267449804944,0.9854927175796532,0.999526719863061,68.16666666666667,0.408248290463863,68.0,69.0,0,27300,5383425
0.9926056951120704,0.0021752056413032,0.987133457418712,1.0000108585684355,67.0,1.6733200530681511,65.0,69.0,0,27330,5383425
0.9924485122987444,0.002242501806159,0.9870965755458684,0.9984632065197396,67.66666666666667,1.632993161855452,65.0,69.0,0,27360,5383425
0.9925634646030508,0.0023308479121833,0.98660382851669,0.999752079762863,69.66666666666667,1.505545305418162,68.0,71.0,0,27390,5383425
0.9925635246627142,0.0023186646118178,0.9849818087021404,0.9994240813643326,69.4,0.8944271909999159,69.0,71.0,0,27420,5383425
0.9925804714026714,0.0021792589847038,0.9853177118653555,0.998326785727444,67.33333333333333,1.96638416050035,65.0,69.0,0,27450,5383425
0.9925996390914792,0.0023618056319938,0.983267415478114,0.9999387239066502,70.4,2.8809720581775866,68.0,74.0,0,27480,5383425
0.9924654251758128,0.0022030060986864,0.9863071744907922,0.999051757199866,70.0,1.6733200530681511,69.0,73.0,0,27510,5383425
0.9925320803208836,0.0022645982876032,0.9871789888402256,0.9993493506370732,70.83333333333333,2.401388487243717,68.0,73.0,0,27540,5383425
0.9922801751694338,0.0023137882684745,0.9861089071729198,1.0015890982990978,71.66666666666667,1.7511900715418265,69.0,74.0,0,27570,5383425
0.9925563994298272,0.0023010957056445,0.9868482504943656,0.9995904954686344,70.33333333333333,1.8618986725025253,68.0,72.0,0,27600,5383425
0.9925965492501436,0.0023776244611595,0.9853632739400124,1.0000052717725492,72.33333333333333,0.816496580927726,72.0,74.0,0,27630,5383425
0.9925791055982892,0.002201474736043,0.9869856344842108,0.9994217223715072,71.8,1.9235384061671343,69.0,74.0,0,27660,5383425
0.992644977870496,0.002321421868745,0.9857936670711474,0.9989817235833496,70.0,1.4142135623730951,69.0,72.0,0,27690,5383425
0.9925908847772532,0.0021611259796156,0.9867841868443676,0.9987017779807694,70.33333333333333,3.669695718539436,68.0,76.0,0,27720,5383425
0.9926553441510296,0.0022526331706315,0.9869880656303552,1.0004576065062627,71.33333333333333,1.632993161855452,69.0,74.0,0,27750,5383425
0.9928057293700544,0.0022781749990474,0.9866337959582016,1.0013134524225569,70.5,3.331666249791536,68.0,77.0,0,27780,5383425
0.992750545098848,0.0022358976615013,0.9868892219613,0.9987902852363204,71.2,2.04939015319192,69.0,73.0,0,27810,5383425
0.99296484828854,0.0022911791391249,0.9857582480891094,1.0015461751068446,73.2,2.16794833886788,72.0,77.0,0,27840,5383425
0.9927016668625246,0.0024552649002463,0.9868399020363636,1.000255015662051,69.33333333333333,1.7511900715418265,68.0,72.0,0,27870,5383425
0.9929031962149576,0.0025639882883425,0.9848140310686176,1.00247688616419,71.0,1.8973665961010275,69.0,74.0,0,27900,5383425
0.9926074716614036,0.0022101019596019,0.9868002240633156,1.0004782112804456,68.6,0.5477225575051661,68.0,69.0,0,27930,5383425
0.992944068154034,0.0022527472061875,0.9871694672057784,0.9986912790561204,70.66666666666667,1.8618986725025253,68.0,73.0,0,27960,5383425
0.9929436008810668,0.0021253552897798,0.9868892219613,1.0015842813324,68.16666666666667,0.408248290463863,68.0,69.0,0,27990,5383425
0.9928069424482808,0.0022604812816592,0.9875533342674004,1.0002213593680451,68.66666666666667,1.2110601416389966,68.0,71.0,0,28020,5383425
0.992833812224012,0.0022263170795256,0.9846904788715132,0.999009954519018,66.16666666666667,1.3291601358251257,65.0,68.0,0,28050,5383425
0.9928550385724096,0.0022081519266372,0.9868702880048674,0.9992809331093434,68.4,0.5477225575051661,68.0,69.0,0,28080,5383425
0.9927506697220464,0.0022916381100213,0.9877720980032692,0.9994244241296188,70.2,1.6431676725154982,68.0,72.0,0,28110,5383425
0.9937496957733754,0.018252429135256,0.9692043767619758,1.304770979146214,69.33333333333333,2.875181153713043,65.0,73.0,0,28140,5383425
0.9928571969596828,0.002179446813899,0.9865250615333248,0.9998736299147508,67.66666666666667,0.5163977794943223,67.0,68.0,0,28170,5383425
0.99297018624011,0.0024148852436979,0.9860584694224324,1.001903569345643,68.16666666666667,0.408248290463863,68.0,69.0,0,28200,5383425
0.993185845578534,0.0022265015592824,0.9872263586209294,0.9995208229321488,67.5,1.224744871391589,65.0,68.0,0,28230,5383425
0.9930713262120104,0.0021903352874783,0.9859485311307736,1.0001293362328991,67.6,0.5477225575051661,67.0,68.0,0,28260,5383425
0.9930027071415004,0.0023119234043894,0.9865821108557056,1.0002213593680451,68.5,2.345207879911715,67.0,73.0,0,28290,5383425
0.9931160233400488,0.0021748877228929,0.9876649650306372,0.99899583594465,68.33333333333333,0.816496580927726,67.0,69.0,0,28320,5383425
0.9927825621672012,0.0023198824336728,0.9868612387325384,0.9999655608444172,68.33333333333333,0.5163977794943223,68.0,69.0,0,28350,5383425
0.992841331621118,0.0021470829253227,0.9872680409827364,0.9992400418312808,68.16666666666667,0.9831920802501752,67.0,69.0,0,28380,5383425
0.992948418748746,0.0021431981979501,0.9867145902350232,1.0004201761954774,70.0,2.449489742783178,67.0,73.0,0,28410,5383425
0.99303413680522,0.0022134954745142,0.9860135821900528,1.0001318643492016,69.33333333333333,1.7511900715418265,68.0,72.0,0,28440,5383425
0.9931485426099452,0.0022098747478769,0.9863345025836112,0.999134797845506,69.0,0.0,69.0,69.0,0,28470,5383425
0.9931620214372916,0.0023493758987659,0.9861454489489876,1.000537973527352,72.0,1.095445115010332,71.0,74.0,0,28500,5383425
0.99300776884006,0.0023372671448403,0.9872276300952024,1.0007437856793766,70.83333333333333,2.1369760566432805,69.0,74.0,0,28530,5383425
0.9930284274823948,0.0020828792047342,0.9869948884903762,0.9997377395817264,68.5,0.8366600265340756,67.0,69.0,0,28560,5383425
0.9934074692910914,0.0022365833886315,0.987653218205783,1.0006360347015142,70.2,1.7888543819998317,69.0,73.0,0,28590,5383425
0.9929146209435764,0.0024578630891104,0.9862760250933306,1.0002933406209502,70.66666666666667,1.96638416050035,69.0,73.0,0,28620,5383425
0.9929629661365054,0.0024914748388566,0.986311447361456,1.000407679812985,71.66666666666667,2.1602468994692865,69.0,74.0,0,28650,5383425
0.9932976933452158,0.0022045805771569,0.9869386547659688,1.00097447555659,70.16666666666667,1.834847859269718,68.0,73.0,0,28680,5383425
0.9932443291809762,0.0022649853567066,0.9876146990139524,1.0007046729039044,69.0,0.0,69.0,69.0,0,28710,5383425
0.9930597660689684,0.0023188235581363,0.9865571831258084,1.0017506178642916,71.71428571428571,2.5634797778466227,69.0,76.0,0,28740,5383425
0.9930562663368634,0.0023779402758081,0.987898463429218,1.0014864172492606,74.4,1.51657508881031,73.0,77.0,0,28770,5383425
0.9928986228126496,0.002522426530617,0.9830437800892644,1.0005856898552368,73.16666666666667,2.7868739954771304,71.0,78.0,0,28800,5383425
0.9926757272406632,0.0024109928952009,0.9859140604797154,1.003866658365054,70.66666666666667,3.386246693120078,68.0,77.0,0,28830,5383425
0.9923082893001643,0.0021002397676696,0.9875803356221357,1.0004444705306286,68.4,0.5477225575051661,68.0,69.0,0,28860,5383425
0.9926394722215668,0.002141390050113,0.9874040364574828,0.9992630713588988,67.5,1.51657508881031,65.0,69.0,0,28890,5383425
0.9924212000431768,0.0022454396147066,0.9857552045591492,0.997635365254826,69.16666666666667,1.8348478592697175,68.0,72.0,0,28920,5383425
0.992818132734762,0.0021807248850314,0.9843364740720064,0.9986079376046336,68.8,1.3038404810405295,68.0,71.0,0,28950,5383425
0.9927126570111864,0.0023679403112926,0.986703012526976,0.9997054712078604,71.16666666666667,0.408248290463863,71.0,72.0,0,28980,5383425
0.992508061050296,0.0022242465290569,0.9869286861933136,0.9982092247138072,69.5,1.224744871391589,68.0,71.0,0,29010,5383425
0.992246182264791,0.0022665710432645,0.9863397933696886,0.9984682257244294,69.5,1.6431676725154984,68.0,72.0,0,29040,5383425
0.9924028091747956,0.0022678295780767,0.986310740957002,0.999110581554284,69.2,1.095445115010332,68.0,71.0,0,29070,5383425
0.9925464796436028,0.0022716534342681,0.9858975327310086,0.9994684782940582,70.2,1.7888543819998317,69.0,73.0,0,29100,5383425
0.9924232443468944,0.0023827714022227,0.9864998442093844,0.9992367441773796,72.16666666666667,0.9831920802501752,71.0,74.0,0,29130,5383425
0.992586510942304,0.0023372096799594,0.9852792322688833,1.0001341583972525,70.66666666666667,1.505545305418162,69.0,73.0,0,29160,5383425
0.9923044247853884,0.0024937203849167,0.9851826356286686,1.000591049297379,73.0,0.0,73.0,73.0,0,29190,5383425
0.9924175695696726,0.0023489917733752,0.98738619787731,0.9995100352970648,71.83333333333333,0.408248290463863,71.0,72.0,54,29220,5383425
0.9925264633738,0.0022533850650531,0.9872128508615656,0.998373616793678,70.33333333333333,1.505545305418162,69.0,72.0,0,29250,5383425
0.9923497304916546,0.0023846707042845,0.9854149317331912,0.9991632173402604,71.83333333333333,0.7527726527090811,71.0,73.0,0,29280,5383425
0.9924346328719024,0.0021950377848141,0.98685213192756,0.9989906822488636,72.4,0.5477225575051661,72.0,73.0,0,29310,5383425
